name,type,category,capacity_mw,lat,lon,source
ACME Solar Tower,Power Plant (Solar),Thermal/Power Industry,2.5,28.1839,73.2407,WRI Power Database
ADITYA CEMENT WORKS,Power Plant (Coal),Thermal/Power Industry,98.0,24.7663,74.609,WRI Power Database
AES Saurashtra Windfarms,Power Plant (Wind),Thermal/Power Industry,39.2,21.9038,69.3732,WRI Power Database
AGARTALA GT,Power Plant (Gas),Thermal/Power Industry,135.0,23.8712,91.3602,WRI Power Database
AKALTARA TPP,Power Plant (Coal),Thermal/Power Industry,1800.0,21.9603,82.4091,WRI Power Database
AKRIMOTA LIG,Power Plant (Coal),Thermal/Power Industry,250.0,23.7689,68.6447,WRI Power Database
ALIYAR,Power Plant (Hydro),Thermal/Power Industry,60.0,10.4547,77.0078,WRI Power Database
ALLAIN DUHANGAN,Power Plant (Hydro),Thermal/Power Industry,192.0,32.2258,77.207,WRI Power Database
ALMATTI DAM,Power Plant (Hydro),Thermal/Power Industry,290.0,16.33,75.8863,WRI Power Database
AMAR KANTAK,Power Plant (Coal),Thermal/Power Industry,210.0,23.1642,81.6373,WRI Power Database
AMARAVATI TPP,Power Plant (Coal),Thermal/Power Industry,1350.0,21.0782,77.9009,WRI Power Database
ANANDPUR SAHIB ST-I&II,Power Plant (Hydro),Thermal/Power Industry,134.0,31.2717,76.4938,WRI Power Database
"ANAPARA ""C""",Power Plant (Coal),Thermal/Power Industry,1200.0,24.2007,82.8,WRI Power Database
ANDHRA,Power Plant (Hydro),Thermal/Power Industry,16.95,31.2412,77.8769,WRI Power Database
ANPARA,Power Plant (Coal),Thermal/Power Industry,2630.0,24.201,82.7891,WRI Power Database
ANTA GT,Power Plant (Gas),Thermal/Power Industry,419.33,25.1797,76.3188,WRI Power Database
ANUPPUR,Power Plant (Coal),Thermal/Power Industry,600.0,23.0666,81.7841,WRI Power Database
ANUPUR TPP,Power Plant (Coal),Thermal/Power Industry,1200.0,23.0655,81.7865,WRI Power Database
ARVINDNAGAR SUGAR,Power Plant (Biomass),Thermal/Power Industry,10.0,18.0845,76.1851,WRI Power Database
ASHOKNAGAR MILL,Power Plant (Biomass),Thermal/Power Industry,17.0,19.5867,74.7061,WRI Power Database
ATHANI SUGAR,Power Plant (Biomass),Thermal/Power Industry,24.0,16.7708,74.9191,WRI Power Database
AURAIYA GT,Power Plant (Gas),Thermal/Power Industry,652.0,26.6282,79.5286,WRI Power Database
AVANTHA BHANDAR TPP,Power Plant (Coal),Thermal/Power Industry,600.0,21.7438,83.2741,WRI Power Database
AWARPUR CEMENT PLANT,Power Plant (Coal),Thermal/Power Industry,46.0,19.7881,79.1518,WRI Power Database
Abhijeet,Power Plant (Solar),Thermal/Power Industry,50.0,26.8278,70.9197,WRI Power Database
Achampet,Power Plant (Solar),Thermal/Power Industry,5.5,16.3893,78.6621,WRI Power Database
Achampet Solarpack,Power Plant (Solar),Thermal/Power Industry,15.0,16.389,78.676,WRI Power Database
Achampet Suzlon,Power Plant (Solar),Thermal/Power Industry,15.0,16.407,78.7,WRI Power Database
Agaram A,Power Plant (Solar),Thermal/Power Industry,20.0,10.456,77.924,WRI Power Database
Agucha Mine,Power Plant (Solar),Thermal/Power Industry,22.0,25.842,74.758,WRI Power Database
Aitipamula,Power Plant (Solar),Thermal/Power Industry,15.0,17.208,79.326,WRI Power Database
Akkinepally,Power Plant (Solar),Thermal/Power Industry,10.0,17.265,79.208,WRI Power Database
Alampur Mytrah 1,Power Plant (Solar),Thermal/Power Industry,11.0,15.925,78.01,WRI Power Database
Alampur SP,Power Plant (Solar),Thermal/Power Industry,10.0,15.901,78.002,WRI Power Database
Alapur,Power Plant (Solar),Thermal/Power Industry,50.0,20.275,75.785,WRI Power Database
Alladurg,Power Plant (Solar),Thermal/Power Industry,11.0,17.947,77.925,WRI Power Database
Allahabad Rattan,Power Plant (Solar),Thermal/Power Industry,50.0,25.395,81.79,WRI Power Database
Alland,Power Plant (Solar),Thermal/Power Industry,20.0,17.636,76.389,WRI Power Database
Alote,Power Plant (Solar),Thermal/Power Industry,20.0,23.815,75.525,WRI Power Database
Amarpur Refex,Power Plant (Solar),Thermal/Power Industry,10.0,24.77,78.445,WRI Power Database
Amarpur Samavist,Power Plant (Solar),Thermal/Power Industry,10.0,24.765,78.45,WRI Power Database
Amarsar Solar Power Plant,Power Plant (Solar),Thermal/Power Industry,1.0,28.3615,74.2402,WRI Power Database
Amathur,Power Plant (Solar),Thermal/Power Industry,14.4,9.553,77.885,WRI Power Database
Ambosara,Power Plant (Solar),Thermal/Power Industry,80.0,20.905,85.925,WRI Power Database
Amla Nankar,Power Plant (Solar),Thermal/Power Industry,12.9,23.929,76.121,WRI Power Database
Anabura Wind Farm,Power Plant (Wind),Thermal/Power Industry,16.5,14.5751,76.3926,WRI Power Database
Anantapur Tata,Power Plant (Solar),Thermal/Power Industry,200.0,14.026,78.434,WRI Power Database
Ananthapur - Meil Solar Power Plant,Power Plant (Solar),Thermal/Power Industry,50.0,14.9455,77.687,WRI Power Database
Ananthasagar,Power Plant (Solar),Thermal/Power Industry,45.0,18.152,78.294,WRI Power Database
Andora,Power Plant (Solar),Thermal/Power Industry,20.0,18.275,76.31,WRI Power Database
Andrha Lake Wind Farm,Power Plant (Wind),Thermal/Power Industry,113.6,18.858,73.6396,WRI Power Database
Andur,Power Plant (Solar),Thermal/Power Industry,7.0,17.802,76.248,WRI Power Database
Angadi Raichur A,Power Plant (Solar),Thermal/Power Industry,7.0,17.074,77.557,WRI Power Database
Anikkadavu Wind Farm,Power Plant (Wind),Thermal/Power Industry,19.8,10.7245,77.1893,WRI Power Database
Apollo Chennai,Power Plant (Solar),Thermal/Power Industry,10.0,12.857,79.944,WRI Power Database
Arasadi,Power Plant (Solar),Thermal/Power Industry,10.0,8.8881,78.0644,WRI Power Database
Arasinagundi Wind Farm,Power Plant (Wind),Thermal/Power Industry,13.2,14.4791,76.3482,WRI Power Database
Arvapally Mytrah 1,Power Plant (Solar),Thermal/Power Industry,8.0,17.354,79.586,WRI Power Database
Arvapally Mytrah 2,Power Plant (Solar),Thermal/Power Industry,15.0,17.355,79.591,WRI Power Database
Askandra - DREPL Solar Power Plant,Power Plant (Solar),Thermal/Power Industry,5.0,27.3473,71.6917,WRI Power Database
Askandra - Electromech Maritech Solar Power Plant,Power Plant (Solar),Thermal/Power Industry,5.0,27.36,71.6918,WRI Power Database
Askandra - Finehope Solar Power Plant,Power Plant (Solar),Thermal/Power Industry,5.0,27.3632,71.6918,WRI Power Database
Askandra - Khaya Solar Power Plant,Power Plant (Solar),Thermal/Power Industry,5.0,27.3661,71.6916,WRI Power Database
Askandra - Newton Solar Power Plant,Power Plant (Solar),Thermal/Power Industry,5.0,27.3537,71.6917,WRI Power Database
Askandra - Saidham Solar Power Plant,Power Plant (Solar),Thermal/Power Industry,5.0,27.3504,71.6918,WRI Power Database
Askandra - Vasavi Solar Power Plant,Power Plant (Solar),Thermal/Power Industry,5.0,27.3566,71.6917,WRI Power Database
Assan,Power Plant (Solar),Thermal/Power Industry,10.0,29.415,76.885,WRI Power Database
Azhagapuri,Power Plant (Solar),Thermal/Power Industry,5.0,11.1936,78.4584,WRI Power Database
BADARPUR,Power Plant (Coal),Thermal/Power Industry,705.0,28.506,77.3066,WRI Power Database
BAGALKOT ICP,Power Plant (Biomass),Thermal/Power Industry,28.0,16.2804,75.225,WRI Power Database
BAGLIHAR HEP,Power Plant (Hydro),Thermal/Power Industry,450.0,33.1815,75.3155,WRI Power Database
BAIRA SIUL,Power Plant (Hydro),Thermal/Power Industry,180.0,32.8063,76.1418,WRI Power Database
BAKRESWAR,Power Plant (Coal),Thermal/Power Industry,1050.0,23.8285,87.4513,WRI Power Database
BALIMELA,Power Plant (Hydro),Thermal/Power Industry,510.0,18.1396,82.1221,WRI Power Database
BALLARPUR BILT POWER,Power Plant (Coal),Thermal/Power Industry,67.5,19.8601,79.3421,WRI Power Database
BAMANIA CEMENT,Power Plant (Coal),Thermal/Power Industry,10.0,24.6929,74.689,WRI Power Database
BANDAKHAR TPP,Power Plant (Coal),Thermal/Power Industry,300.0,22.3421,82.4305,WRI Power Database
BANDEL,Power Plant (Coal),Thermal/Power Industry,335.0,22.9956,88.4042,WRI Power Database
BANER,Power Plant (Hydro),Thermal/Power Industry,12.0,32.1686,76.4695,WRI Power Database
BANSAGAR (I),Power Plant (Hydro),Thermal/Power Industry,315.0,24.1917,81.2875,WRI Power Database
BANSAGAR (II),Power Plant (Hydro),Thermal/Power Industry,30.0,24.1917,81.2875,WRI Power Database
BANSAGAR (III),Power Plant (Hydro),Thermal/Power Industry,60.0,24.1917,81.2875,WRI Power Database
BANSAGAR (IV),Power Plant (Hydro),Thermal/Power Industry,20.0,24.223,81.2747,WRI Power Database
BANSWARA CEMENT,Power Plant (Coal),Thermal/Power Industry,20.0,23.6026,74.2562,WRI Power Database
BARADARHA TPP,Power Plant (Coal),Thermal/Power Industry,1200.0,21.9114,83.1889,WRI Power Database
BARAMURA,Power Plant (Gas),Thermal/Power Industry,42.0,23.807,91.565,WRI Power Database
BARAUNI,Power Plant (Coal),Thermal/Power Industry,720.0,25.3999,86.0218,WRI Power Database
BARGI,Power Plant (Hydro),Thermal/Power Industry,90.0,22.9417,79.925,WRI Power Database
BARH STPP II,Power Plant (Coal),Thermal/Power Industry,1320.0,25.4865,85.7452,WRI Power Database
BARKHERA TPP,Power Plant (Coal),Thermal/Power Industry,90.0,28.4723,79.8066,WRI Power Database
BARSINGAR LIGNITE,Power Plant (Coal),Thermal/Power Industry,250.0,27.8453,73.2,WRI Power Database
BASIN BRIDGE GT,Power Plant (Gas),Thermal/Power Industry,120.0,13.1021,80.2682,WRI Power Database
BASPA,Power Plant (Hydro),Thermal/Power Industry,300.0,31.4306,78.241,WRI Power Database
BASSI,Power Plant (Hydro),Thermal/Power Industry,66.0,31.9546,76.7986,WRI Power Database
BEL Chikhalhol Wind Farm,Power Plant (Wind),Thermal/Power Industry,20.0,17.3816,74.5345,WRI Power Database
BELA NAGPUR,Power Plant (Coal),Thermal/Power Industry,270.0,20.805,79.0547,WRI Power Database
BELGAUM UGAR,Power Plant (Biomass),Thermal/Power Industry,22.8,16.6505,74.8209,WRI Power Database
BELLAD-BAGEWADI,Power Plant (Biomass),Thermal/Power Industry,15.0,16.2774,74.7111,WRI Power Database
BELLARY HOTHUR,Power Plant (Coal),Thermal/Power Industry,10.0,15.1831,76.7909,WRI Power Database
BELLARY JANKI,Power Plant (Coal),Thermal/Power Industry,18.0,15.1777,77.1036,WRI Power Database
BELLARY TPS,Power Plant (Coal),Thermal/Power Industry,1700.0,15.1932,76.7195,WRI Power Database
BHADRA,Power Plant (Hydro),Thermal/Power Industry,26.0,13.7008,75.6373,WRI Power Database
BHADRAVATI MILL,Power Plant (Coal),Thermal/Power Industry,41.0,13.8274,75.7131,WRI Power Database
BHAKRA,Power Plant (Hydro),Thermal/Power Industry,1379.0,31.4107,76.4328,WRI Power Database
BHANDARA STEEL MILL,Power Plant (Coal),Thermal/Power Industry,15.0,21.232,79.6311,WRI Power Database
BHANDARA VARAM,Power Plant (Biomass),Thermal/Power Industry,10.0,21.0813,79.7708,WRI Power Database
BHANDARDHARA,Power Plant (Hydro),Thermal/Power Industry,34.0,19.5555,73.8087,WRI Power Database
BHATGARH,Power Plant (Hydro),Thermal/Power Industry,16.0,18.1012,73.7252,WRI Power Database
BHATSA,Power Plant (Hydro),Thermal/Power Industry,15.0,19.5132,73.4173,WRI Power Database
BHAVNAGAR TPP,Power Plant (Coal),Thermal/Power Industry,500.0,21.5837,72.2222,WRI Power Database
BHAWANI KATTALAI -II,Power Plant (Hydro),Thermal/Power Industry,30.0,11.331,77.758,WRI Power Database
BHAWANI KATTALAI -III,Power Plant (Hydro),Thermal/Power Industry,30.0,11.2428,77.8659,WRI Power Database
BHAWANI KATTALAI BARRAGE,Power Plant (Hydro),Thermal/Power Industry,30.0,11.3842,77.7145,WRI Power Database
BHIGWAN MILL,Power Plant (Coal),Thermal/Power Industry,30.0,18.2416,74.7529,WRI Power Database
BHILAI TPP,Power Plant (Coal),Thermal/Power Industry,500.0,21.184,81.4237,WRI Power Database
BHIRA,Power Plant (Hydro),Thermal/Power Industry,300.0,18.455,73.3907,WRI Power Database
BHIRA TAIL RACE,Power Plant (Hydro),Thermal/Power Industry,80.0,18.4426,73.3498,WRI Power Database
BHIVPURI,Power Plant (Hydro),Thermal/Power Industry,75.0,18.9368,73.4527,WRI Power Database
BHUSAWAL,Power Plant (Coal),Thermal/Power Industry,1210.0,21.0483,75.8425,WRI Power Database
BILIYAKALAN PLANT,Power Plant (Biomass),Thermal/Power Industry,10.0,25.2267,74.6216,WRI Power Database
BINA REFINERY,Power Plant (Coal),Thermal/Power Industry,99.0,24.2508,78.1606,WRI Power Database
BINA TPP,Power Plant (Coal),Thermal/Power Industry,500.0,23.3172,78.1336,WRI Power Database
BINANI CEMENT PLANT,Power Plant (Coal),Thermal/Power Industry,69.6,24.8263,73.0901,WRI Power Database
BINJKOTE,Power Plant (Coal),Thermal/Power Industry,600.0,22.0103,83.2058,WRI Power Database
BINWA,Power Plant (Hydro),Thermal/Power Industry,6.0,32.1121,76.6537,WRI Power Database
BIRSINGHPUR,Power Plant (Hydro),Thermal/Power Industry,20.0,23.3256,81.0333,WRI Power Database
BOKARO A ''EXP'',Power Plant (Coal),Thermal/Power Industry,500.0,23.6783,86.0888,WRI Power Database
BOKARO B,Power Plant (Coal),Thermal/Power Industry,210.0,23.785,85.88,WRI Power Database
BONGAIGAON TPP,Power Plant (Coal),Thermal/Power Industry,750.0,26.5145,90.5287,WRI Power Database
BP Brahmanvel Wind Farm,Power Plant (Wind),Thermal/Power Industry,40.0,21.2083,74.1543,WRI Power Database
BRAMHAPURAM DG,Power Plant (Oil),Thermal/Power Industry,60.0,9.9975,76.3744,WRI Power Database
BSES Kerala CCGT,Power Plant (Gas),Thermal/Power Industry,165.0,10.074,76.3188,WRI Power Database
BUDGE BUDGE,Power Plant (Coal),Thermal/Power Industry,750.0,22.4673,88.14,WRI Power Database
BUDHIL,Power Plant (Hydro),Thermal/Power Industry,70.0,32.4584,76.532,WRI Power Database
BUTIBORI PLANT,Power Plant (Oil),Thermal/Power Industry,81.5,20.9225,78.9535,WRI Power Database
BUTIBORI TPP -II,Power Plant (Coal),Thermal/Power Industry,600.0,20.9286,78.9333,WRI Power Database
Bableshwar wind-solar,Power Plant (Solar),Thermal/Power Industry,28.8,16.968,76.256,WRI Power Database
Badal,Power Plant (Solar),Thermal/Power Industry,15.0,30.068,74.671,WRI Power Database
Badanpur,Power Plant (Solar),Thermal/Power Industry,50.0,25.364,78.307,WRI Power Database
Bagalkot,Power Plant (Solar),Thermal/Power Industry,10.0,16.46,75.25,WRI Power Database
Bahadaurgarh Jandian,Power Plant (Solar),Thermal/Power Industry,50.0,30.1547,74.6909,WRI Power Database
Bahadur Khera,Power Plant (Solar),Thermal/Power Industry,25.0,30.115,74.346,WRI Power Database
Bahraich,Power Plant (Solar),Thermal/Power Industry,10.0,27.75,81.49,WRI Power Database
Bakhora Kalan,Power Plant (Solar),Thermal/Power Industry,25.0,29.857,75.807,WRI Power Database
Balanagar,Power Plant (Solar),Thermal/Power Industry,50.0,16.943,78.131,WRI Power Database
Bamani Solar Power Plant,Power Plant (Solar),Thermal/Power Industry,1.0,18.0791,76.1807,WRI Power Database
Bamanwali Solar Power Plant,Power Plant (Solar),Thermal/Power Industry,1.0,28.3683,73.5286,WRI Power Database
Bandapalli,Power Plant (Solar),Thermal/Power Industry,10.0,13.305,79.12,WRI Power Database
Bandarupalli A,Power Plant (Solar),Thermal/Power Industry,15.0,18.028,78.788,WRI Power Database
Bannari Amman Spinning Mills Wind Power Project,Power Plant (Wind),Thermal/Power Industry,11.2,10.7389,77.416,WRI Power Database
Bansakra,Power Plant (Solar),Thermal/Power Industry,50.0,21.665,81.735,WRI Power Database
Banwala,Power Plant (Solar),Thermal/Power Industry,25.0,30.013,74.602,WRI Power Database
Bap - GIS 1-2 Solar Power Plant,Power Plant (Solar),Thermal/Power Industry,15.0,27.3827,72.3188,WRI Power Database
Bap - GIS 3 Solar Power Plant,Power Plant (Solar),Thermal/Power Industry,10.0,27.3893,72.3134,WRI Power Database
Bap - OPG Solar Power Plant,Power Plant (Solar),Thermal/Power Industry,5.0,27.3525,72.3554,WRI Power Database
Bap - Punj Lloyd Solar Power Plant,Power Plant (Solar),Thermal/Power Industry,5.0,27.3851,72.3042,WRI Power Database
Bap PL,Power Plant (Solar),Thermal/Power Industry,5.0,27.483,72.388,WRI Power Database
Bapodar - Hiraco Solar Power Plant,Power Plant (Solar),Thermal/Power Industry,20.0,21.5967,69.843,WRI Power Database
Bapodar - MBEDL Solar Power Plant,Power Plant (Solar),Thermal/Power Industry,15.0,21.6024,69.8441,WRI Power Database
Baran,Power Plant (Solar),Thermal/Power Industry,26.3,25.06,76.38,WRI Power Database
Bareta,Power Plant (Solar),Thermal/Power Industry,25.0,29.876,75.669,WRI Power Database
Bari Seer AG,Power Plant (Solar),Thermal/Power Industry,20.0,27.497,72.402,WRI Power Database
Bari Seer AM,Power Plant (Solar),Thermal/Power Industry,20.0,27.493,72.398,WRI Power Database
Bari Seer AR,Power Plant (Solar),Thermal/Power Industry,20.0,27.488,72.401,WRI Power Database
Bari Seer Medha,Power Plant (Solar),Thermal/Power Industry,20.0,27.494,72.416,WRI Power Database
Bari Seer Ranji,Power Plant (Solar),Thermal/Power Industry,20.0,27.5,72.422,WRI Power Database
Baroo A,Power Plant (Solar),Thermal/Power Industry,20.0,27.36,71.961,WRI Power Database
Barre,Power Plant (Solar),Thermal/Power Industry,10.5,29.876,75.477,WRI Power Database
Barsinga Solaire,Power Plant (Solar),Thermal/Power Industry,5.0,27.4273,72.3885,WRI Power Database
Basavanahalli,Power Plant (Solar),Thermal/Power Industry,10.0,14.022,77.044,WRI Power Database
Basawaipalli,Power Plant (Solar),Thermal/Power Industry,4.4,16.623,77.89,WRI Power Database
Bavadi Barsingha - Giriraj Solar Power Plant,Power Plant (Solar),Thermal/Power Industry,36.3,27.4387,72.3245,WRI Power Database
Bavadi Barsingha - LEPL Solar Power Plant,Power Plant (Solar),Thermal/Power Industry,10.0,27.4523,72.3388,WRI Power Database
Beas,Power Plant (Solar),Thermal/Power Industry,7.6,31.5462,75.3318,WRI Power Database
Beechiganipalle,Power Plant (Solar),Thermal/Power Industry,10.0,13.944,77.518,WRI Power Database
Beeragondanahalli,Power Plant (Solar),Thermal/Power Industry,50.0,14.175,75.725,WRI Power Database
Behbalpur,Power Plant (Solar),Thermal/Power Industry,4.0,30.515,76.27,WRI Power Database
Belagau Wind Farm,Power Plant (Wind),Thermal/Power Industry,1.0,26.7272,70.8304,WRI Power Database
Belagwi Wind Turbines,Power Plant (Wind),Thermal/Power Industry,1.7,16.4961,74.5417,WRI Power Database
Belakavadi,Power Plant (Solar),Thermal/Power Industry,5.0,12.2549,77.1167,WRI Power Database
Belgaum Gadag Wind Farm,Power Plant (Wind),Thermal/Power Industry,24.8,15.4038,75.5625,WRI Power Database
Belgaum Wind farm,Power Plant (Wind),Thermal/Power Industry,50.4,15.9349,74.7007,WRI Power Database
Bellagurai,Power Plant (Solar),Thermal/Power Industry,40.0,15.775,76.85,WRI Power Database
Bellampally,Power Plant (Solar),Thermal/Power Industry,15.0,19.02,79.42,WRI Power Database
Bellari,Power Plant (Solar),Thermal/Power Industry,30.0,15.025,76.805,WRI Power Database
Bemalkheda,Power Plant (Solar),Thermal/Power Industry,10.0,17.642,77.418,WRI Power Database
Bera Wind Farm,Power Plant (Wind),Thermal/Power Industry,150.0,23.0544,68.8782,WRI Power Database
Betwasiya,Power Plant (Solar),Thermal/Power Industry,5.0,26.789,72.938,WRI Power Database
BhSP1,Power Plant (Solar),Thermal/Power Industry,420.0,27.491,71.961,WRI Power Database
BhSP1} Fortum,Power Plant (Solar),Thermal/Power Industry,70.0,27.484,71.957,WRI Power Database
BhSP1} RSE1,Power Plant (Solar),Thermal/Power Industry,70.0,27.492,71.948,WRI Power Database
BhSP1} RSE2,Power Plant (Solar),Thermal/Power Industry,70.0,27.489,71.958,WRI Power Database
BhSP1} SD1,Power Plant (Solar),Thermal/Power Industry,70.0,27.478,71.954,WRI Power Database
BhSP1} SD2,Power Plant (Solar),Thermal/Power Industry,70.0,27.467,71.96,WRI Power Database
BhSP1} Yarrow,Power Plant (Solar),Thermal/Power Industry,70.0,27.472,71.96,WRI Power Database
BhSP2,Power Plant (Solar),Thermal/Power Industry,260.0,27.491,71.961,WRI Power Database
BhSP2} Jakson,Power Plant (Solar),Thermal/Power Industry,65.0,27.492,71.904,WRI Power Database
BhSP2} Tata,Power Plant (Solar),Thermal/Power Industry,65.0,27.496,71.953,WRI Power Database
BhSP2} Vikram A,Power Plant (Solar),Thermal/Power Industry,65.0,27.498,71.92,WRI Power Database
BhSP2} Vikram B,Power Plant (Solar),Thermal/Power Industry,65.0,27.498,71.92,WRI Power Database
BhSP3,Power Plant (Solar),Thermal/Power Industry,560.0,27.491,71.961,WRI Power Database
BhSP3} Acme,Power Plant (Solar),Thermal/Power Industry,200.0,27.517,71.964,WRI Power Database
BhSP3} SBG,Power Plant (Solar),Thermal/Power Industry,360.0,27.507,71.974,WRI Power Database
BhSP4,Power Plant (Solar),Thermal/Power Industry,210.0,27.491,71.961,WRI Power Database
BhSP4} Avaada,Power Plant (Solar),Thermal/Power Industry,60.0,27.486,71.978,WRI Power Database
BhSP4} Phelan,Power Plant (Solar),Thermal/Power Industry,50.0,27.467,71.975,WRI Power Database
BhSP4} SBG,Power Plant (Solar),Thermal/Power Industry,100.0,27.47,71.988,WRI Power Database
BhSP} Arjun,Power Plant (Solar),Thermal/Power Industry,5.0,27.5407,71.9142,WRI Power Database
BhSP} Energo,Power Plant (Solar),Thermal/Power Industry,10.0,27.528,71.932,WRI Power Database
BhSP} Essel,Power Plant (Solar),Thermal/Power Industry,20.0,27.519,71.931,WRI Power Database
BhSP} Roha,Power Plant (Solar),Thermal/Power Industry,27.6,27.541,71.921,WRI Power Database
BhSP} Sidhi,Power Plant (Solar),Thermal/Power Industry,5.5,27.541,71.916,WRI Power Database
BhSP} Star,Power Plant (Solar),Thermal/Power Industry,5.0,27.526,71.935,WRI Power Database
BhSP} Sungold,Power Plant (Solar),Thermal/Power Industry,5.0,27.5409,71.9114,WRI Power Database
Bhadrada,Power Plant (Solar),Thermal/Power Industry,5.0,23.678,71.563,WRI Power Database
Bhadrada Solar Power Plant,Power Plant (Solar),Thermal/Power Industry,5.0,23.6688,71.5782,WRI Power Database
Bhagavathikere,Power Plant (Solar),Thermal/Power Industry,10.0,14.074,76.72,WRI Power Database
Bhagwanpura,Power Plant (Solar),Thermal/Power Industry,106.0,24.688,75.13,WRI Power Database
Bhainsa Suzlon,Power Plant (Solar),Thermal/Power Industry,15.0,19.135,77.985,WRI Power Database
Bhalki,Power Plant (Solar),Thermal/Power Industry,20.0,18.082,77.13,WRI Power Database
Bhambuo Ki Dhani,Power Plant (Solar),Thermal/Power Industry,5.0,26.744,72.983,WRI Power Database
Bhat Khedi Wind Farm,Power Plant (Wind),Thermal/Power Industry,98.7,23.6756,75.0565,WRI Power Database
Bhatakumarada,Power Plant (Solar),Thermal/Power Industry,40.0,19.43,84.895,WRI Power Database
Bhatkota Solar Power Plant,Power Plant (Solar),Thermal/Power Industry,3.0,23.5594,73.286,WRI Power Database
Bhensarwas,Power Plant (Solar),Thermal/Power Industry,51.0,24.525,77.62,WRI Power Database
Bhetanai-Bhejiput,Power Plant (Solar),Thermal/Power Industry,40.0,19.665,84.73,WRI Power Database
Bhonigir Acme,Power Plant (Solar),Thermal/Power Industry,50.0,17.595,78.82,WRI Power Database
Bibiyapur,Power Plant (Solar),Thermal/Power Industry,10.0,27.587,79.731,WRI Power Database
Bid Madhopur,Power Plant (Solar),Thermal/Power Industry,5.0,23.946,76.031,WRI Power Database
Bid Pipalya,Power Plant (Solar),Thermal/Power Industry,5.0,23.942,76.039,WRI Power Database
Bidar C,Power Plant (Solar),Thermal/Power Industry,15.0,17.7763,77.4391,WRI Power Database
Bidar D,Power Plant (Solar),Thermal/Power Industry,8.0,17.774,77.463,WRI Power Database
Bidar E,Power Plant (Solar),Thermal/Power Industry,15.0,17.925,77.368,WRI Power Database
Bidar Rural,Power Plant (Solar),Thermal/Power Industry,20.0,17.92,77.378,WRI Power Database
Bijapur Essel 3,Power Plant (Solar),Thermal/Power Industry,5.0,16.872,75.712,WRI Power Database
Bindpuri,Power Plant (Solar),Thermal/Power Industry,5.0,25.906,79.917,WRI Power Database
Birami,Power Plant (Solar),Thermal/Power Industry,30.0,25.337,73.221,WRI Power Database
Birmani JBGC,Power Plant (Solar),Thermal/Power Industry,5.0,25.27,77.19,WRI Power Database
Birmani RGP,Power Plant (Solar),Thermal/Power Industry,8.0,25.275,77.19,WRI Power Database
Birmani SRI,Power Plant (Solar),Thermal/Power Industry,5.0,25.28,77.19,WRI Power Database
Bithuja,Power Plant (Solar),Thermal/Power Industry,5.2,25.8038,72.2886,WRI Power Database
Bitta Solar Power Plant,Power Plant (Solar),Thermal/Power Industry,40.0,23.2579,69.0255,WRI Power Database
Bodhare,Power Plant (Solar),Thermal/Power Industry,50.0,20.375,75.04,WRI Power Database
Boha Solar Power Plant,Power Plant (Solar),Thermal/Power Industry,4.2,29.8504,75.49,WRI Power Database
Boinpally,Power Plant (Solar),Thermal/Power Industry,9.0,16.742,78.357,WRI Power Database
Bolangir,Power Plant (Solar),Thermal/Power Industry,25.0,20.553,83.371,WRI Power Database
Bonada Solar Power Plant,Power Plant (Solar),Thermal/Power Industry,1.0,26.5249,71.5212,WRI Power Database
Boram Palli,Power Plant (Solar),Thermal/Power Industry,20.0,14.577,77.186,WRI Power Database
Boya,Power Plant (Solar),Thermal/Power Industry,10.0,25.168,73.25,WRI Power Database
Byadagi,Power Plant (Solar),Thermal/Power Industry,20.0,14.673,75.514,WRI Power Database
CHAKABURA TPP,Power Plant (Coal),Thermal/Power Industry,60.0,22.3932,82.5532,WRI Power Database
CHAMERA II,Power Plant (Hydro),Thermal/Power Industry,300.0,32.4734,76.2552,WRI Power Database
CHAMERA-I,Power Plant (Hydro),Thermal/Power Industry,540.0,32.5966,75.9857,WRI Power Database
CHAMERA-III,Power Plant (Hydro),Thermal/Power Industry,231.0,32.4733,76.44,WRI Power Database
CHANDA CEMENT WORKS,Power Plant (Coal),Thermal/Power Industry,40.0,19.9213,79.1133,WRI Power Database
CHANDERIA CEMENT WORKS,Power Plant (Coal),Thermal/Power Industry,35.0,24.9293,74.6367,WRI Power Database
CHANDERIA SMELTER,Power Plant (Coal),Thermal/Power Industry,234.0,24.9637,74.6656,WRI Power Database
CHANDRAPUR GUPTA,Power Plant (Coal),Thermal/Power Industry,120.0,19.93,79.1346,WRI Power Database
CHANDRAPUR MANIKGHAR,Power Plant (Coal),Thermal/Power Industry,10.0,19.7218,79.1757,WRI Power Database
CHANDRAPURA,Power Plant (Coal),Thermal/Power Industry,630.0,23.7376,86.1273,WRI Power Database
CHANDRAPUR_Coal,Power Plant (Coal),Thermal/Power Industry,2920.0,20.0063,79.29,WRI Power Database
CHANJU-I,Power Plant (Hydro),Thermal/Power Industry,36.0,32.7369,76.2477,WRI Power Database
CHEMBUKADAVU-II,Power Plant (Hydro),Thermal/Power Industry,3.75,11.4645,76.0376,WRI Power Database
CHENANI I to III,Power Plant (Hydro),Thermal/Power Industry,32.8,32.9578,75.1705,WRI Power Database
CHHABRA TPS,Power Plant (Coal),Thermal/Power Industry,2320.0,24.6217,77.0357,WRI Power Database
CHIBRO (YAMUNA),Power Plant (Hydro),Thermal/Power Industry,240.0,30.5559,77.7915,WRI Power Database
CHILLA,Power Plant (Hydro),Thermal/Power Industry,144.0,29.976,78.2203,WRI Power Database
CHUTAK,Power Plant (Hydro),Thermal/Power Industry,44.0,34.4903,76.1137,WRI Power Database
CHUZACHEN,Power Plant (Hydro),Thermal/Power Industry,110.0,27.2093,88.6659,WRI Power Database
CORE GREEN SUGAR,Power Plant (Biomass),Thermal/Power Industry,24.0,16.5471,77.0825,WRI Power Database
ChSP} AES,Power Plant (Solar),Thermal/Power Industry,14.9,23.908,71.212,WRI Power Database
ChSP} Alex,Power Plant (Solar),Thermal/Power Industry,25.1,23.915,71.217,WRI Power Database
ChSP} Astra Solren I,Power Plant (Solar),Thermal/Power Industry,40.0,23.92,71.18,WRI Power Database
ChSP} Astra Solren II,Power Plant (Solar),Thermal/Power Industry,25.0,23.926,71.214,WRI Power Database
ChSP} Avtar,Power Plant (Solar),Thermal/Power Industry,5.0,23.916,71.1922,WRI Power Database
ChSP} Emami,Power Plant (Solar),Thermal/Power Industry,10.1,23.9021,71.2015,WRI Power Database
ChSP} GAC,Power Plant (Solar),Thermal/Power Industry,15.0,23.908,71.216,WRI Power Database
ChSP} GIPCL B4a,Power Plant (Solar),Thermal/Power Industry,40.0,23.904,71.184,WRI Power Database
ChSP} GIPCL B4b,Power Plant (Solar),Thermal/Power Industry,40.0,23.911,71.185,WRI Power Database
ChSP} GMR,Power Plant (Solar),Thermal/Power Industry,25.0,23.9027,71.1935,WRI Power Database
ChSP} GPC,Power Plant (Solar),Thermal/Power Industry,5.0,23.8892,71.2049,WRI Power Database
ChSP} GSPC,Power Plant (Solar),Thermal/Power Industry,5.0,23.8829,71.1915,WRI Power Database
ChSP} Kindle,Power Plant (Solar),Thermal/Power Industry,50.0,23.903,71.233,WRI Power Database
ChSP} Kiran,Power Plant (Solar),Thermal/Power Industry,20.1,23.901,71.215,WRI Power Database
ChSP} Lanco,Power Plant (Solar),Thermal/Power Industry,15.0,23.911,71.194,WRI Power Database
ChSP} MB,Power Plant (Solar),Thermal/Power Industry,25.0,23.908,71.222,WRI Power Database
ChSP} NKG,Power Plant (Solar),Thermal/Power Industry,10.0,23.8994,71.1935,WRI Power Database
ChSP} NSM_P2B4 GJ-O5/001,Power Plant (Solar),Thermal/Power Industry,50.0,23.883,71.195,WRI Power Database
ChSP} NSM_P2B4 GJ-O6/001,Power Plant (Solar),Thermal/Power Industry,50.0,23.894,71.188,WRI Power Database
ChSP} NSM_P2B4 GJ-O7/001,Power Plant (Solar),Thermal/Power Industry,50.0,23.907,71.199,WRI Power Database
ChSP} Orange B4,Power Plant (Solar),Thermal/Power Industry,40.0,23.893,71.197,WRI Power Database
ChSP} Palace,Power Plant (Solar),Thermal/Power Industry,15.0,23.9091,71.2107,WRI Power Database
ChSP} Renew B4,Power Plant (Solar),Thermal/Power Industry,40.0,23.909,71.205,WRI Power Database
ChSP} Roha,Power Plant (Solar),Thermal/Power Industry,25.0,23.9145,71.189,WRI Power Database
ChSP} SJVNL,Power Plant (Solar),Thermal/Power Industry,25.0,23.897,71.225,WRI Power Database
ChSP} SJVNL1,Power Plant (Solar),Thermal/Power Industry,5.0,23.897,71.22,WRI Power Database
ChSP} SJVNL2,Power Plant (Solar),Thermal/Power Industry,20.0,23.897,71.225,WRI Power Database
ChSP} Sun Clean,Power Plant (Solar),Thermal/Power Industry,6.0,23.895,71.222,WRI Power Database
ChSP} SunEdison,Power Plant (Solar),Thermal/Power Industry,25.0,23.9,71.209,WRI Power Database
ChSP} Surana,Power Plant (Solar),Thermal/Power Industry,5.0,23.8896,71.2065,WRI Power Database
ChSP} Tata,Power Plant (Solar),Thermal/Power Industry,25.0,23.929,71.206,WRI Power Database
ChSP} Torrent,Power Plant (Solar),Thermal/Power Industry,51.0,23.893,71.211,WRI Power Database
ChSP} Yantra,Power Plant (Solar),Thermal/Power Industry,4.9,23.8929,71.205,WRI Power Database
ChSP} ZF,Power Plant (Solar),Thermal/Power Industry,5.0,23.9033,71.209,WRI Power Database
Chadiyana 10,Power Plant (Solar),Thermal/Power Industry,10.0,23.695,71.566,WRI Power Database
Chadiyana 5,Power Plant (Solar),Thermal/Power Industry,5.0,23.6924,71.5682,WRI Power Database
Chagi,Power Plant (Solar),Thermal/Power Industry,39.0,15.524,77.266,WRI Power Database
Chahitara,Power Plant (Solar),Thermal/Power Industry,20.0,25.558,80.332,WRI Power Database
Challakere,Power Plant (Solar),Thermal/Power Industry,10.0,14.2,76.69,WRI Power Database
Chamrajanagara,Power Plant (Solar),Thermal/Power Industry,20.0,11.895,76.935,WRI Power Database
Chandapur,Power Plant (Solar),Thermal/Power Industry,10.0,14.965,75.186,WRI Power Database
Chandrapur Solar Power Plant,Power Plant (Solar),Thermal/Power Industry,5.0,20.0209,79.2712,WRI Power Database
Channapatanna,Power Plant (Solar),Thermal/Power Industry,20.0,12.696,77.108,WRI Power Database
Charanka Solar Power Plant,Power Plant (Solar),Thermal/Power Industry,221.0,23.907,71.1881,WRI Power Database
Chatgaon Telgaon,Power Plant (Solar),Thermal/Power Industry,50.0,18.97,76.215,WRI Power Database
Chegunta,Power Plant (Solar),Thermal/Power Industry,7.0,18.039,78.454,WRI Power Database
Chengam,Power Plant (Solar),Thermal/Power Industry,36.0,12.344,78.947,WRI Power Database
Chennur,Power Plant (Solar),Thermal/Power Industry,10.0,18.783,79.727,WRI Power Database
Chhadavada Wind Farm,Power Plant (Wind),Thermal/Power Industry,21.0,23.2443,70.4603,WRI Power Database
Chharrah,Power Plant (Solar),Thermal/Power Industry,10.0,23.385,86.385,WRI Power Database
Chikkanayakanahalli,Power Plant (Solar),Thermal/Power Industry,20.0,13.42,76.605,WRI Power Database
Chikkodi,Power Plant (Solar),Thermal/Power Industry,20.0,16.449,74.551,WRI Power Database
Chillkepally,Power Plant (Solar),Thermal/Power Industry,8.0,17.683,77.723,WRI Power Database
Chiluah,Power Plant (Solar),Thermal/Power Industry,10.0,27.608,79.684,WRI Power Database
Chilveru,Power Plant (Solar),Thermal/Power Industry,8.0,16.759,78.257,WRI Power Database
Chincholli,Power Plant (Solar),Thermal/Power Industry,20.0,17.402,77.381,WRI Power Database
Chingerbandh Solar Power Plant,Power Plant (Solar),Thermal/Power Industry,5.0,20.6729,83.1107,WRI Power Database
Chittapura,Power Plant (Solar),Thermal/Power Industry,20.0,17.235,77.055,WRI Power Database
Choharianwali,Power Plant (Solar),Thermal/Power Industry,25.0,30.401,74.078,WRI Power Database
Chudiyala Omkar 1,Power Plant (Solar),Thermal/Power Industry,10.0,29.868,77.736,WRI Power Database
Chudiyala Omkar 2,Power Plant (Solar),Thermal/Power Industry,10.0,29.877,77.733,WRI Power Database
Chudiyala Omkar 3,Power Plant (Solar),Thermal/Power Industry,10.0,29.88,77.739,WRI Power Database
Chudiyala Profigate 1,Power Plant (Solar),Thermal/Power Industry,5.0,29.917,77.75,WRI Power Database
Chudiyala Profigate 2,Power Plant (Solar),Thermal/Power Industry,5.0,29.918,77.755,WRI Power Database
Chudiyala Rays,Power Plant (Solar),Thermal/Power Industry,20.0,29.874,77.757,WRI Power Database
Chukoda,Power Plant (Solar),Thermal/Power Industry,50.0,19.505,75.055,WRI Power Database
Civil Lines,Power Plant (Solar),Thermal/Power Industry,10.0,21.22,81.7,WRI Power Database
Cochin COK,Power Plant (Solar),Thermal/Power Industry,12.0,10.157,76.384,WRI Power Database
Cochin COK II,Power Plant (Solar),Thermal/Power Industry,10.0,10.149,76.3907,WRI Power Database
Coimbatore,Power Plant (Solar),Thermal/Power Industry,10.0,11.143,76.95,WRI Power Database
D.P.L.,Power Plant (Coal),Thermal/Power Industry,660.0,23.5211,87.3023,WRI Power Database
DADRI (NCTPP),Power Plant (Coal),Thermal/Power Industry,1820.0,28.603,77.6078,WRI Power Database
DADRI GT,Power Plant (Gas),Thermal/Power Industry,829.78,28.5932,77.6101,WRI Power Database
DAE RAJASTHAN,Power Plant (Nuclear),Thermal/Power Industry,100.0,24.8747,75.6189,WRI Power Database
DAHANU FRESNEL,Power Plant (Coal),Thermal/Power Industry,100.0,26.7803,72.0091,WRI Power Database
DAMODARAM SANJEEVAIAH,Power Plant (Coal),Thermal/Power Industry,1600.0,14.3444,80.1264,WRI Power Database
DANAPUR BMM,Power Plant (Coal),Thermal/Power Industry,25.0,15.1707,76.377,WRI Power Database
DAUND SUGAR,Power Plant (Biomass),Thermal/Power Industry,30.0,18.4271,74.6338,WRI Power Database
DAVANGERE MILL,Power Plant (Biomass),Thermal/Power Industry,24.0,14.3277,75.8808,WRI Power Database
DEHAR,Power Plant (Hydro),Thermal/Power Industry,990.0,31.4133,76.8686,WRI Power Database
DERANG,Power Plant (Coal),Thermal/Power Industry,1200.0,21.1238,84.9843,WRI Power Database
DGEN MEGA CCCP,Power Plant (Gas),Thermal/Power Industry,1200.0,21.6923,72.6215,WRI Power Database
DHAKRANI,Power Plant (Hydro),Thermal/Power Industry,33.75,30.4561,77.7368,WRI Power Database
DHALIPUR,Power Plant (Hydro),Thermal/Power Industry,51.0,30.4354,77.6821,WRI Power Database
DHANU,Power Plant (Coal),Thermal/Power Industry,500.0,19.9545,72.7478,WRI Power Database
DHARIWAL INF TPP,Power Plant (Coal),Thermal/Power Industry,600.0,20.0102,79.2033,WRI Power Database
DHAULI GANGA,Power Plant (Hydro),Thermal/Power Industry,280.0,29.8783,80.5727,WRI Power Database
DHOLPUR,Power Plant (Gas),Thermal/Power Industry,330.0,26.7024,77.8492,WRI Power Database
DHUVARAN CCPP,Power Plant (Gas),Thermal/Power Industry,595.2,22.2396,72.752,WRI Power Database
DIGHE WORKS,Power Plant (Oil),Thermal/Power Industry,22.0,19.1896,73.004,WRI Power Database
DIKCHU,Power Plant (Hydro),Thermal/Power Industry,96.0,27.4028,88.5247,WRI Power Database
DLF,Power Plant (Gas),Thermal/Power Industry,15.5,24.8271,92.9737,WRI Power Database
DNYANESHWAR MILL,Power Plant (Biomass),Thermal/Power Industry,12.96,19.4496,75.0382,WRI Power Database
DOLVI ISPAT,Power Plant (Oil),Thermal/Power Industry,67.6,18.69,73.039,WRI Power Database
DONKARAYI,Power Plant (Hydro),Thermal/Power Industry,25.0,17.8994,81.8296,WRI Power Database
DOYANG,Power Plant (Hydro),Thermal/Power Industry,75.0,26.2325,94.2612,WRI Power Database
DUDH GANGA,Power Plant (Hydro),Thermal/Power Industry,24.0,16.3537,74.0095,WRI Power Database
DUGGAVATHI MILL,Power Plant (Biomass),Thermal/Power Industry,22.0,14.6284,75.8448,WRI Power Database
DULHASTI,Power Plant (Hydro),Thermal/Power Industry,390.0,33.3691,75.7985,WRI Power Database
DURG SPONGE IRON,Power Plant (Coal),Thermal/Power Industry,12.8,21.1878,81.2099,WRI Power Database
DURGAPUR,Power Plant (Coal),Thermal/Power Industry,210.0,23.531,87.25,WRI Power Database
DURGAPUR STEEL TPS,Power Plant (Coal),Thermal/Power Industry,1000.0,23.58,87.2043,WRI Power Database
Dadri ISCC,Power Plant (Solar),Thermal/Power Industry,14.0,28.5915,77.6099,WRI Power Database
Dadri Solar Power Plant,Power Plant (Solar),Thermal/Power Industry,5.0,28.5787,77.6314,WRI Power Database
Dahej,Power Plant (Solar),Thermal/Power Industry,10.0,21.694,72.604,WRI Power Database
Dahri,Power Plant (Solar),Thermal/Power Industry,25.0,22.065,72.62,WRI Power Database
Daisar,Power Plant (Solar),Thermal/Power Industry,20.0,23.925,71.522,WRI Power Database
Dakor,Power Plant (Solar),Thermal/Power Industry,40.0,25.89,79.425,WRI Power Database
Dammakhedi,Power Plant (Solar),Thermal/Power Industry,45.4,23.982,75.327,WRI Power Database
Dammakhedi Fixed,Power Plant (Solar),Thermal/Power Industry,20.0,23.98,75.336,WRI Power Database
Dammakhedi Tracker,Power Plant (Solar),Thermal/Power Industry,31.0,23.982,75.327,WRI Power Database
Dandeli Mill,Power Plant (Gas),Thermal/Power Industry,20.0,15.2529,74.6283,WRI Power Database
Dariba,Power Plant (Solar),Thermal/Power Industry,4.8,24.954,74.132,WRI Power Database
Daudpur,Power Plant (Solar),Thermal/Power Industry,25.0,24.599,84.686,WRI Power Database
Daulat Pura,Power Plant (Solar),Thermal/Power Industry,25.0,30.087,74.039,WRI Power Database
Debari,Power Plant (Solar),Thermal/Power Industry,12.0,24.6,73.821,WRI Power Database
Deh OWM,Power Plant (Solar),Thermal/Power Industry,5.0,27.894,72.958,WRI Power Database
Deh Solar Power Plant,Power Plant (Solar),Thermal/Power Industry,2.0,27.9253,72.8899,WRI Power Database
Deh Welspun,Power Plant (Solar),Thermal/Power Industry,5.0,27.907,72.953,WRI Power Database
Dehriya Susner,Power Plant (Solar),Thermal/Power Industry,10.0,23.985,76.023,WRI Power Database
Delhi DEL II,Power Plant (Solar),Thermal/Power Industry,5.7,28.555,77.085,WRI Power Database
Dera Baba Jaimal Singh,Power Plant (Solar),Thermal/Power Industry,12.0,31.545,75.33,WRI Power Database
Devadurga,Power Plant (Solar),Thermal/Power Industry,20.0,16.406,77.107,WRI Power Database
Devgarh Wind Farm,Power Plant (Wind),Thermal/Power Industry,37.5,23.964,74.6215,WRI Power Database
Dhabla Sondhya Solar Power Plant,Power Plant (Solar),Thermal/Power Industry,28.2,23.8267,75.8988,WRI Power Database
Dhama,Power Plant (Solar),Thermal/Power Industry,9.3,23.382,71.661,WRI Power Database
Dhama Azure,Power Plant (Solar),Thermal/Power Industry,5.0,23.3754,71.6593,WRI Power Database
Dhama ESP,Power Plant (Solar),Thermal/Power Industry,5.0,23.374,71.651,WRI Power Database
Dhamalpur,Power Plant (Solar),Thermal/Power Industry,6.0,22.357,70.906,WRI Power Database
Dhanera Solar Power Plant,Power Plant (Solar),Thermal/Power Industry,25.0,24.5216,72.1999,WRI Power Database
Dhank - Aravali Solar Power Plant,Power Plant (Solar),Thermal/Power Industry,5.0,21.7766,70.0773,WRI Power Database
Dhank CSTPL,Power Plant (Solar),Thermal/Power Industry,10.0,21.748,70.099,WRI Power Database
Dhank GGEPL,Power Plant (Solar),Thermal/Power Industry,25.0,21.741,70.102,WRI Power Database
Dhursar,Power Plant (Solar),Thermal/Power Industry,125.0,26.7846,72.0083,WRI Power Database
Dichpally,Power Plant (Solar),Thermal/Power Industry,143.0,18.635,78.24,WRI Power Database
Digsar A,Power Plant (Solar),Thermal/Power Industry,25.0,22.725,71.442,WRI Power Database
Diu,Power Plant (Solar),Thermal/Power Industry,9.0,20.707,70.954,WRI Power Database
Diwakar,Power Plant (Solar),Thermal/Power Industry,100.0,27.7355,71.6917,WRI Power Database
Domagunda Mytrah,Power Plant (Solar),Thermal/Power Industry,15.0,18.276,78.469,WRI Power Database
Dondlapalle,Power Plant (Solar),Thermal/Power Industry,25.0,16.887,78.084,WRI Power Database
Dugar Solar Power Plant,Power Plant (Solar),Thermal/Power Industry,1.0,26.2776,72.651,WRI Power Database
Durg,Power Plant (Solar),Thermal/Power Industry,10.0,21.523,81.275,WRI Power Database
Durg II,Power Plant (Solar),Thermal/Power Industry,10.0,21.523,81.275,WRI Power Database
Durg III,Power Plant (Solar),Thermal/Power Industry,10.0,21.523,81.275,WRI Power Database
Durg IV,Power Plant (Solar),Thermal/Power Industry,30.0,21.523,81.275,WRI Power Database
Durjani A,Power Plant (Solar),Thermal/Power Industry,20.0,27.348,71.995,WRI Power Database
ELDARI,Power Plant (Hydro),Thermal/Power Industry,22.5,19.7197,76.733,WRI Power Database
EMCO Sonurle Wind Farm,Power Plant (Wind),Thermal/Power Industry,9.0,16.8265,73.9269,WRI Power Database
ESSAR GT IMP.,Power Plant (Gas),Thermal/Power Industry,515.0,21.111,72.655,WRI Power Database
Eenadu,Power Plant (Solar),Thermal/Power Industry,6.5,16.78,78.335,WRI Power Database
Eluvanampatty,Power Plant (Solar),Thermal/Power Industry,30.0,10.134,77.689,WRI Power Database
Enercon Babarzar Wind Farm,Power Plant (Wind),Thermal/Power Industry,11.2,22.1421,69.8442,WRI Power Database
Enercon Chitradurga Wind Farm,Power Plant (Wind),Thermal/Power Industry,68.8,13.7276,76.5137,WRI Power Database
Enercon Sonoshi Wind Farm,Power Plant (Wind),Thermal/Power Industry,20.0,19.6274,73.7839,WRI Power Database
Ettankulam,Power Plant (Solar),Thermal/Power Industry,20.0,8.853,77.605,WRI Power Database
FARAKKA STPS,Power Plant (Coal),Thermal/Power Industry,2100.0,24.772,87.894,WRI Power Database
F_BAD CCGT,Power Plant (Gas),Thermal/Power Industry,431.586,28.3452,77.3615,WRI Power Database
Fatepur Emco,Power Plant (Solar),Thermal/Power Industry,5.0,23.396,71.639,WRI Power Database
Fatepur MySolar,Power Plant (Solar),Thermal/Power Industry,30.0,23.419,71.62,WRI Power Database
Frost International Palankottai Wind Farm,Power Plant (Wind),Thermal/Power Industry,4.25,9.1269,77.6458,WRI Power Database
G.I.P.C.L. GT,Power Plant (Gas),Thermal/Power Industry,310.0,22.3758,73.1017,WRI Power Database
GACL Kutch Wind Farm,Power Plant (Wind),Thermal/Power Industry,39.0,23.0272,69.9494,WRI Power Database
GADARWARA,Power Plant (Coal),Thermal/Power Industry,800.0,22.8618,78.8648,WRI Power Database
GADEPAN WORKS,Power Plant (Gas),Thermal/Power Industry,35.0,25.1521,76.182,WRI Power Database
GAJ,Power Plant (Hydro),Thermal/Power Industry,10.5,32.2417,76.2787,WRI Power Database
GAMA CCPP  Module - 1,Power Plant (Gas),Thermal/Power Industry,225.0,29.1411,78.9632,WRI Power Database
GANDHAR GT,Power Plant (Gas),Thermal/Power Industry,648.0,21.8242,73.1136,WRI Power Database
GANDHARBAL,Power Plant (Hydro),Thermal/Power Industry,15.0,34.2236,74.7781,WRI Power Database
GANDHI NAGAR,Power Plant (Coal),Thermal/Power Industry,630.0,25.2502,72.6765,WRI Power Database
GANDHI SAGAR,Power Plant (Hydro),Thermal/Power Industry,115.0,24.6997,75.5529,WRI Power Database
GANGUWAL,Power Plant (Hydro),Thermal/Power Industry,77.65,31.268,76.492,WRI Power Database
GAUTAMI CCCP,Power Plant (Gas),Thermal/Power Industry,468.57,17.0386,82.1286,WRI Power Database
GEPL,Power Plant (Coal),Thermal/Power Industry,120.0,19.9324,79.104,WRI Power Database
GFL Gudhepanchgani,Power Plant (Wind),Thermal/Power Industry,23.1,17.1309,73.9765,WRI Power Database
GHANVI,Power Plant (Hydro),Thermal/Power Industry,22.5,31.5425,77.7786,WRI Power Database
GHAT PRABHA,Power Plant (Hydro),Thermal/Power Industry,32.0,16.1424,74.6447,WRI Power Database
GHATGHAR PSS,Power Plant (Hydro),Thermal/Power Industry,250.0,19.5334,73.6509,WRI Power Database
GHTP (LEH.MOH.),Power Plant (Coal),Thermal/Power Industry,920.0,30.2666,75.1661,WRI Power Database
GHUGUS LMEL,Power Plant (Coal),Thermal/Power Industry,30.0,19.9306,79.12,WRI Power Database
GIRI BATA,Power Plant (Hydro),Thermal/Power Industry,60.0,30.5307,77.4968,WRI Power Database
GIWPP Telagi,Power Plant (Wind),Thermal/Power Industry,23.1,14.6534,75.8613,WRI Power Database
GMR WARORA TPP,Power Plant (Coal),Thermal/Power Industry,600.0,20.2723,78.9793,WRI Power Database
GODAVARI GT,Power Plant (Gas),Thermal/Power Industry,205.24,17.0587,82.3097,WRI Power Database
GOINDWAL SAHIB TPP,Power Plant (Coal),Thermal/Power Industry,540.0,31.3841,75.1464,WRI Power Database
GRACE INDUSTRIES,Power Plant (Coal),Thermal/Power Industry,25.0,20.0058,79.1845,WRI Power Database
GREL CCPP (RAJAMUNDRY),Power Plant (Gas),Thermal/Power Industry,768.0,16.9248,81.8111,WRI Power Database
GRT 6,Power Plant (Solar),Thermal/Power Industry,5.0,9.442,78.053,WRI Power Database
GULBARGA CEMENT,Power Plant (Coal),Thermal/Power Industry,55.0,17.1084,77.1325,WRI Power Database
GUMTI,Power Plant (Hydro),Thermal/Power Industry,15.0,23.4263,91.8223,WRI Power Database
Gadag Wind Farm,Power Plant (Wind),Thermal/Power Industry,25.6,15.3418,75.5868,WRI Power Database
Gadagi,Power Plant (Solar),Thermal/Power Industry,10.0,17.96,77.56,WRI Power Database
Gadarpur Punj 1,Power Plant (Solar),Thermal/Power Industry,10.0,29.065,79.197,WRI Power Database
Gadarpur Punj 2,Power Plant (Solar),Thermal/Power Industry,10.0,29.052,79.187,WRI Power Database
Gadarpur Punj 3,Power Plant (Solar),Thermal/Power Industry,10.0,29.085,79.283,WRI Power Database
Gadarpur Sugar Mill,Power Plant (Solar),Thermal/Power Industry,12.5,29.05,79.22,WRI Power Database
Gadhna,Power Plant (Solar),Thermal/Power Industry,5.0,27.475,72.388,WRI Power Database
Gadna 1 Solar Power Plant,Power Plant (Solar),Thermal/Power Industry,3.0,27.4269,72.3896,WRI Power Database
Gadna 2 Solar Power Plant,Power Plant (Solar),Thermal/Power Industry,5.0,27.4296,72.3969,WRI Power Database
Gadwal Mytrah,Power Plant (Solar),Thermal/Power Industry,15.0,16.266,77.779,WRI Power Database
Gadwal Vogt,Power Plant (Solar),Thermal/Power Industry,10.0,16.152,77.763,WRI Power Database
Gajner BMD,Power Plant (Solar),Thermal/Power Industry,5.9,27.953,73.052,WRI Power Database
Gajner Fonroche,Power Plant (Solar),Thermal/Power Industry,20.0,27.979,73.038,WRI Power Database
Gajner LEPL 10,Power Plant (Solar),Thermal/Power Industry,10.0,27.97,73.065,WRI Power Database
Gamiwala 1,Power Plant (Solar),Thermal/Power Industry,21.0,29.796,75.523,WRI Power Database
Gamiwala 2,Power Plant (Solar),Thermal/Power Industry,20.0,29.802,75.52,WRI Power Database
Gandhinagar Solar Power Plant,Power Plant (Solar),Thermal/Power Industry,1.0,23.1534,72.669,WRI Power Database
Gangakhed,Power Plant (Solar),Thermal/Power Industry,40.0,18.975,76.695,WRI Power Database
Gangapura,Power Plant (Solar),Thermal/Power Industry,7.0,27.925,72.891,WRI Power Database
Gangavati,Power Plant (Solar),Thermal/Power Industry,20.0,15.45,76.58,WRI Power Database
Garacharma Solar Power Plant,Power Plant (Solar),Thermal/Power Industry,5.0,11.6117,92.7109,WRI Power Database
Ghaggar Branch Canal,Power Plant (Solar),Thermal/Power Industry,7.6,29.894,75.772,WRI Power Database
Ghaggar Link Canal,Power Plant (Solar),Thermal/Power Industry,7.6,30.503,76.34,WRI Power Database
Ghanapur Solarpack,Power Plant (Solar),Thermal/Power Industry,15.0,16.624,78.044,WRI Power Database
Ghataprabha,Power Plant (Solar),Thermal/Power Industry,40.0,16.23,74.77,WRI Power Database
Ghattu,Power Plant (Solar),Thermal/Power Industry,39.0,16.133,77.558,WRI Power Database
Godawari,Power Plant (Solar),Thermal/Power Industry,50.0,27.6003,72.2241,WRI Power Database
Godelai Solar Power Plant,Power Plant (Solar),Thermal/Power Industry,1.0,26.6532,72.5377,WRI Power Database
Gollagudem,Power Plant (Solar),Thermal/Power Industry,5.0,16.859,81.359,WRI Power Database
Gondri Solar Power Plant,Power Plant (Solar),Thermal/Power Industry,5.0,18.3055,76.6551,WRI Power Database
Gorsar Wind Farm,Power Plant (Wind),Thermal/Power Industry,7.5,21.3131,69.9187,WRI Power Database
Govindpura A,Power Plant (Solar),Thermal/Power Industry,25.0,25.415,79.439,WRI Power Database
Gowribidanuru,Power Plant (Solar),Thermal/Power Industry,20.0,13.615,77.54,WRI Power Database
Gowriganipalli BGC,Power Plant (Solar),Thermal/Power Industry,4.0,13.7482,77.5527,WRI Power Database
Gowriganipalli MV10,Power Plant (Solar),Thermal/Power Industry,10.9,13.727,77.562,WRI Power Database
Gowriganipalli MV5,Power Plant (Solar),Thermal/Power Industry,5.0,13.726,77.562,WRI Power Database
Goyalkhedi,Power Plant (Solar),Thermal/Power Industry,32.0,23.748,75.64,WRI Power Database
Goyalri,Power Plant (Solar),Thermal/Power Industry,60.0,27.95,72.988,WRI Power Database
Grewal Solar Power Plant,Power Plant (Solar),Thermal/Power Industry,1.8,30.4613,74.6188,WRI Power Database
Gulabpura Solar Power Plant,Power Plant (Solar),Thermal/Power Industry,5.0,25.86,74.6567,WRI Power Database
Gundlupet,Power Plant (Solar),Thermal/Power Industry,20.0,11.805,76.67,WRI Power Database
Guntipally,Power Plant (Solar),Thermal/Power Industry,15.0,16.27,77.835,WRI Power Database
Gurha SM,Power Plant (Solar),Thermal/Power Industry,10.0,27.859,72.841,WRI Power Database
Gurha VS,Power Plant (Solar),Thermal/Power Industry,10.0,27.9,72.926,WRI Power Database
Gurukul Narsan,Power Plant (Solar),Thermal/Power Industry,5.0,29.685,77.845,WRI Power Database
Guttigoli,Power Plant (Solar),Thermal/Power Industry,135.0,16.135,75.27,WRI Power Database
Gwal Pahari Solar Power Plant,Power Plant (Solar),Thermal/Power Industry,3.0,28.4272,77.1596,WRI Power Database
HALDIA,Power Plant (Coal),Thermal/Power Industry,600.0,22.1042,88.1764,WRI Power Database
HAMPI,Power Plant (Hydro),Thermal/Power Industry,36.0,15.2615,76.3379,WRI Power Database
HAPURI MILL,Power Plant (Biomass),Thermal/Power Industry,24.0,16.6038,74.4045,WRI Power Database
HASDEOBANGO,Power Plant (Hydro),Thermal/Power Industry,120.0,22.604,82.5977,WRI Power Database
HAVALGA SUGAR,Power Plant (Biomass),Thermal/Power Industry,25.5,17.1202,76.4004,WRI Power Database
HAZIRA CCCP,Power Plant (Gas),Thermal/Power Industry,156.1,22.3256,69.7399,WRI Power Database
HAZIRA-GSECL,Power Plant (Gas),Thermal/Power Industry,351.43,21.1652,72.6613,WRI Power Database
HINGOLI MILL,Power Plant (Biomass),Thermal/Power Industry,18.9,19.2829,77.1384,WRI Power Database
HIRAKUD I&II,Power Plant (Hydro),Thermal/Power Industry,347.5,21.5337,83.8754,WRI Power Database
HIRIYUR BIOMASS,Power Plant (Biomass),Thermal/Power Industry,25.0,13.9808,76.6279,WRI Power Database
HZL Gadag Wind Farm,Power Plant (Wind),Thermal/Power Industry,34.4,15.3654,75.5639,WRI Power Database
HZL Nandurbar Maharashtra,Power Plant (Wind),Thermal/Power Industry,25.5,21.3027,74.3091,WRI Power Database
HZL Palladum Wind Farm,Power Plant (Wind),Thermal/Power Industry,21.0,10.8674,77.4588,WRI Power Database
HZL Parewar Wind Farm,Power Plant (Wind),Thermal/Power Industry,27.3,27.2492,70.6722,WRI Power Database
HZL Samana Wind Farm,Power Plant (Wind),Thermal/Power Industry,88.8,22.0335,70.2313,WRI Power Database
H_GANJ B,Power Plant (Coal),Thermal/Power Industry,605.0,28.0179,78.1326,WRI Power Database
Hanur,Power Plant (Solar),Thermal/Power Industry,20.0,12.15,77.215,WRI Power Database
Harapanahalli GSC,Power Plant (Solar),Thermal/Power Industry,4.0,14.8062,76.1265,WRI Power Database
Harapanahalli RBW,Power Plant (Solar),Thermal/Power Industry,14.0,14.792,76.085,WRI Power Database
Hardhani 100,Power Plant (Solar),Thermal/Power Industry,82.0,26.73,73.199,WRI Power Database
Hardhani 20,Power Plant (Solar),Thermal/Power Industry,20.0,26.73,73.199,WRI Power Database
Hardhani 40A,Power Plant (Solar),Thermal/Power Industry,40.0,26.73,73.199,WRI Power Database
Hardhani 40B,Power Plant (Solar),Thermal/Power Industry,40.0,26.73,73.199,WRI Power Database
Harij,Power Plant (Solar),Thermal/Power Industry,30.0,23.715,71.875,WRI Power Database
Harthikote,Power Plant (Solar),Thermal/Power Industry,10.0,14.131,76.695,WRI Power Database
Harthikote A,Power Plant (Solar),Thermal/Power Industry,100.0,14.144,76.682,WRI Power Database
Hilabeli,Power Plant (Solar),Thermal/Power Industry,10.0,21.697,70.02,WRI Power Database
Hindol,Power Plant (Solar),Thermal/Power Industry,40.0,20.62,85.185,WRI Power Database
Hirewaddatti Wind Farm,Power Plant (Wind),Thermal/Power Industry,49.0,15.1997,75.762,WRI Power Database
Holalkere,Power Plant (Solar),Thermal/Power Industry,20.0,13.99,76.372,WRI Power Database
Holenarasipura,Power Plant (Solar),Thermal/Power Industry,20.0,12.755,76.204,WRI Power Database
Honnali JK,Power Plant (Solar),Thermal/Power Industry,10.0,14.235,75.63,WRI Power Database
Horti Solar Power Plant,Power Plant (Solar),Thermal/Power Industry,20.0,17.9054,76.3224,WRI Power Database
Hothi,Power Plant (Solar),Thermal/Power Industry,16.2,17.613,77.571,WRI Power Database
Humnabad,Power Plant (Solar),Thermal/Power Industry,20.0,17.733,77.211,WRI Power Database
Hunagund,Power Plant (Solar),Thermal/Power Industry,15.0,16.008,76.04,WRI Power Database
Hyderabad HYD,Power Plant (Solar),Thermal/Power Industry,5.0,17.2465,78.4016,WRI Power Database
Hyderabad II,Power Plant (Solar),Thermal/Power Industry,5.0,17.2464,78.4049,WRI Power Database
I.B.VALLEY,Power Plant (Coal),Thermal/Power Industry,420.0,21.6872,83.86,WRI Power Database
I.P.GT,Power Plant (Gas),Thermal/Power Industry,270.0,28.6194,77.2504,WRI Power Database
IDAMALAYAR,Power Plant (Hydro),Thermal/Power Industry,75.0,10.207,76.7137,WRI Power Database
IDUKKI,Power Plant (Hydro),Thermal/Power Industry,780.0,9.8503,77.0555,WRI Power Database
IEPL  BELA TPP,Power Plant (Coal),Thermal/Power Industry,270.0,20.8102,79.0556,WRI Power Database
IL&FS Kaladeh Wind Farm,Power Plant (Wind),Thermal/Power Industry,24.0,22.8396,76.1906,WRI Power Database
IND BARATH TPP,Power Plant (Coal),Thermal/Power Industry,350.0,21.658,83.92,WRI Power Database
INDIA POWER TPP(HALDIA  HIRANMAYE ),Power Plant (Coal),Thermal/Power Industry,300.0,22.0774,88.0995,WRI Power Database
INDIRA SAGAR,Power Plant (Hydro),Thermal/Power Industry,1000.0,22.2791,76.4728,WRI Power Database
INDRA GANDHI STPP,Power Plant (Coal),Thermal/Power Industry,1500.0,28.4849,76.3754,WRI Power Database
ITPCL TPP,Power Plant (Coal),Thermal/Power Industry,1200.0,11.5214,79.7515,WRI Power Database
Icchawar,Power Plant (Solar),Thermal/Power Industry,9.0,23.033,77.06,WRI Power Database
Idihalli AF,Power Plant (Solar),Thermal/Power Industry,10.0,13.833,77.34,WRI Power Database
Idihalli CMS,Power Plant (Solar),Thermal/Power Industry,30.0,13.81,77.33,WRI Power Database
Indi Essel,Power Plant (Solar),Thermal/Power Industry,20.0,17.024,75.827,WRI Power Database
Indi Rays,Power Plant (Solar),Thermal/Power Industry,5.0,17.17,75.93,WRI Power Database
Indiranagar,Power Plant (Solar),Thermal/Power Industry,7.0,14.178,77.44,WRI Power Database
Ingaleshwar Wind Farm,Power Plant (Wind),Thermal/Power Industry,100.8,16.6208,76.0223,WRI Power Database
Isanpur Solar Power Plant,Power Plant (Solar),Thermal/Power Industry,1.0,22.4809,72.5235,WRI Power Database
Islamwadi,Power Plant (Solar),Thermal/Power Industry,50.0,19.715,75.94,WRI Power Database
Itnal Solar Power Plant,Power Plant (Solar),Thermal/Power Industry,3.0,16.4018,74.6641,WRI Power Database
Ittagi Hero,Power Plant (Solar),Thermal/Power Industry,40.0,14.96,76.045,WRI Power Database
Ittigi Hartek,Power Plant (Solar),Thermal/Power Industry,50.0,14.91,76.112,WRI Power Database
Iyyermalai,Power Plant (Solar),Thermal/Power Industry,75.0,10.88,78.345,WRI Power Database
J.SAGAR,Power Plant (Hydro),Thermal/Power Industry,99.0,25.0369,75.6778,WRI Power Database
JAISALMER GODAWARI,Power Plant (Biomass),Thermal/Power Industry,50.0,27.601,72.2242,WRI Power Database
JALDHAKA I&II,Power Plant (Hydro),Thermal/Power Industry,36.0,27.0297,88.8747,WRI Power Database
JALLIPPA KAPURDI TPP,Power Plant (Coal),Thermal/Power Industry,1080.0,25.8888,71.3236,WRI Power Database
JAYKAYPURAM PLANT,Power Plant (Coal),Thermal/Power Industry,66.0,24.6963,73.0017,WRI Power Database
JAYPEE BELA CEMENT,Power Plant (Coal),Thermal/Power Industry,63.5,24.5286,81.1698,WRI Power Database
JAYPEE REWA CEMENT,Power Plant (Coal),Thermal/Power Industry,54.5,24.565,81.1748,WRI Power Database
JAYPEE SIDHI CEMENT,Power Plant (Coal),Thermal/Power Industry,155.0,24.3272,81.3293,WRI Power Database
JEGURUPADU GT,Power Plant (Gas),Thermal/Power Industry,445.674,16.9312,81.86,WRI Power Database
JOG,Power Plant (Hydro),Thermal/Power Industry,139.2,14.2273,74.7994,WRI Power Database
JOJBERA,Power Plant (Coal),Thermal/Power Industry,427.5,22.7554,86.2491,WRI Power Database
JORETHANG LOOP,Power Plant (Hydro),Thermal/Power Industry,96.0,27.1598,88.2924,WRI Power Database
JSW RATNAGIRI TPP,Power Plant (Coal),Thermal/Power Industry,1200.0,17.297,73.212,WRI Power Database
Jafrabad Solar Power Plant,Power Plant (Solar),Thermal/Power Industry,15.0,20.8772,71.2801,WRI Power Database
Jagtial,Power Plant (Solar),Thermal/Power Industry,30.0,18.824,79.104,WRI Power Database
Jajru,Power Plant (Solar),Thermal/Power Industry,5.0,28.282,77.318,WRI Power Database
Jalaun SD,Power Plant (Solar),Thermal/Power Industry,75.0,26.27,79.52,WRI Power Database
Jalgaon Arvi,Power Plant (Solar),Thermal/Power Industry,20.0,20.775,78.105,WRI Power Database
Jambalapuram,Power Plant (Solar),Thermal/Power Industry,20.0,9.81,77.78,WRI Power Database
Jamuria Solar Power Plant,Power Plant (Solar),Thermal/Power Industry,2.0,23.7162,87.0695,WRI Power Database
Jangi Wind Farm,Power Plant (Wind),Thermal/Power Industry,91.8,23.2409,70.509,WRI Power Database
Jangi village wind farm,Power Plant (Wind),Thermal/Power Industry,10.5,23.208,70.5465,WRI Power Database
Jatisara,Power Plant (Solar),Thermal/Power Industry,5.0,27.117,72.779,WRI Power Database
Jeedimetla,Power Plant (Solar),Thermal/Power Industry,10.0,17.572,78.428,WRI Power Database
Jeloo Wind Farm,Power Plant (Wind),Thermal/Power Industry,29.6,26.5255,72.7629,WRI Power Database
Jodhpur SP,Power Plant (Solar),Thermal/Power Industry,50.0,26.86,72.715,WRI Power Database
Jodiya Wind Farm,Power Plant (Wind),Thermal/Power Industry,33.0,22.7532,70.3961,WRI Power Database
Jogipet,Power Plant (Solar),Thermal/Power Industry,8.4,17.866,78.016,WRI Power Database
K.N. Ram Kaltek Wind Farm,Power Plant (Wind),Thermal/Power Industry,10.25,21.2261,74.2393,WRI Power Database
KADAMPARI,Power Plant (Hydro),Thermal/Power Industry,400.0,10.4104,77.0435,WRI Power Database
KADANA,Power Plant (Hydro),Thermal/Power Industry,240.0,23.3045,73.8254,WRI Power Database
KADRA,Power Plant (Hydro),Thermal/Power Industry,150.0,14.8901,74.3916,WRI Power Database
KAHALGAON,Power Plant (Coal),Thermal/Power Industry,2340.0,25.2349,87.2635,WRI Power Database
KAIGA,Power Plant (Nuclear),Thermal/Power Industry,880.0,14.865,74.4385,WRI Power Database
KAKATIYA TPP,Power Plant (Coal),Thermal/Power Industry,1100.0,18.3835,79.8265,WRI Power Database
KAKKAD,Power Plant (Hydro),Thermal/Power Industry,50.0,9.3275,76.9717,WRI Power Database
KAKRAPARA,Power Plant (Nuclear),Thermal/Power Industry,440.0,21.2384,73.3489,WRI Power Database
KALINADI,Power Plant (Hydro),Thermal/Power Industry,855.0,15.2761,74.5268,WRI Power Database
KALINADI SUPA,Power Plant (Hydro),Thermal/Power Industry,100.0,15.2761,74.5268,WRI Power Database
KALISINDH,Power Plant (Coal),Thermal/Power Industry,1200.0,24.5295,76.0986,WRI Power Database
KALLADA,Power Plant (Hydro),Thermal/Power Industry,15.0,8.9553,77.0697,WRI Power Database
KALLUR GRINDING,Power Plant (Coal),Thermal/Power Industry,30.0,17.3821,77.4389,WRI Power Database
KAMAL SPONGE,Power Plant (Coal),Thermal/Power Industry,12.0,24.6266,80.831,WRI Power Database
KAMALANGA,Power Plant (Coal),Thermal/Power Industry,1050.0,20.87,85.2671,WRI Power Database
KANHER,Power Plant (Hydro),Thermal/Power Industry,4.0,17.7384,73.917,WRI Power Database
KARAD MILL,Power Plant (Biomass),Thermal/Power Industry,16.0,17.1657,74.2459,WRI Power Database
KARAIKAL,Power Plant (Gas),Thermal/Power Industry,32.5,10.9325,79.8216,WRI Power Database
KARBI LANGPI,Power Plant (Hydro),Thermal/Power Industry,100.0,25.9552,92.5171,WRI Power Database
KARCHAM WANGTOO,Power Plant (Hydro),Thermal/Power Industry,1000.0,31.5156,78.1073,WRI Power Database
KARGIL,Power Plant (Hydro),Thermal/Power Industry,3.75,34.5605,76.1299,WRI Power Database
KARUPPUR GT,Power Plant (Gas),Thermal/Power Industry,119.8,11.1208,79.5287,WRI Power Database
KASAIPALLI,Power Plant (Coal),Thermal/Power Industry,270.0,22.389,82.5549,WRI Power Database
KASARGODE DG,Power Plant (Oil),Thermal/Power Industry,21.84,12.4837,74.9929,WRI Power Database
KASRAWAD FACTORY,Power Plant (Coal),Thermal/Power Industry,10.0,22.1335,75.4568,WRI Power Database
KATHALGURI GT,Power Plant (Gas),Thermal/Power Industry,291.0,27.341,95.408,WRI Power Database
KAWAI TPP,Power Plant (Coal),Thermal/Power Industry,1320.0,24.7773,76.737,WRI Power Database
KAWAS GT,Power Plant (Gas),Thermal/Power Industry,645.0,21.175,72.6879,WRI Power Database
KAYAM KULAM GT,Power Plant (Gas),Thermal/Power Industry,350.0,9.2404,76.4283,WRI Power Database
KCSF SANGUR,Power Plant (Biomass),Thermal/Power Industry,18.0,14.7753,75.3131,WRI Power Database
KHADAVASLA I&II,Power Plant (Hydro),Thermal/Power Industry,16.0,18.3803,73.6116,WRI Power Database
KHAMBERKHERA IPP,Power Plant (Coal),Thermal/Power Industry,90.0,28.017,80.8307,WRI Power Database
KHANDONG,Power Plant (Hydro),Thermal/Power Industry,50.0,25.5177,92.6679,WRI Power Database
KHARA,Power Plant (Hydro),Thermal/Power Industry,72.0,30.3508,77.6017,WRI Power Database
KHATIMA,Power Plant (Hydro),Thermal/Power Industry,41.4,28.9232,80.0243,WRI Power Database
KHODRI,Power Plant (Hydro),Thermal/Power Industry,120.0,30.5085,77.8001,WRI Power Database
KHOPOLI,Power Plant (Hydro),Thermal/Power Industry,72.0,18.7817,73.3558,WRI Power Database
KHOPOLI WORKS,Power Plant (Coal),Thermal/Power Industry,60.0,18.7712,73.259,WRI Power Database
KISHENGANGA,Power Plant (Hydro),Thermal/Power Industry,330.0,34.649,74.7514,WRI Power Database
KM DODDI SUGAR,Power Plant (Biomass),Thermal/Power Industry,26.0,12.4806,77.0411,WRI Power Database
KODASALI,Power Plant (Hydro),Thermal/Power Industry,120.0,14.955,74.5904,WRI Power Database
KODAYAR-I&II,Power Plant (Hydro),Thermal/Power Industry,100.0,8.5319,77.3125,WRI Power Database
KODERMA,Power Plant (Coal),Thermal/Power Industry,1000.0,24.3858,85.5517,WRI Power Database
KOJIKODE DG,Power Plant (Oil),Thermal/Power Industry,96.0,11.2054,75.8067,WRI Power Database
KOLAGHAT,Power Plant (Coal),Thermal/Power Industry,1260.0,22.4157,87.8713,WRI Power Database
KOLDAM,Power Plant (Hydro),Thermal/Power Industry,800.0,31.382,76.8761,WRI Power Database
KOLHAPUR HEMARUS,Power Plant (Biomass),Thermal/Power Industry,20.0,16.0327,74.4583,WRI Power Database
KOLHAPUR KAGAL,Power Plant (Biomass),Thermal/Power Industry,20.0,16.589,74.2993,WRI Power Database
KOLHAPUR KUMBHI,Power Plant (Biomass),Thermal/Power Industry,17.5,16.689,74.1201,WRI Power Database
KOLLEGAL SUGAR,Power Plant (Biomass),Thermal/Power Industry,16.0,12.1056,76.7606,WRI Power Database
KONASEEMA CCCP,Power Plant (Gas),Thermal/Power Industry,445.0,16.7346,81.8622,WRI Power Database
KONDAPALLI GT,Power Plant (Gas),Thermal/Power Industry,1458.0,16.64,80.5504,WRI Power Database
KOPILI,Power Plant (Hydro),Thermal/Power Industry,200.0,25.5177,92.6679,WRI Power Database
KOPPA SUGAR,Power Plant (Biomass),Thermal/Power Industry,26.0,12.702,76.9787,WRI Power Database
KOPPAL HKMP,Power Plant (Coal),Thermal/Power Industry,12.0,15.316,76.2507,WRI Power Database
KORADI,Power Plant (Coal),Thermal/Power Industry,2400.0,21.2414,79.096,WRI Power Database
KORBA STPS,Power Plant (Coal),Thermal/Power Industry,2600.0,22.3881,82.6858,WRI Power Database
KORBA-EAST,Power Plant (Coal),Thermal/Power Industry,890.0,22.3828,82.7188,WRI Power Database
KORBA-WEST,Power Plant (Coal),Thermal/Power Industry,1340.0,22.4118,82.6888,WRI Power Database
KOSI,Power Plant (Hydro),Thermal/Power Industry,20.0,26.497,86.9549,WRI Power Database
KOTA,Power Plant (Coal),Thermal/Power Industry,1240.0,25.1712,75.8171,WRI Power Database
KOTA COMPLEX,Power Plant (Coal),Thermal/Power Industry,125.0,25.1386,75.8883,WRI Power Database
KOTESHWAR,Power Plant (Hydro),Thermal/Power Industry,400.0,30.2594,78.4971,WRI Power Database
KOTLA,Power Plant (Hydro),Thermal/Power Industry,77.65,31.268,76.492,WRI Power Database
KOVILKALAPPAL,Power Plant (Gas),Thermal/Power Industry,107.88,10.5415,79.4507,WRI Power Database
KOYNA COMPLEX,Power Plant (Hydro),Thermal/Power Industry,1956.0,17.4599,73.684,WRI Power Database
KS Oils Chinnakuyili Wind Farm,Power Plant (Wind),Thermal/Power Industry,12.0,10.9328,77.0912,WRI Power Database
KUDGI,Power Plant (Coal),Thermal/Power Industry,2400.0,16.4994,75.8349,WRI Power Database
KULHAL,Power Plant (Hydro),Thermal/Power Industry,30.0,30.4289,77.6296,WRI Power Database
KUMSP} Adani,Power Plant (Solar),Thermal/Power Industry,50.0,15.658,78.289,WRI Power Database
KUMSP} Azure,Power Plant (Solar),Thermal/Power Industry,100.0,15.655,78.277,WRI Power Database
KUMSP} Greenko,Power Plant (Solar),Thermal/Power Industry,500.0,15.679,78.274,WRI Power Database
KUMSP} Greenko 1,Power Plant (Solar),Thermal/Power Industry,50.0,15.662,78.257,WRI Power Database
KUMSP} Greenko 10,Power Plant (Solar),Thermal/Power Industry,50.0,15.662,78.257,WRI Power Database
KUMSP} Greenko 2,Power Plant (Solar),Thermal/Power Industry,50.0,15.662,78.257,WRI Power Database
KUMSP} Greenko 3,Power Plant (Solar),Thermal/Power Industry,50.0,15.662,78.257,WRI Power Database
KUMSP} Greenko 4,Power Plant (Solar),Thermal/Power Industry,50.0,15.662,78.257,WRI Power Database
KUMSP} Greenko 5,Power Plant (Solar),Thermal/Power Industry,50.0,15.662,78.257,WRI Power Database
KUMSP} Greenko 6,Power Plant (Solar),Thermal/Power Industry,50.0,15.662,78.257,WRI Power Database
KUMSP} Greenko 7,Power Plant (Solar),Thermal/Power Industry,50.0,15.662,78.257,WRI Power Database
KUMSP} Greenko 8,Power Plant (Solar),Thermal/Power Industry,50.0,15.662,78.257,WRI Power Database
KUMSP} Greenko 9,Power Plant (Solar),Thermal/Power Industry,50.0,15.662,78.257,WRI Power Database
KUMSP} Softbank,Power Plant (Solar),Thermal/Power Industry,350.0,15.662,78.257,WRI Power Database
KUNDAH I-V,Power Plant (Hydro),Thermal/Power Industry,555.0,11.2861,76.6511,WRI Power Database
KUNDANKULAM,Power Plant (Nuclear),Thermal/Power Industry,2000.0,8.1691,77.1327,WRI Power Database
KUNDARGI MILL,Power Plant (Biomass),Thermal/Power Industry,16.5,16.2651,75.5302,WRI Power Database
KUNDARKI TPP,Power Plant (Coal),Thermal/Power Industry,90.0,27.0786,82.0841,WRI Power Database
KUTCH LIG.,Power Plant (Coal),Thermal/Power Industry,290.0,23.6626,68.7843,WRI Power Database
KUTHUNGAL,Power Plant (Hydro),Thermal/Power Industry,21.0,9.9356,77.1068,WRI Power Database
KUTTALAM GT,Power Plant (Gas),Thermal/Power Industry,101.0,11.076,79.57,WRI Power Database
KUTTIADI,Power Plant (Hydro),Thermal/Power Industry,125.0,11.5484,75.8988,WRI Power Database
KUTTIYADI Add ext,Power Plant (Hydro),Thermal/Power Industry,100.0,11.5484,75.8988,WRI Power Database
KYMORE,Power Plant (Coal),Thermal/Power Industry,50.0,24.0529,80.6144,WRI Power Database
KYREDEMKULAI,Power Plant (Hydro),Thermal/Power Industry,60.0,25.7848,91.7895,WRI Power Database
K_GUDEM,Power Plant (Coal),Thermal/Power Industry,720.0,17.6219,80.6936,WRI Power Database
K_GUDEM NEW,Power Plant (Coal),Thermal/Power Industry,1800.0,17.6219,80.6936,WRI Power Database
K_KHEDA II,Power Plant (Coal),Thermal/Power Industry,1340.0,21.2818,79.116,WRI Power Database
Kachalia I+II,Power Plant (Solar),Thermal/Power Industry,40.0,23.885,75.899,WRI Power Database
Kadala,Power Plant (Solar),Thermal/Power Industry,40.0,20.76,85.295,WRI Power Database
Kadiri,Power Plant (Solar),Thermal/Power Industry,5.0,14.164,78.144,WRI Power Database
Kadivella,Power Plant (Solar),Thermal/Power Industry,30.0,15.667,77.486,WRI Power Database
Kadodiya,Power Plant (Solar),Thermal/Power Industry,10.0,23.511,76.159,WRI Power Database
Kadodiya A,Power Plant (Solar),Thermal/Power Industry,25.0,23.538,76.121,WRI Power Database
Kadodiya HE,Power Plant (Solar),Thermal/Power Industry,5.0,23.5064,76.1538,WRI Power Database
Kajipuram,Power Plant (Solar),Thermal/Power Industry,30.0,16.884,77.587,WRI Power Database
Kakarani,Power Plant (Solar),Thermal/Power Industry,115.9,17.281,79.19,WRI Power Database
Kakkireni Adani,Power Plant (Solar),Thermal/Power Industry,50.0,17.276,79.204,WRI Power Database
Kaladonger Wind Farm,Power Plant (Wind),Thermal/Power Industry,75.6,27.0931,70.9996,WRI Power Database
Kalamarahalli,Power Plant (Solar),Thermal/Power Industry,10.9,14.109,76.758,WRI Power Database
Kalhe,Power Plant (Solar),Thermal/Power Industry,5.0,18.882,73.1,WRI Power Database
Kalipi,Power Plant (Solar),Thermal/Power Industry,40.0,13.981,77.481,WRI Power Database
Kallurani Aadhavan,Power Plant (Solar),Thermal/Power Industry,50.0,9.446,78.15,WRI Power Database
Kallurani Phoebus,Power Plant (Solar),Thermal/Power Industry,50.0,9.454,78.152,WRI Power Database
Kallurani RT,Power Plant (Solar),Thermal/Power Industry,15.0,9.47,78.153,WRI Power Database
Kalwakurthy Haldiram,Power Plant (Solar),Thermal/Power Industry,10.0,16.696,78.489,WRI Power Database
Kalwakurthy Rays,Power Plant (Solar),Thermal/Power Industry,10.0,16.712,78.474,WRI Power Database
Kamalapuram,Power Plant (Solar),Thermal/Power Industry,10.0,9.119,78.103,WRI Power Database
Kamalpur SUTIP,Power Plant (Solar),Thermal/Power Industry,24.1,23.049,71.869,WRI Power Database
Kamalpur UPPL,Power Plant (Solar),Thermal/Power Industry,23.0,23.049,71.862,WRI Power Database
Kamareddy Mytrah,Power Plant (Solar),Thermal/Power Industry,50.0,18.363,78.213,WRI Power Database
Kamareddy SP,Power Plant (Solar),Thermal/Power Industry,34.0,18.38,78.265,WRI Power Database
Kamareddy Sky,Power Plant (Solar),Thermal/Power Industry,50.0,18.388,78.226,WRI Power Database
Kambadur,Power Plant (Solar),Thermal/Power Industry,11.2,14.392,77.204,WRI Power Database
Kambalahalli A,Power Plant (Solar),Thermal/Power Industry,30.0,14.203,77.38,WRI Power Database
Kambalahalli B,Power Plant (Solar),Thermal/Power Industry,30.0,14.195,77.347,WRI Power Database
Kamuthi Solar Power Plant,Power Plant (Solar),Thermal/Power Industry,648.0,9.3381,78.3917,WRI Power Database
Kanajanahalli,Power Plant (Solar),Thermal/Power Industry,20.0,14.126,76.81,WRI Power Database
Kanakagiri,Power Plant (Solar),Thermal/Power Industry,20.0,15.572,76.464,WRI Power Database
Kanakagiri A,Power Plant (Solar),Thermal/Power Industry,15.0,15.552,76.43,WRI Power Database
Kandagatla Keerthi,Power Plant (Solar),Thermal/Power Industry,8.0,17.271,79.597,WRI Power Database
Kandu Khera,Power Plant (Solar),Thermal/Power Industry,14.0,29.961,74.508,WRI Power Database
Kanheri Bhatyari,Power Plant (Solar),Thermal/Power Industry,20.0,22.334,74.707,WRI Power Database
Kanksha,Power Plant (Solar),Thermal/Power Industry,5.0,23.475,87.475,WRI Power Database
Kapeli,Power Plant (Solar),Thermal/Power Industry,10.2,23.457,76.118,WRI Power Database
Karahra Kalan,Power Plant (Solar),Thermal/Power Industry,10.0,25.32,79.812,WRI Power Database
Karajgi,Power Plant (Solar),Thermal/Power Industry,5.0,17.448,76.048,WRI Power Database
Karmaria Solar Power Plant,Power Plant (Solar),Thermal/Power Industry,15.0,23.35,70.388,WRI Power Database
Karoor,Power Plant (Solar),Thermal/Power Industry,10.0,16.861,78.093,WRI Power Database
Karur,Power Plant (Solar),Thermal/Power Industry,10.0,10.816,78.186,WRI Power Database
Karur Textile Park Wind Farm,Power Plant (Wind),Thermal/Power Industry,6.0,8.3091,77.6191,WRI Power Database
Kasaragod KSEB,Power Plant (Solar),Thermal/Power Industry,50.0,12.34,75.15,WRI Power Database
Kathauti 1 Solar Power Plant,Power Plant (Solar),Thermal/Power Industry,5.0,27.224,74.2524,WRI Power Database
Kathauti 2 Solar Power Plant,Power Plant (Solar),Thermal/Power Industry,40.0,27.2089,74.2553,WRI Power Database
Kathauti Azure 20,Power Plant (Solar),Thermal/Power Industry,20.0,27.204,74.254,WRI Power Database
Katol - Citra Solar Power Plant,Power Plant (Solar),Thermal/Power Industry,2.0,21.317,78.6025,WRI Power Database
Katol - Sepset Solar Power Plant,Power Plant (Solar),Thermal/Power Industry,2.0,21.3174,78.6001,WRI Power Database
Katol I,Power Plant (Solar),Thermal/Power Industry,4.0,21.3168,78.6021,WRI Power Database
Katol II,Power Plant (Solar),Thermal/Power Industry,40.0,21.315,78.6,WRI Power Database
Kauriwara,Power Plant (Solar),Thermal/Power Industry,24.0,29.675,75.3,WRI Power Database
Kavithal,Power Plant (Solar),Thermal/Power Industry,28.8,16.12,76.75,WRI Power Database
Kayanathar,Power Plant (Solar),Thermal/Power Industry,49.0,8.913,77.746,WRI Power Database
Kesinga,Power Plant (Solar),Thermal/Power Industry,10.0,20.205,83.25,WRI Power Database
Kewal,Power Plant (Solar),Thermal/Power Industry,20.0,29.895,75.075,WRI Power Database
Khadoda Solar Power Plant,Power Plant (Solar),Thermal/Power Industry,10.0,23.443,73.2014,WRI Power Database
Khaira Khurad,Power Plant (Solar),Thermal/Power Industry,25.0,29.658,75.264,WRI Power Database
Khandala Solar Power Plant,Power Plant (Solar),Thermal/Power Industry,5.2,18.6051,75.0381,WRI Power Database
Khariya Mishar,Power Plant (Solar),Thermal/Power Industry,80.0,24.865,78.665,WRI Power Database
Khera,Power Plant (Solar),Thermal/Power Industry,5.0,30.81,76.88,WRI Power Database
Khetusar - Northern Solar Power Plant,Power Plant (Solar),Thermal/Power Industry,20.0,27.3225,71.9951,WRI Power Database
Khetusar - Suryauday Solar Power Plant,Power Plant (Solar),Thermal/Power Industry,10.0,27.3247,71.991,WRI Power Database
Khialli Chahlian Wali,Power Plant (Solar),Thermal/Power Industry,15.0,30.026,75.411,WRI Power Database
Khilchipur Solar Power Plant,Power Plant (Solar),Thermal/Power Industry,25.0,24.0682,76.589,WRI Power Database
Khimsar,Power Plant (Solar),Thermal/Power Industry,5.0,26.97,73.392,WRI Power Database
Khirsara - Unity Solar Power Plant,Power Plant (Solar),Thermal/Power Industry,5.0,23.3578,70.0548,WRI Power Database
Khirsara - Welspun Solar Power Plant,Power Plant (Solar),Thermal/Power Industry,15.0,23.3618,70.0536,WRI Power Database
Khirwa Solar Power Plant,Power Plant (Solar),Thermal/Power Industry,1.0,27.301,72.3236,WRI Power Database
Khori Wind Farm,Power Plant (Wind),Thermal/Power Industry,20.8,21.167,74.3272,WRI Power Database
Khurpia,Power Plant (Solar),Thermal/Power Industry,12.5,28.96,79.525,WRI Power Database
Killanur A,Power Plant (Solar),Thermal/Power Industry,4.5,10.57,78.877,WRI Power Database
Killianwali,Power Plant (Solar),Thermal/Power Industry,24.0,29.95,74.676,WRI Power Database
Kisnayat Budhan GT,Power Plant (Solar),Thermal/Power Industry,5.0,27.901,72.936,WRI Power Database
Kisnayat Budhan NVR,Power Plant (Solar),Thermal/Power Industry,10.0,27.905,72.94,WRI Power Database
Kodaiyur,Power Plant (Solar),Thermal/Power Industry,5.0,10.856,77.977,WRI Power Database
Kodangal,Power Plant (Solar),Thermal/Power Industry,15.0,17.155,77.628,WRI Power Database
Kodur,Power Plant (Solar),Thermal/Power Industry,50.0,12.98,77.97,WRI Power Database
Kohinoor Wind Farm,Power Plant (Wind),Thermal/Power Industry,24.0,26.6797,71.026,WRI Power Database
Kolanpaka,Power Plant (Solar),Thermal/Power Industry,6.6,17.6703,79.0307,WRI Power Database
Kolihal I,Power Plant (Solar),Thermal/Power Industry,5.0,15.575,76.207,WRI Power Database
Kolihal II,Power Plant (Solar),Thermal/Power Industry,5.0,15.587,76.191,WRI Power Database
Komal West Solar Power Plant,Power Plant (Solar),Thermal/Power Industry,1.0,11.0118,79.5898,WRI Power Database
Kombhalne,Power Plant (Solar),Thermal/Power Industry,30.0,19.62,73.93,WRI Power Database
Kombukaranatham,Power Plant (Solar),Thermal/Power Industry,5.0,8.768,77.956,WRI Power Database
Koratagere,Power Plant (Solar),Thermal/Power Industry,20.0,13.51,77.24,WRI Power Database
Kosa Wind Farm,Power Plant (Wind),Thermal/Power Industry,33.0,23.3183,68.6988,WRI Power Database
Kotagulla,Power Plant (Solar),Thermal/Power Industry,5.0,14.165,78.143,WRI Power Database
Kothapalli Solar Park,Power Plant (Solar),Thermal/Power Industry,100.0,14.525,77.59,WRI Power Database
Kotra,Power Plant (Solar),Thermal/Power Industry,20.0,28.022,73.069,WRI Power Database
Kottamangalam Wind Farm,Power Plant (Wind),Thermal/Power Industry,56.25,10.6558,77.2471,WRI Power Database
Kottathara Village Wind Farm,Power Plant (Wind),Thermal/Power Industry,3.0,11.0951,76.6709,WRI Power Database
Kottathur,Power Plant (Solar),Thermal/Power Industry,10.0,11.122,78.689,WRI Power Database
Kovilpatti,Power Plant (Solar),Thermal/Power Industry,15.6,9.155,77.82,WRI Power Database
Kudankulam,Power Plant (Nuclear),Thermal/Power Industry,2000.0,8.1689,77.7126,WRI Power Database
Kudri Kotgi,Power Plant (Solar),Thermal/Power Industry,10.0,15.61,76.05,WRI Power Database
Kuhana,Power Plant (Solar),Thermal/Power Industry,50.0,26.099,79.605,WRI Power Database
Kunigal A,Power Plant (Solar),Thermal/Power Industry,5.5,13.04,76.923,WRI Power Database
Kunigal B,Power Plant (Solar),Thermal/Power Industry,6.0,12.864,77.113,WRI Power Database
Kuravapalli,Power Plant (Solar),Thermal/Power Industry,10.0,14.101,78.734,WRI Power Database
Kurdi Hero,Power Plant (Solar),Thermal/Power Industry,50.0,16.134,77.128,WRI Power Database
Kurmapally Gk,Power Plant (Solar),Thermal/Power Industry,48.0,16.772,78.868,WRI Power Database
Kurmapally Mytrah,Power Plant (Solar),Thermal/Power Industry,50.0,16.802,78.887,WRI Power Database
Kurmapally Sky,Power Plant (Solar),Thermal/Power Industry,50.0,16.837,78.956,WRI Power Database
LAKHERI CEMENT PLANT,Power Plant (Coal),Thermal/Power Industry,25.0,25.6732,76.1901,WRI Power Database
LAKWA GT,Power Plant (Gas),Thermal/Power Industry,211.955,27.0221,94.8833,WRI Power Database
LALITPUR TPP,Power Plant (Coal),Thermal/Power Industry,1980.0,24.7971,78.6463,WRI Power Database
LARA,Power Plant (Coal),Thermal/Power Industry,800.0,21.757,83.4573,WRI Power Database
LARGI,Power Plant (Hydro),Thermal/Power Industry,126.0,31.7196,77.212,WRI Power Database
LIGANAMAKKI,Power Plant (Hydro),Thermal/Power Industry,55.0,14.1704,74.8388,WRI Power Database
LITL Uthumalai,Power Plant (Wind),Thermal/Power Industry,10.0,8.9969,77.537,WRI Power Database
LNJP Bahla Basti Wind Farm,Power Plant (Wind),Thermal/Power Industry,20.0,26.5114,71.4974,WRI Power Database
LODHIVALI,Power Plant (Oil),Thermal/Power Industry,40.0,18.9002,73.2032,WRI Power Database
LOKMANGAL SUGAR ETHANOL,Power Plant (Biomass),Thermal/Power Industry,31.5,17.4462,75.7161,WRI Power Database
LOKTAK,Power Plant (Hydro),Thermal/Power Industry,105.0,24.587,93.6696,WRI Power Database
LOWER JHELUM,Power Plant (Hydro),Thermal/Power Industry,105.0,34.2189,74.5281,WRI Power Database
LOWER JURALA,Power Plant (Hydro),Thermal/Power Industry,240.0,16.3125,77.7773,WRI Power Database
LOWER METTUR,Power Plant (Hydro),Thermal/Power Industry,120.0,11.6425,77.7583,WRI Power Database
LOWER PERIYAR,Power Plant (Hydro),Thermal/Power Industry,180.0,9.9624,76.957,WRI Power Database
LOWER SILERU,Power Plant (Hydro),Thermal/Power Industry,460.0,17.8608,81.6814,WRI Power Database
LTML Wind Energy Project in Tamil Nadu,Power Plant (Wind),Thermal/Power Industry,9.7,9.087,77.6055,WRI Power Database
Ladpura,Power Plant (Solar),Thermal/Power Industry,50.0,26.058,77.325,WRI Power Database
Lakhewali Solar Power Plant,Power Plant (Solar),Thermal/Power Industry,2.1,30.4368,74.3316,WRI Power Database
Lakhmirwala Solar Power Plant,Power Plant (Solar),Thermal/Power Industry,20.0,29.8509,75.4023,WRI Power Database
Lallian Kalan Solar Power Plant,Power Plant (Solar),Thermal/Power Industry,1.0,31.2496,75.4826,WRI Power Database
Lalpur,Power Plant (Solar),Thermal/Power Industry,4.1,31.32,75.92,WRI Power Database
Lalpur Wind Farm,Power Plant (Wind),Thermal/Power Industry,50.4,22.1694,69.827,WRI Power Database
Lathi Solar Power Plant,Power Plant (Solar),Thermal/Power Industry,1.0,27.0321,71.5322,WRI Power Database
Latur,Power Plant (Solar),Thermal/Power Industry,10.0,18.385,76.495,WRI Power Database
Liberty Oil Satara Wind Farm,Power Plant (Wind),Thermal/Power Industry,2.4,17.8613,74.0733,WRI Power Database
Lingadalli,Power Plant (Solar),Thermal/Power Industry,40.0,17.509,76.994,WRI Power Database
Lingampally,Power Plant (Solar),Thermal/Power Industry,10.0,17.95,77.828,WRI Power Database
Lingampet Acme,Power Plant (Solar),Thermal/Power Industry,15.0,18.281,78.106,WRI Power Database
Lingapuram Suzlon,Power Plant (Solar),Thermal/Power Industry,15.0,18.315,78.204,WRI Power Database
Lomada,Power Plant (Solar),Thermal/Power Industry,30.0,14.588,78.215,WRI Power Database
Lumbaniya,Power Plant (Solar),Thermal/Power Industry,13.0,27.463,72.279,WRI Power Database
M.A.P.P.,Power Plant (Nuclear),Thermal/Power Industry,440.0,12.5571,80.1754,WRI Power Database
MACHKUND,Power Plant (Hydro),Thermal/Power Industry,114.75,18.5323,82.4645,WRI Power Database
MADHAVAMANTRI,Power Plant (Hydro),Thermal/Power Industry,4.5,12.2135,77.0225,WRI Power Database
MADHIKHEDA,Power Plant (Hydro),Thermal/Power Industry,60.0,25.5623,77.8348,WRI Power Database
MAHADEV PRASAD STPP,Power Plant (Coal),Thermal/Power Industry,540.0,22.8395,86.0613,WRI Power Database
MAHAN TPP,Power Plant (Coal),Thermal/Power Industry,1200.0,24.0077,82.4172,WRI Power Database
MAHATMA GANDHI TPP,Power Plant (Coal),Thermal/Power Industry,1320.0,28.49,76.351,WRI Power Database
MAHATMA SUGAR,Power Plant (Biomass),Thermal/Power Industry,15.0,20.8558,78.5814,WRI Power Database
MAHI BAJAJ I&II,Power Plant (Hydro),Thermal/Power Industry,140.0,23.5443,74.5062,WRI Power Database
MAHUL REFINERY,Power Plant (Oil),Thermal/Power Industry,22.0,19.0162,72.8963,WRI Power Database
MAIHAR CEMENT PLANT,Power Plant (Coal),Thermal/Power Industry,31.4,24.2021,80.7997,WRI Power Database
MAITHON,Power Plant (Hydro),Thermal/Power Industry,63.2,23.7872,86.8284,WRI Power Database
MAITHON RB TPP,Power Plant (Coal),Thermal/Power Industry,1050.0,23.8209,86.76,WRI Power Database
MALANA,Power Plant (Hydro),Thermal/Power Industry,186.0,32.0041,77.2494,WRI Power Database
MALLARPUR,Power Plant (Hydro),Thermal/Power Industry,9.0,15.3773,76.4591,WRI Power Database
MANERI BHALI,Power Plant (Hydro),Thermal/Power Industry,394.0,30.7294,78.4238,WRI Power Database
MANGALORE REFINERY,Power Plant (Gas),Thermal/Power Industry,166.5,12.9821,74.8496,WRI Power Database
MANGAON CCPP,Power Plant (Gas),Thermal/Power Industry,388.0,18.3879,73.3529,WRI Power Database
MANGLAM CEMENT,Power Plant (Coal),Thermal/Power Industry,25.0,24.7176,75.9522,WRI Power Database
MANI DPH,Power Plant (Hydro),Thermal/Power Industry,9.0,13.6763,75.0462,WRI Power Database
MANIKDOH,Power Plant (Hydro),Thermal/Power Industry,6.0,19.2345,73.8144,WRI Power Database
MANIKGARH CEMENT,Power Plant (Coal),Thermal/Power Industry,50.0,19.7235,79.1761,WRI Power Database
MANIYAR,Power Plant (Hydro),Thermal/Power Industry,12.0,9.3294,76.8798,WRI Power Database
MARATHA CEMENT PLANT,Power Plant (Coal),Thermal/Power Industry,45.0,19.703,79.2206,WRI Power Database
MARWA TPP,Power Plant (Coal),Thermal/Power Industry,1000.0,22.0708,82.6022,WRI Power Database
MATATILLA,Power Plant (Hydro),Thermal/Power Industry,30.6,25.1001,78.3717,WRI Power Database
MEJA STPP,Power Plant (Coal),Thermal/Power Industry,660.0,25.1447,81.9415,WRI Power Database
MEJIA,Power Plant (Coal),Thermal/Power Industry,1340.0,23.4639,87.1311,WRI Power Database
MEJIA TPS EXT,Power Plant (Coal),Thermal/Power Industry,1000.0,23.4639,87.1311,WRI Power Database
MELAMARUTHUR (MUTHIARA),Power Plant (Coal),Thermal/Power Industry,1200.0,8.9159,78.1374,WRI Power Database
METTUR,Power Plant (Coal),Thermal/Power Industry,840.0,11.7696,77.8138,WRI Power Database
METTUR DAM,Power Plant (Hydro),Thermal/Power Industry,250.0,11.8014,77.8085,WRI Power Database
METTUR TPS EXT,Power Plant (Coal),Thermal/Power Industry,600.0,11.7696,77.8138,WRI Power Database
MIHAN TPP,Power Plant (Coal),Thermal/Power Industry,246.0,21.0377,78.9334,WRI Power Database
MONARCHAK CCPP,Power Plant (Gas),Thermal/Power Industry,101.0,23.438,91.274,WRI Power Database
MORDI PLANT,Power Plant (Coal),Thermal/Power Industry,46.0,23.5496,74.4072,WRI Power Database
MOUDA STPS,Power Plant (Coal),Thermal/Power Industry,2320.0,21.1797,79.3978,WRI Power Database
MOYAR,Power Plant (Hydro),Thermal/Power Industry,36.0,11.6137,76.6919,WRI Power Database
MP1 Hero,Power Plant (Solar),Thermal/Power Industry,50.0,23.849,75.797,WRI Power Database
MRMPL Mudari Wind Farm,Power Plant (Wind),Thermal/Power Industry,20.0,26.8051,70.7381,WRI Power Database
MSPL Wind Farm,Power Plant (Wind),Thermal/Power Industry,78.9,15.1579,75.7965,WRI Power Database
MUDHOL CEMENT,Power Plant (Coal),Thermal/Power Industry,50.0,16.2017,75.3005,WRI Power Database
MUKERIAN I -IV,Power Plant (Hydro),Thermal/Power Industry,207.0,31.9553,75.836,WRI Power Database
MUL GRETA,Power Plant (Coal),Thermal/Power Industry,15.0,20.0805,79.7148,WRI Power Database
MUMBAI BPCL,Power Plant (Gas),Thermal/Power Industry,31.2,19.016,72.8948,WRI Power Database
MUMBAI JINDAL,Power Plant (Oil),Thermal/Power Industry,25.2,18.5309,72.9465,WRI Power Database
MUMBAI ONGC,Power Plant (Gas),Thermal/Power Industry,75.0,18.9988,72.8997,WRI Power Database
MUNDRA TPP,Power Plant (Coal),Thermal/Power Industry,4620.0,22.823,69.5532,WRI Power Database
MUNDRA UMPP,Power Plant (Coal),Thermal/Power Industry,4000.0,22.8158,69.5281,WRI Power Database
MUNIRABAD,Power Plant (Hydro),Thermal/Power Industry,28.3,15.2666,76.3288,WRI Power Database
MUNOLI DISTILLERY,Power Plant (Biomass),Thermal/Power Industry,11.2,15.8555,75.1002,WRI Power Database
MURBAD PLANT,Power Plant (Coal),Thermal/Power Industry,15.0,19.261,73.3638,WRI Power Database
MUZAFFARPUR,Power Plant (Coal),Thermal/Power Industry,610.0,26.1953,85.3017,WRI Power Database
MYNTDU,Power Plant (Hydro),Thermal/Power Industry,126.0,25.2354,92.2279,WRI Power Database
Madaram ISCPL,Power Plant (Solar),Thermal/Power Industry,5.0,19.147,79.425,WRI Power Database
Madhugiri,Power Plant (Solar),Thermal/Power Industry,20.0,13.68,77.195,WRI Power Database
Magadi,Power Plant (Solar),Thermal/Power Industry,20.0,12.8703,77.295,WRI Power Database
Magania,Power Plant (Solar),Thermal/Power Industry,50.0,29.819,75.574,WRI Power Database
Mahoba Acme,Power Plant (Solar),Thermal/Power Industry,20.0,25.32,79.58,WRI Power Database
Mahoba Adani,Power Plant (Solar),Thermal/Power Industry,50.0,25.305,79.81,WRI Power Database
Mahrauni Khurd,Power Plant (Solar),Thermal/Power Industry,10.0,24.793,78.4124,WRI Power Database
Makthal SLE,Power Plant (Solar),Thermal/Power Industry,10.0,16.464,77.497,WRI Power Database
Maloshi Wind Farm,Power Plant (Wind),Thermal/Power Industry,14.65,17.5727,73.9032,WRI Power Database
Manamunda,Power Plant (Solar),Thermal/Power Industry,20.0,20.783,83.891,WRI Power Database
Manapur,Power Plant (Solar),Thermal/Power Industry,50.0,20.3,75.79,WRI Power Database
Manarchak,Power Plant (Solar),Thermal/Power Industry,5.0,23.465,91.275,WRI Power Database
Manchini ACME,Power Plant (Solar),Thermal/Power Industry,50.0,18.691,79.63,WRI Power Database
Manchitiya Jakson,Power Plant (Solar),Thermal/Power Industry,24.0,27.48,72.309,WRI Power Database
Manchitiya Symphony,Power Plant (Solar),Thermal/Power Industry,10.0,27.451,72.339,WRI Power Database
Mandamarri Renew,Power Plant (Solar),Thermal/Power Industry,48.0,18.985,79.446,WRI Power Database
Mandrup - Giriraj Solar Power Plant,Power Plant (Solar),Thermal/Power Industry,6.6,17.4999,75.781,WRI Power Database
Mandrup II,Power Plant (Solar),Thermal/Power Industry,25.9,17.499,75.779,WRI Power Database
Mandrup III,Power Plant (Solar),Thermal/Power Industry,4.0,17.5008,75.7876,WRI Power Database
Mandsaur 1,Power Plant (Solar),Thermal/Power Industry,50.0,24.085,75.795,WRI Power Database
Mandsaur 2,Power Plant (Solar),Thermal/Power Industry,50.0,24.085,75.795,WRI Power Database
Mandsaur 3,Power Plant (Solar),Thermal/Power Industry,50.0,24.085,75.795,WRI Power Database
Mandsaur 4,Power Plant (Solar),Thermal/Power Industry,50.0,24.085,75.795,WRI Power Database
Mandsaur 5,Power Plant (Solar),Thermal/Power Industry,50.0,24.085,75.795,WRI Power Database
Mangalore Port,Power Plant (Solar),Thermal/Power Industry,4.0,12.9435,74.8239,WRI Power Database
Mangalwedha,Power Plant (Solar),Thermal/Power Industry,20.0,17.538,75.433,WRI Power Database
Manglore,Power Plant (Solar),Thermal/Power Industry,20.0,29.738,77.93,WRI Power Database
Mankhera,Power Plant (Solar),Thermal/Power Industry,25.0,29.589,75.242,WRI Power Database
Manuguru,Power Plant (Solar),Thermal/Power Industry,12.0,17.882,80.86,WRI Power Database
Marikal,Power Plant (Solar),Thermal/Power Industry,20.0,16.628,77.664,WRI Power Database
Mauja,Power Plant (Solar),Thermal/Power Industry,8.1,25.317,79.814,WRI Power Database
Mayakonda,Power Plant (Solar),Thermal/Power Industry,20.0,14.275,76.07,WRI Power Database
Medak Mytrah,Power Plant (Solar),Thermal/Power Industry,15.0,18.144,78.651,WRI Power Database
Medak Rays,Power Plant (Solar),Thermal/Power Industry,5.0,18.056,78.407,WRI Power Database
Mejia,Power Plant (Solar),Thermal/Power Industry,10.0,23.535,87.065,WRI Power Database
Melamudimannar,Power Plant (Solar),Thermal/Power Industry,18.0,9.416,78.248,WRI Power Database
Meravadar GIS,Power Plant (Solar),Thermal/Power Industry,10.0,21.736,70.116,WRI Power Database
Meravadar GMPL,Power Plant (Solar),Thermal/Power Industry,5.0,21.733,70.105,WRI Power Database
Midjil,Power Plant (Solar),Thermal/Power Industry,10.1,16.743,78.358,WRI Power Database
Minpoor ES,Power Plant (Solar),Thermal/Power Industry,50.0,17.994,78.048,WRI Power Database
Minpoor Renew,Power Plant (Solar),Thermal/Power Industry,100.0,17.961,78.055,WRI Power Database
Minpur Sky,Power Plant (Solar),Thermal/Power Industry,50.0,18.05,78.075,WRI Power Database
Mirpur Kalan - Alianz Eco Solar Power Plant,Power Plant (Solar),Thermal/Power Industry,2.1,29.7303,75.3099,WRI Power Database
Mirpur Kalan - Nexgen Solux Solar Power Plant,Power Plant (Solar),Thermal/Power Industry,1.0,29.7311,75.308,WRI Power Database
Mirzapur,Power Plant (Solar),Thermal/Power Industry,75.0,25.1,82.38,WRI Power Database
Mithapur Solar Power Plant,Power Plant (Solar),Thermal/Power Industry,17.0,22.4077,68.9925,WRI Power Database
Mithi,Power Plant (Solar),Thermal/Power Industry,6.0,28.6966,75.5823,WRI Power Database
Mograle,Power Plant (Solar),Thermal/Power Industry,50.0,17.874,74.545,WRI Power Database
Mohari,Power Plant (Solar),Thermal/Power Industry,10.0,18.6667,75.5167,WRI Power Database
Mokal Wind Farm,Power Plant (Wind),Thermal/Power Industry,31.5,27.1657,70.7455,WRI Power Database
Mokla Wind farm,Power Plant (Wind),Thermal/Power Industry,52.5,27.1611,70.681,WRI Power Database
Molga,Power Plant (Solar),Thermal/Power Industry,50.0,23.039,76.941,WRI Power Database
Monjanur,Power Plant (Solar),Thermal/Power Industry,15.0,10.967,77.778,WRI Power Database
Moolippatti,Power Plant (Solar),Thermal/Power Industry,40.0,9.644,77.851,WRI Power Database
Moovanur GRT 1,Power Plant (Solar),Thermal/Power Industry,5.0,11.0027,78.6108,WRI Power Database
Moovanur GRT 2,Power Plant (Solar),Thermal/Power Industry,5.0,11.0003,78.6101,WRI Power Database
Moovanur GRT 3,Power Plant (Solar),Thermal/Power Industry,5.0,11.0005,78.6129,WRI Power Database
Mouje,Power Plant (Solar),Thermal/Power Industry,20.0,23.378,70.558,WRI Power Database
Muddebihal,Power Plant (Solar),Thermal/Power Industry,20.0,16.256,76.16,WRI Power Database
Mudhol-Chikoppa,Power Plant (Solar),Thermal/Power Industry,30.0,15.65,75.985,WRI Power Database
Mugalkhod,Power Plant (Solar),Thermal/Power Industry,50.0,16.41,75.195,WRI Power Database
Muktainagar Edge,Power Plant (Solar),Thermal/Power Industry,50.0,21.015,76.04,WRI Power Database
Muktainagar Essel,Power Plant (Solar),Thermal/Power Industry,20.0,21.06,76.08,WRI Power Database
Muktainagar Sukhbir,Power Plant (Solar),Thermal/Power Industry,20.0,21.04,76.025,WRI Power Database
Muktainagar Vijay,Power Plant (Solar),Thermal/Power Industry,10.0,21.045,76.05,WRI Power Database
Mukundarayappuram,Power Plant (Solar),Thermal/Power Industry,5.0,12.988,79.294,WRI Power Database
Mulaj,Power Plant (Solar),Thermal/Power Industry,20.0,17.85,76.705,WRI Power Database
Mulbagal,Power Plant (Solar),Thermal/Power Industry,20.0,13.165,78.365,WRI Power Database
Mulshi Solar Power Plant,Power Plant (Solar),Thermal/Power Industry,3.0,18.4921,73.5081,WRI Power Database
Munanjipatti,Power Plant (Solar),Thermal/Power Industry,7.7,8.535,77.8,WRI Power Database
Mundra,Power Plant (Solar),Thermal/Power Industry,9.3,22.89,69.695,WRI Power Database
Munipalli,Power Plant (Solar),Thermal/Power Industry,5.0,17.69,77.861,WRI Power Database
Muradwala Dal Singh Solar Power Plant,Power Plant (Solar),Thermal/Power Industry,21.0,29.7303,75.3099,WRI Power Database
Muradwala Dalsingh,Power Plant (Solar),Thermal/Power Industry,21.0,30.252,74.251,WRI Power Database
Musri,Power Plant (Solar),Thermal/Power Industry,20.0,11.083,78.506,WRI Power Database
Muthuramalingapuram,Power Plant (Solar),Thermal/Power Industry,8.0,9.437,78.173,WRI Power Database
Muttam,Power Plant (Solar),Thermal/Power Industry,4.0,10.8245,79.8147,WRI Power Database
N.A.P.S,Power Plant (Nuclear),Thermal/Power Industry,440.0,28.156,78.4089,WRI Power Database
NABI NAGAR TPP,Power Plant (Coal),Thermal/Power Industry,750.0,24.7754,84.1588,WRI Power Database
NAGARJUNA SAGAR,Power Plant (Hydro),Thermal/Power Industry,815.6,16.5678,79.3442,WRI Power Database
NAGARJUNA SAGAR   TPD,Power Plant (Hydro),Thermal/Power Industry,50.0,16.626,79.4909,WRI Power Database
NAGDA GRASIM,Power Plant (Coal),Thermal/Power Industry,45.5,23.4469,75.408,WRI Power Database
NAGOTHANE COMPLEX,Power Plant (Oil),Thermal/Power Industry,78.9,18.8829,73.1862,WRI Power Database
NAGPUR GMT,Power Plant (Biomass),Thermal/Power Industry,10.0,21.0582,79.485,WRI Power Database
NAGPUR MILL,Power Plant (Biomass),Thermal/Power Industry,18.9,20.8062,79.0548,WRI Power Database
NAGPUR SPONGE IRON,Power Plant (Coal),Thermal/Power Industry,65.0,20.9276,79.2455,WRI Power Database
NAMRUP GT,Power Plant (Gas),Thermal/Power Industry,161.75,27.1858,95.376,WRI Power Database
NARASINGPUR,Power Plant (Biomass),Thermal/Power Industry,10.0,22.9649,78.8132,WRI Power Database
NARAYANPUR,Power Plant (Hydro),Thermal/Power Industry,11.6,16.2365,76.3369,WRI Power Database
NARIMANGLAM,Power Plant (Hydro),Thermal/Power Industry,45.0,9.9533,76.9792,WRI Power Database
NASIK,Power Plant (Coal),Thermal/Power Industry,630.0,19.9817,73.8896,WRI Power Database
NASIK SINNAR,Power Plant (Coal),Thermal/Power Industry,270.0,19.8658,74.0835,WRI Power Database
NASIK TPP  PH 1,Power Plant (Coal),Thermal/Power Industry,1350.0,19.9817,73.8896,WRI Power Database
NATHPA JHAKRI,Power Plant (Hydro),Thermal/Power Industry,1500.0,31.564,77.98,WRI Power Database
NAWAPARA,Power Plant (Coal),Thermal/Power Industry,600.0,21.92,83.2788,WRI Power Database
NEPANAGAR MILL,Power Plant (Coal),Thermal/Power Industry,12.27,21.4504,76.4014,WRI Power Database
NEW UMTRU,Power Plant (Hydro),Thermal/Power Industry,40.0,26.0132,91.8239,WRI Power Database
NEYVELI FST EXT,Power Plant (Coal),Thermal/Power Industry,420.0,11.5887,79.4611,WRI Power Database
NEYVELI ST I,Power Plant (Coal),Thermal/Power Industry,600.0,11.5893,79.4704,WRI Power Database
NEYVELI ST II,Power Plant (Coal),Thermal/Power Industry,1470.0,11.5576,79.4417,WRI Power Database
NEYVELI TPS EXP -II,Power Plant (Coal),Thermal/Power Industry,500.0,11.5534,79.4408,WRI Power Database
NEYVELI TPS(Z),Power Plant (Coal),Thermal/Power Industry,250.0,11.5401,79.4159,WRI Power Database
NIGRI,Power Plant (Coal),Thermal/Power Industry,1320.0,24.15,81.9045,WRI Power Database
NIMBAHERA JK CEMENT,Power Plant (Coal),Thermal/Power Industry,33.2,24.6428,74.6843,WRI Power Database
NIMOO BAZGO,Power Plant (Hydro),Thermal/Power Industry,45.0,34.2154,77.1842,WRI Power Database
NITIN PLANT,Power Plant (Coal),Thermal/Power Industry,10.5,25.2042,74.6092,WRI Power Database
NIZAM SAGAR,Power Plant (Hydro),Thermal/Power Industry,10.0,18.2172,77.9576,WRI Power Database
NLC Ramanathapuram,Power Plant (Solar),Thermal/Power Industry,100.0,9.444,78.572,WRI Power Database
NMDC Anehalu Wind Farm,Power Plant (Wind),Thermal/Power Industry,10.5,14.098,76.3154,WRI Power Database
NORTH CHENNAI,Power Plant (Coal),Thermal/Power Industry,630.0,13.245,80.3257,WRI Power Database
NORTH CHENNAI EXTENSION,Power Plant (Coal),Thermal/Power Industry,1200.0,13.245,80.3257,WRI Power Database
NPKSP} Acme,Power Plant (Solar),Thermal/Power Industry,150.0,14.025,78.415,WRI Power Database
NPKSP} Adani,Power Plant (Solar),Thermal/Power Industry,50.0,14.011,78.439,WRI Power Database
NPKSP} Azure D,Power Plant (Solar),Thermal/Power Industry,50.0,14.034,78.443,WRI Power Database
NPKSP} Azure O,Power Plant (Solar),Thermal/Power Industry,200.0,14.024,78.446,WRI Power Database
NPKSP} FRV,Power Plant (Solar),Thermal/Power Industry,100.0,14.02,78.415,WRI Power Database
NPKSP} Greenko,Power Plant (Solar),Thermal/Power Industry,500.0,14.101,78.463,WRI Power Database
NPKSP} Tata I,Power Plant (Solar),Thermal/Power Industry,100.0,14.026,78.434,WRI Power Database
NPKSP} Tata NSM-P2B3,Power Plant (Solar),Thermal/Power Industry,100.0,14.041,78.43,WRI Power Database
NURANANG,Power Plant (Hydro),Thermal/Power Industry,6.0,27.5882,91.981,WRI Power Database
N_SAGAR LBC,Power Plant (Hydro),Thermal/Power Industry,60.0,16.5697,79.3389,WRI Power Database
N_SAGAR RBC,Power Plant (Hydro),Thermal/Power Industry,90.0,16.5697,79.3389,WRI Power Database
Naga Samudra,Power Plant (Solar),Thermal/Power Industry,7.0,14.821,76.748,WRI Power Database
Naga Samudra extn,Power Plant (Solar),Thermal/Power Industry,11.0,14.821,76.748,WRI Power Database
Nagarkurnool Keerthi,Power Plant (Solar),Thermal/Power Industry,10.0,16.499,78.35,WRI Power Database
Nagarkurnool Mytrah,Power Plant (Solar),Thermal/Power Industry,15.0,16.499,78.382,WRI Power Database
Nagda Hills Wind Energy project,Power Plant (Wind),Thermal/Power Industry,6.25,22.8985,76.0718,WRI Power Database
Nagercoli Wind Farm,Power Plant (Wind),Thermal/Power Industry,37.6,8.1784,77.6873,WRI Power Database
Nagla,Power Plant (Solar),Thermal/Power Industry,4.1,29.8595,75.1924,WRI Power Database
Nagwar,Power Plant (Solar),Thermal/Power Industry,5.0,17.8728,77.732,WRI Power Database
Naini Solar Power Plant,Power Plant (Solar),Thermal/Power Industry,5.8,25.3723,81.8717,WRI Power Database
Nallakonda Wind Farm,Power Plant (Wind),Thermal/Power Industry,50.4,14.1651,77.5713,WRI Power Database
Nallur,Power Plant (Solar),Thermal/Power Industry,40.0,12.84,76.375,WRI Power Database
Nandipet Acme,Power Plant (Solar),Thermal/Power Industry,15.0,18.863,78.182,WRI Power Database
Nandipet SD,Power Plant (Solar),Thermal/Power Industry,20.0,18.895,78.201,WRI Power Database
Nangla,Power Plant (Solar),Thermal/Power Industry,15.0,29.859,75.21,WRI Power Database
Naragund,Power Plant (Solar),Thermal/Power Industry,20.0,15.788,75.496,WRI Power Database
Narayangarh,Power Plant (Solar),Thermal/Power Industry,24.0,24.255,75.025,WRI Power Database
Narayankhed,Power Plant (Solar),Thermal/Power Industry,5.0,18.002,77.734,WRI Power Database
Nargund Wind Farm,Power Plant (Wind),Thermal/Power Industry,7.2,15.7319,75.3789,WRI Power Database
Narikudi,Power Plant (Solar),Thermal/Power Industry,60.0,9.568,78.31,WRI Power Database
Narmada canal,Power Plant (Solar),Thermal/Power Industry,10.0,22.351,73.19,WRI Power Database
Nasirpur,Power Plant (Solar),Thermal/Power Industry,50.0,26.074,79.556,WRI Power Database
Nayka,Power Plant (Solar),Thermal/Power Industry,12.3,23.651,71.699,WRI Power Database
Nednoor Cybercity,Power Plant (Solar),Thermal/Power Industry,5.0,17.058,78.466,WRI Power Database
Neemrana,Power Plant (Solar),Thermal/Power Industry,5.0,27.945,76.36,WRI Power Database
Neemuch,Power Plant (Solar),Thermal/Power Industry,131.0,24.688,75.13,WRI Power Database
Neerdigunta A,Power Plant (Solar),Thermal/Power Industry,7.6,17.838,78.017,WRI Power Database
Nellorepalem,Power Plant (Solar),Thermal/Power Industry,5.0,14.68,79.645,WRI Power Database
Neralakunte,Power Plant (Solar),Thermal/Power Industry,10.0,13.992,77.366,WRI Power Database
Neralakunte A,Power Plant (Solar),Thermal/Power Industry,4.5,13.9922,77.3618,WRI Power Database
Neyveli,Power Plant (Solar),Thermal/Power Industry,10.0,11.611,79.52,WRI Power Database
Neyveli NLC1,Power Plant (Solar),Thermal/Power Industry,65.0,11.623,79.532,WRI Power Database
Neyveli NLC2,Power Plant (Solar),Thermal/Power Industry,65.0,11.63,79.494,WRI Power Database
Nimbal Gulbarga A,Power Plant (Solar),Thermal/Power Industry,5.0,17.093,75.872,WRI Power Database
Nimbal Gulbarga B,Power Plant (Solar),Thermal/Power Industry,5.0,17.084,75.873,WRI Power Database
Nimbera,Power Plant (Solar),Thermal/Power Industry,10.0,25.65,74.87,WRI Power Database
Nirmal Acme,Power Plant (Solar),Thermal/Power Industry,50.0,19.133,78.242,WRI Power Database
Nirmal Mahindra,Power Plant (Solar),Thermal/Power Industry,50.0,19.048,78.288,WRI Power Database
Nokh - GGEL Solar Power Plant,Power Plant (Solar),Thermal/Power Industry,50.0,27.6007,72.2242,WRI Power Database
Nokh - Precision Technik Solar Power Plant,Power Plant (Solar),Thermal/Power Industry,5.0,27.5728,72.206,WRI Power Database
Nokha Daiya Solar Power Plant,Power Plant (Solar),Thermal/Power Industry,5.0,28.1371,72.9661,WRI Power Database
Nokha-Daiya Trimex,Power Plant (Solar),Thermal/Power Industry,9.0,28.137,72.967,WRI Power Database
NuPower Tirunelveli Wind Farm,Power Plant (Wind),Thermal/Power Industry,150.0,9.0737,77.4753,WRI Power Database
OBRA,Power Plant (Hydro),Thermal/Power Industry,99.0,24.4375,82.9655,WRI Power Database
OBRA-A,Power Plant (Coal),Thermal/Power Industry,1094.0,24.4448,82.9803,WRI Power Database
OF Medak,Power Plant (Solar),Thermal/Power Industry,15.0,17.514,78.141,WRI Power Database
OMKARESHWAR,Power Plant (Hydro),Thermal/Power Industry,520.0,22.2418,76.1619,WRI Power Database
ONGC Jerat Wind Farm,Power Plant (Wind),Thermal/Power Industry,102.0,26.818,71.0643,WRI Power Database
ONGC Kutch Wind Farm,Power Plant (Wind),Thermal/Power Industry,51.0,23.1689,68.6975,WRI Power Database
Orai,Power Plant (Solar),Thermal/Power Industry,15.0,26.005,79.515,WRI Power Database
P.NALLUR CCGT,Power Plant (Gas),Thermal/Power Industry,330.5,11.0749,79.834,WRI Power Database
PAGUTHAN,Power Plant (Gas),Thermal/Power Industry,655.0,21.78,72.979,WRI Power Database
PAINAMPURAM,Power Plant (Coal),Thermal/Power Industry,1320.0,14.3512,80.1431,WRI Power Database
PAITHON,Power Plant (Hydro),Thermal/Power Industry,12.0,19.4834,75.3696,WRI Power Database
PALATANA CCPP,Power Plant (Gas),Thermal/Power Industry,726.6,23.4987,91.4385,WRI Power Database
PALLIVASAL,Power Plant (Hydro),Thermal/Power Industry,37.5,10.0314,77.0548,WRI Power Database
PAMPORE GT,Power Plant (Oil),Thermal/Power Industry,175.0,34.004,74.9175,WRI Power Database
PANCHET,Power Plant (Hydro),Thermal/Power Industry,80.0,23.6815,86.7473,WRI Power Database
PANIPAT,Power Plant (Coal),Thermal/Power Industry,920.0,29.3975,76.8763,WRI Power Database
PANNIAR,Power Plant (Hydro),Thermal/Power Industry,30.0,9.9731,77.0281,WRI Power Database
PAPANASAM,Power Plant (Hydro),Thermal/Power Industry,32.0,8.7065,77.3627,WRI Power Database
PARAS,Power Plant (Coal),Thermal/Power Industry,500.0,20.7147,76.7948,WRI Power Database
PARBATI-III,Power Plant (Hydro),Thermal/Power Industry,520.0,31.7398,77.2576,WRI Power Database
PARBHANI GANGAKHED,Power Plant (Biomass),Thermal/Power Industry,30.0,18.9057,76.7282,WRI Power Database
PARE,Power Plant (Hydro),Thermal/Power Industry,110.0,27.2387,93.8107,WRI Power Database
PARICHA,Power Plant (Coal),Thermal/Power Industry,1140.0,25.5124,78.7588,WRI Power Database
PARLI,Power Plant (Coal),Thermal/Power Industry,1170.0,18.8685,76.5254,WRI Power Database
PARSEN_S VALLE,Power Plant (Hydro),Thermal/Power Industry,30.0,11.3646,76.6045,WRI Power Database
PATALGANGA,Power Plant (Gas),Thermal/Power Industry,66.0,18.8834,73.1814,WRI Power Database
PATHADI TPS PH -I,Power Plant (Coal),Thermal/Power Industry,600.0,22.2454,82.7246,WRI Power Database
PATHRI,Power Plant (Hydro),Thermal/Power Industry,20.4,29.9274,78.0415,WRI Power Database
PAWANA,Power Plant (Hydro),Thermal/Power Industry,10.0,18.6814,73.4948,WRI Power Database
PEDDAPURAM CCGT(Samalkot),Power Plant (Gas),Thermal/Power Industry,220.0,17.0853,82.1283,WRI Power Database
PENCH,Power Plant (Hydro),Thermal/Power Industry,160.0,21.4813,79.2086,WRI Power Database
PENNA AHOBELAM,Power Plant (Hydro),Thermal/Power Industry,20.0,14.6859,77.7147,WRI Power Database
PERIYAR,Power Plant (Hydro),Thermal/Power Industry,161.0,9.6266,77.1905,WRI Power Database
PIPAVAV CCCP,Power Plant (Gas),Thermal/Power Industry,702.86,20.8986,71.4693,WRI Power Database
POCHAMPAD,Power Plant (Hydro),Thermal/Power Industry,36.0,18.9766,78.2563,WRI Power Database
PONG,Power Plant (Hydro),Thermal/Power Industry,396.0,31.9667,75.9469,WRI Power Database
PORINGALKUTTU,Power Plant (Hydro),Thermal/Power Industry,32.0,10.3118,76.617,WRI Power Database
PORINGALKUTTU L,Power Plant (Hydro),Thermal/Power Industry,16.0,10.3118,76.617,WRI Power Database
PRAGATI CCCP -III,Power Plant (Gas),Thermal/Power Industry,1371.2,28.7962,77.0706,WRI Power Database
PRAGATI CCGT,Power Plant (Gas),Thermal/Power Industry,330.0,28.6146,77.2528,WRI Power Database
PRIYADARSHNI JURALA,Power Plant (Hydro),Thermal/Power Industry,234.0,16.3328,77.7036,WRI Power Database
PRYAGRAJ (BARA) TPP,Power Plant (Coal),Thermal/Power Industry,1980.0,25.196,81.6594,WRI Power Database
PULICHINTALA,Power Plant (Hydro),Thermal/Power Industry,120.0,16.7739,80.0525,WRI Power Database
PUNE MILL,Power Plant (Coal),Thermal/Power Industry,30.0,18.2417,74.7531,WRI Power Database
PURULIA PSS,Power Plant (Hydro),Thermal/Power Industry,900.0,23.1975,86.097,WRI Power Database
PYKARA,Power Plant (Hydro),Thermal/Power Industry,59.2,11.5336,76.6011,WRI Power Database
PYKARA ALIMATE,Power Plant (Hydro),Thermal/Power Industry,150.0,11.5336,76.6011,WRI Power Database
PaSP} AR,Power Plant (Solar),Thermal/Power Industry,50.0,14.256,77.414,WRI Power Database
PaSP} Acme O1,Power Plant (Solar),Thermal/Power Industry,50.0,14.266,77.477,WRI Power Database
PaSP} Acme O2,Power Plant (Solar),Thermal/Power Industry,50.0,14.266,77.469,WRI Power Database
PaSP} Adani D1,Power Plant (Solar),Thermal/Power Industry,50.0,14.259,77.485,WRI Power Database
PaSP} Adani O1,Power Plant (Solar),Thermal/Power Industry,50.0,14.238,77.483,WRI Power Database
PaSP} Adani O2,Power Plant (Solar),Thermal/Power Industry,50.0,14.252,77.486,WRI Power Database
PaSP} Fortum O1,Power Plant (Solar),Thermal/Power Industry,50.0,14.243,77.467,WRI Power Database
PaSP} Fortum O2,Power Plant (Solar),Thermal/Power Industry,50.0,14.237,77.467,WRI Power Database
PaSP} Rattan,Power Plant (Solar),Thermal/Power Industry,50.0,14.231,77.461,WRI Power Database
PaSP} Renew 1,Power Plant (Solar),Thermal/Power Industry,50.0,14.251,77.457,WRI Power Database
PaSP} Renew 2,Power Plant (Solar),Thermal/Power Industry,300.0,14.284,77.4,WRI Power Database
PaSP} Tata D1,Power Plant (Solar),Thermal/Power Industry,50.0,14.252,77.475,WRI Power Database
PaSP} Tata O1,Power Plant (Solar),Thermal/Power Industry,50.0,14.237,77.45,WRI Power Database
PaSP} Tata O2,Power Plant (Solar),Thermal/Power Industry,50.0,14.246,77.453,WRI Power Database
Pachama,Power Plant (Solar),Thermal/Power Industry,10.0,23.815,77.895,WRI Power Database
Padliya,Power Plant (Solar),Thermal/Power Industry,25.0,24.788,75.085,WRI Power Database
Paithan,Power Plant (Solar),Thermal/Power Industry,30.0,19.49,75.415,WRI Power Database
Palaswade,Power Plant (Solar),Thermal/Power Industry,25.0,17.56,74.835,WRI Power Database
Palaswade 2,Power Plant (Solar),Thermal/Power Industry,30.0,17.561,74.827,WRI Power Database
Palavalli,Power Plant (Solar),Thermal/Power Industry,50.0,14.142,77.316,WRI Power Database
Palimarwar,Power Plant (Solar),Thermal/Power Industry,10.0,25.735,73.59,WRI Power Database
Palvai-Sheripally,Power Plant (Solar),Thermal/Power Industry,10.0,17.965,78.55,WRI Power Database
Pambur GRT 1,Power Plant (Solar),Thermal/Power Industry,5.0,9.4511,78.5748,WRI Power Database
Pambur GRT 2,Power Plant (Solar),Thermal/Power Industry,5.0,9.4533,78.5758,WRI Power Database
Panandhro Solar Power Plant,Power Plant (Solar),Thermal/Power Industry,5.0,23.6788,68.7653,WRI Power Database
Panipat,Power Plant (Solar),Thermal/Power Industry,10.0,29.389,76.871,WRI Power Database
Panwari,Power Plant (Solar),Thermal/Power Industry,5.5,25.46,79.465,WRI Power Database
Panyala,Power Plant (Solar),Thermal/Power Industry,5.0,17.742,78.142,WRI Power Database
Parashuramadevara Kote,Power Plant (Solar),Thermal/Power Industry,30.0,14.039,76.906,WRI Power Database
Parigi Global,Power Plant (Solar),Thermal/Power Industry,10.0,17.216,77.893,WRI Power Database
Parigi Minopharm,Power Plant (Solar),Thermal/Power Industry,5.0,17.232,77.865,WRI Power Database
Parigi SSJ,Power Plant (Solar),Thermal/Power Industry,5.0,17.167,77.915,WRI Power Database
Parli,Power Plant (Solar),Thermal/Power Industry,50.0,18.875,76.515,WRI Power Database
Patan Taluka Wind Farm,Power Plant (Wind),Thermal/Power Industry,65.6,17.2684,73.8368,WRI Power Database
Pathrala,Power Plant (Solar),Thermal/Power Industry,4.1,29.9846,74.7522,WRI Power Database
Patnaik Hatti Wind Farm,Power Plant (Wind),Thermal/Power Industry,15.0,21.1902,74.3795,WRI Power Database
Patnaik Jamnagar Wind Farm,Power Plant (Wind),Thermal/Power Industry,35.2,22.0983,70.2729,WRI Power Database
Patni,Power Plant (Solar),Thermal/Power Industry,10.0,22.125,87.34,WRI Power Database
Patodi Solar Power Plant,Power Plant (Solar),Thermal/Power Industry,1.0,26.0748,72.2677,WRI Power Database
Peddaumenthal,Power Plant (Solar),Thermal/Power Industry,5.0,17.2287,77.9762,WRI Power Database
Peravali,Power Plant (Solar),Thermal/Power Industry,4.4,16.7383,81.7631,WRI Power Database
Periyapattana,Power Plant (Solar),Thermal/Power Industry,20.0,12.392,76.175,WRI Power Database
Phagi Solar Power Plant,Power Plant (Solar),Thermal/Power Industry,1.0,26.5653,75.5622,WRI Power Database
Phalodi LNB,Power Plant (Solar),Thermal/Power Industry,22.6,27.11,72.34,WRI Power Database
Pokharapur,Power Plant (Solar),Thermal/Power Industry,11.0,17.82,75.58,WRI Power Database
Pokhran FVE Solar Power Plant,Power Plant (Solar),Thermal/Power Industry,40.0,26.8022,72.0078,WRI Power Database
Pokhran Seamless,Power Plant (Solar),Thermal/Power Industry,5.0,26.872,71.907,WRI Power Database
Pokhran THE Solar Power Plant,Power Plant (Solar),Thermal/Power Industry,100.0,26.7874,72.0099,WRI Power Database
Ponnusangampatti,Power Plant (Solar),Thermal/Power Industry,50.0,11.066,78.494,WRI Power Database
Powerica Jangi Vandjiya,Power Plant (Wind),Thermal/Power Industry,21.8,23.2478,70.5948,WRI Power Database
Powerica Kutch Wind Farm,Power Plant (Wind),Thermal/Power Industry,14.85,23.1897,70.6216,WRI Power Database
Powerica Theni Wind Farm,Power Plant (Wind),Thermal/Power Industry,9.9,9.9855,77.5777,WRI Power Database
Powerica Tirunelveli Wind Farm,Power Plant (Wind),Thermal/Power Industry,16.5,9.0198,77.4501,WRI Power Database
Pratapgarh Solar Power Plant,Power Plant (Solar),Thermal/Power Industry,9.0,23.3682,70.7432,WRI Power Database
Precious Solar Power Plant,Power Plant (Solar),Thermal/Power Industry,15.2,23.9151,71.9424,WRI Power Database
Puchakayala,Power Plant (Solar),Thermal/Power Industry,20.0,15.362,77.49,WRI Power Database
Pudukottai Aeon,Power Plant (Solar),Thermal/Power Industry,15.0,10.564,77.925,WRI Power Database
Pulivendula,Power Plant (Solar),Thermal/Power Industry,5.0,14.463,78.238,WRI Power Database
Punganur,Power Plant (Solar),Thermal/Power Industry,50.0,13.323,78.673,WRI Power Database
Punjawa - Sikh Wala Solar Power Plant,Power Plant (Solar),Thermal/Power Industry,19.0,30.0208,74.546,WRI Power Database
Pura Lakchhan,Power Plant (Solar),Thermal/Power Industry,40.0,24.985,82.18,WRI Power Database
Puraini,Power Plant (Solar),Thermal/Power Industry,40.0,25.75,79.78,WRI Power Database
Putluru,Power Plant (Solar),Thermal/Power Industry,10.0,13.906,78.179,WRI Power Database
R.A.P.S.,Power Plant (Nuclear),Thermal/Power Industry,1080.0,24.8747,75.6189,WRI Power Database
R.P.SAGAR,Power Plant (Hydro),Thermal/Power Industry,172.0,24.9174,75.5794,WRI Power Database
RABRIYAWAS CEMENT,Power Plant (Coal),Thermal/Power Industry,18.7,26.2984,74.1234,WRI Power Database
RADHANAGRI,Power Plant (Hydro),Thermal/Power Industry,4.8,16.4072,73.9616,WRI Power Database
RAGHUNATHPUR TPP PH-I,Power Plant (Coal),Thermal/Power Industry,1200.0,23.622,86.661,WRI Power Database
RAICHUR,Power Plant (Coal),Thermal/Power Industry,1720.0,16.3532,77.3422,WRI Power Database
RAICHUR STEEL,Power Plant (Coal),Thermal/Power Industry,35.0,16.3027,77.3608,WRI Power Database
RAIGARH TPP,Power Plant (Coal),Thermal/Power Industry,1000.0,21.9846,83.2331,WRI Power Database
RAIKHEDA,Power Plant (Coal),Thermal/Power Industry,1370.0,21.4499,81.8525,WRI Power Database
RAJASHREE CEMENT,Power Plant (Coal),Thermal/Power Industry,38.5,17.1427,77.1749,WRI Power Database
RAJGHAT,Power Plant (Coal),Thermal/Power Industry,135.0,28.6361,77.2542,WRI Power Database
RAJGHAT (MP),Power Plant (Hydro),Thermal/Power Industry,45.0,24.7635,78.2322,WRI Power Database
RAJIV GANDHI  TPS HISAR,Power Plant (Coal),Thermal/Power Industry,1200.0,29.356,75.869,WRI Power Database
RAJPURA DARIBA MINE,Power Plant (Coal),Thermal/Power Industry,160.0,24.9643,74.1197,WRI Power Database
RAJPURA TPP,Power Plant (Coal),Thermal/Power Industry,1400.0,30.557,76.577,WRI Power Database
RAMANAGARAM MILL,Power Plant (Biomass),Thermal/Power Industry,11.0,12.7145,77.4524,WRI Power Database
RAMGANGA,Power Plant (Hydro),Thermal/Power Industry,198.0,29.5169,78.7574,WRI Power Database
RAMGARH GT,Power Plant (Gas),Thermal/Power Industry,270.5,27.336,70.538,WRI Power Database
RAMMAM,Power Plant (Hydro),Thermal/Power Industry,50.0,27.114,88.1376,WRI Power Database
RAMPUR,Power Plant (Hydro),Thermal/Power Industry,412.02,31.4,77.5927,WRI Power Database
RANGANADI,Power Plant (Hydro),Thermal/Power Industry,405.0,27.3426,93.8168,WRI Power Database
RANGIT-III,Power Plant (Hydro),Thermal/Power Industry,60.0,27.2949,88.2921,WRI Power Database
RANJANI MILL,Power Plant (Biomass),Thermal/Power Industry,12.5,18.5354,76.245,WRI Power Database
RANJIT SAGAR,Power Plant (Hydro),Thermal/Power Industry,600.0,32.4404,75.7305,WRI Power Database
RAS CEMENT PLANT,Power Plant (Coal),Thermal/Power Industry,36.0,26.263,74.1878,WRI Power Database
RATIJA TPP,Power Plant (Coal),Thermal/Power Industry,100.0,22.3404,82.493,WRI Power Database
RATNAGIRI GAS,Power Plant (Gas),Thermal/Power Industry,1967.08,17.5587,73.167,WRI Power Database
RAYAL SEEMA,Power Plant (Coal),Thermal/Power Industry,1650.0,14.704,78.4577,WRI Power Database
RELIANCE ENERGY,Power Plant (Gas),Thermal/Power Industry,48.0,15.3771,73.877,WRI Power Database
RENGALI,Power Plant (Hydro),Thermal/Power Industry,250.0,21.2759,85.0355,WRI Power Database
RIHAND,Power Plant (Coal),Thermal/Power Industry,3000.0,24.027,82.7915,WRI Power Database
RIHAND_Hydro,Power Plant (Hydro),Thermal/Power Industry,300.0,24.1778,83.0361,WRI Power Database
RITHALA CCCP,Power Plant (Gas),Thermal/Power Industry,94.8,28.7327,77.1016,WRI Power Database
RMC MANGROL,Power Plant (Hydro),Thermal/Power Industry,6.0,25.1732,75.832,WRI Power Database
ROKHIA GT,Power Plant (Gas),Thermal/Power Industry,63.0,23.626,91.1948,WRI Power Database
ROPAR,Power Plant (Coal),Thermal/Power Industry,840.0,31.0417,76.5847,WRI Power Database
ROSA TPP PH - 1,Power Plant (Coal),Thermal/Power Industry,1200.0,27.818,79.936,WRI Power Database
RUMS} Acme,Power Plant (Solar),Thermal/Power Industry,250.0,24.471,81.549,WRI Power Database
RUMS} Mahindra,Power Plant (Solar),Thermal/Power Industry,250.0,24.484,81.595,WRI Power Database
RUMS} Sprng,Power Plant (Solar),Thermal/Power Industry,250.0,24.469,81.581,WRI Power Database
R_GUNDEM - B,Power Plant (Coal),Thermal/Power Industry,62.5,18.7695,79.4494,WRI Power Database
R_GUNDEM STPS,Power Plant (Coal),Thermal/Power Industry,2600.0,18.7572,79.456,WRI Power Database
Radhanpur,Power Plant (Solar),Thermal/Power Industry,5.0,23.8,71.605,WRI Power Database
Raghawa GAIL,Power Plant (Solar),Thermal/Power Industry,5.0,27.384,70.563,WRI Power Database
Raghawa IOC,Power Plant (Solar),Thermal/Power Industry,5.0,27.385,70.569,WRI Power Database
Raghawa IOC II,Power Plant (Solar),Thermal/Power Industry,9.0,27.385,70.569,WRI Power Database
Raibagh,Power Plant (Solar),Thermal/Power Industry,15.0,16.374,74.774,WRI Power Database
Rajapet Cybercity,Power Plant (Solar),Thermal/Power Industry,5.0,17.699,78.946,WRI Power Database
Rajgarh - NTPC Solar Power Plant,Power Plant (Solar),Thermal/Power Industry,50.0,23.9637,76.719,WRI Power Database
Rajgarh - Ujaas Solar Power Plant,Power Plant (Solar),Thermal/Power Industry,16.5,23.9796,76.7329,WRI Power Database
Rajpur,Power Plant (Solar),Thermal/Power Industry,100.0,21.43,81.305,WRI Power Database
Raksa Solar Power Plant,Power Plant (Solar),Thermal/Power Industry,2.0,25.4106,78.4805,WRI Power Database
Ram Tirath Jaga Solar Power Plant,Power Plant (Solar),Thermal/Power Industry,10.0,29.9619,75.1631,WRI Power Database
Ramadurg,Power Plant (Solar),Thermal/Power Industry,20.0,15.985,75.315,WRI Power Database
Ramagundam Solar Power Plant,Power Plant (Solar),Thermal/Power Industry,10.0,18.764,79.4873,WRI Power Database
Ramannapet,Power Plant (Solar),Thermal/Power Industry,15.0,17.285,79.146,WRI Power Database
Ramayampet SD,Power Plant (Solar),Thermal/Power Industry,10.0,18.125,78.488,WRI Power Database
Ramnad Welspun,Power Plant (Solar),Thermal/Power Industry,30.0,9.222,78.3485,WRI Power Database
Rangareddy Mytrah,Power Plant (Solar),Thermal/Power Industry,7.0,17.3494,78.178,WRI Power Database
Ranna-Belagali,Power Plant (Solar),Thermal/Power Industry,40.0,16.4,75.17,WRI Power Database
Rapar Khokhara Solar Power Plant,Power Plant (Solar),Thermal/Power Industry,5.0,23.2592,70.0097,WRI Power Database
Rasulpur Solar Power Plant,Power Plant (Solar),Thermal/Power Industry,1.0,27.9363,75.679,WRI Power Database
Ratedi Mondri Wind Farm,Power Plant (Wind),Thermal/Power Industry,26.4,26.8026,70.7736,WRI Power Database
Ravra - IOC Solar Power Plant,Power Plant (Solar),Thermal/Power Industry,5.0,27.4108,72.2164,WRI Power Database
Ravra - NWEPL Solar Power Plant,Power Plant (Solar),Thermal/Power Industry,5.0,27.4118,72.2127,WRI Power Database
Ravra - SEI Solar Power Plant,Power Plant (Solar),Thermal/Power Industry,5.0,27.4092,72.2193,WRI Power Database
Ravra - Welspun Solar Power Plant,Power Plant (Solar),Thermal/Power Industry,50.0,27.4137,72.1577,WRI Power Database
Rawra 10,Power Plant (Solar),Thermal/Power Industry,10.0,27.381,72.138,WRI Power Database
Rawra 20,Power Plant (Solar),Thermal/Power Industry,20.0,27.381,72.138,WRI Power Database
Rawra A,Power Plant (Solar),Thermal/Power Industry,10.0,27.396,72.231,WRI Power Database
Rawra B,Power Plant (Solar),Thermal/Power Industry,25.0,27.384,72.242,WRI Power Database
Rawra Tracker,Power Plant (Solar),Thermal/Power Industry,5.1,27.396,72.154,WRI Power Database
Rawra Viraj,Power Plant (Solar),Thermal/Power Industry,5.5,27.404,72.162,WRI Power Database
Rays Lohia,Power Plant (Solar),Thermal/Power Industry,5.5,27.898,72.951,WRI Power Database
Rays Saboo,Power Plant (Solar),Thermal/Power Industry,5.0,27.898,72.951,WRI Power Database
Regunathamadai,Power Plant (Solar),Thermal/Power Industry,5.0,9.5059,78.2486,WRI Power Database
Relaxo Footwear Kui Inda Wind Farm,Power Plant (Wind),Thermal/Power Industry,6.0,26.4586,72.4706,WRI Power Database
Renjal Solarpack,Power Plant (Solar),Thermal/Power Industry,15.0,18.79,77.918,WRI Power Database
Richa,Power Plant (Solar),Thermal/Power Industry,10.0,23.725,75.535,WRI Power Database
Roaring 40s Wind Farms (Khandke) Private Limited - Phase II,Power Plant (Wind),Thermal/Power Industry,50.4,19.1474,74.8763,WRI Power Database
Rohukurupalli,Power Plant (Solar),Thermal/Power Industry,20.0,14.11,78.786,WRI Power Database
Rojhani Solar Power Plant,Power Plant (Solar),Thermal/Power Industry,30.5,23.7025,75.9246,WRI Power Database
Rucha Soya Wind Farm,Power Plant (Wind),Thermal/Power Industry,35.1,23.0562,70.6004,WRI Power Database
S.SAROVAR CHPH,Power Plant (Hydro),Thermal/Power Industry,250.0,21.8376,73.7559,WRI Power Database
S.SAROVAR RBPH,Power Plant (Hydro),Thermal/Power Industry,1200.0,21.8301,73.7501,WRI Power Database
SABARIGIRI,Power Plant (Hydro),Thermal/Power Industry,300.0,9.3098,77.0727,WRI Power Database
SAGARDIGHI TPP,Power Plant (Coal),Thermal/Power Industry,1600.0,24.3696,88.1046,WRI Power Database
SAHAKAR SHIROMANI,Power Plant (Biomass),Thermal/Power Industry,18.0,17.708,75.1361,WRI Power Database
SALAL I & II,Power Plant (Hydro),Thermal/Power Industry,690.0,33.142,74.8097,WRI Power Database
SALAYA TPP,Power Plant (Coal),Thermal/Power Industry,1200.0,22.3049,69.7101,WRI Power Database
SALORA,Power Plant (Coal),Thermal/Power Industry,135.0,22.49,82.6062,WRI Power Database
SAMALPATTI DG,Power Plant (Oil),Thermal/Power Industry,105.7,12.2995,78.4038,WRI Power Database
SAMAYANALLUR DG,Power Plant (Oil),Thermal/Power Industry,106.0,9.9751,78.0445,WRI Power Database
SAMEERWADI MILL,Power Plant (Biomass),Thermal/Power Industry,24.0,16.3918,75.0411,WRI Power Database
SANGLI KRANTI,Power Plant (Biomass),Thermal/Power Industry,19.7,17.1354,74.4272,WRI Power Database
SANGLI MIRAJ BIOMASS,Power Plant (Biomass),Thermal/Power Industry,10.0,16.9171,74.4821,WRI Power Database
SANGLI VASANTDADA,Power Plant (Biomass),Thermal/Power Industry,12.5,16.881,74.5898,WRI Power Database
SANJAY BHABA,Power Plant (Hydro),Thermal/Power Industry,120.0,31.2642,78.4835,WRI Power Database
SANJAY GANDHI,Power Plant (Coal),Thermal/Power Industry,1340.0,23.3026,81.0668,WRI Power Database
SANKESHWAR MILL,Power Plant (Biomass),Thermal/Power Industry,26.0,16.2478,74.5003,WRI Power Database
SANTALDIH,Power Plant (Coal),Thermal/Power Industry,500.0,23.6013,86.4666,WRI Power Database
SARKARPATHY,Power Plant (Hydro),Thermal/Power Industry,30.0,10.4558,76.8302,WRI Power Database
SASAN UMPP,Power Plant (Coal),Thermal/Power Industry,3960.0,23.9784,82.6275,WRI Power Database
SATNA CEMENT PLANT,Power Plant (Coal),Thermal/Power Industry,29.0,24.5959,80.858,WRI Power Database
SATPURA,Power Plant (Coal),Thermal/Power Industry,1330.0,22.11,78.173,WRI Power Database
SBT SUGAR,Power Plant (Biomass),Thermal/Power Industry,16.0,19.6125,74.1924,WRI Power Database
SEIONI TPP,Power Plant (Coal),Thermal/Power Industry,600.0,22.7355,79.9123,WRI Power Database
SEMBCORP GAYATRI,Power Plant (Coal),Thermal/Power Industry,1320.0,14.351,80.1443,WRI Power Database
SENGULAM,Power Plant (Hydro),Thermal/Power Industry,48.0,9.976,77.0309,WRI Power Database
SERVALAR,Power Plant (Hydro),Thermal/Power Industry,20.0,8.6895,77.3048,WRI Power Database
SEWA-II,Power Plant (Hydro),Thermal/Power Industry,120.0,32.6762,75.8215,WRI Power Database
SEWA-III,Power Plant (Hydro),Thermal/Power Industry,9.0,32.6029,75.9006,WRI Power Database
SHANAN,Power Plant (Hydro),Thermal/Power Industry,110.0,31.9894,76.8072,WRI Power Database
SHARAVATHY,Power Plant (Hydro),Thermal/Power Industry,1035.0,14.2352,74.7673,WRI Power Database
SHARAVATHY TAIL RACE (Gerusupa),Power Plant (Hydro),Thermal/Power Industry,240.0,14.2352,74.7673,WRI Power Database
SHIMSAPURA,Power Plant (Hydro),Thermal/Power Industry,17.2,12.3409,77.1906,WRI Power Database
SHIROL MILL,Power Plant (Biomass),Thermal/Power Industry,36.0,16.7493,74.5854,WRI Power Database
SHOLAYAR,Power Plant (Hydro),Thermal/Power Industry,54.0,10.3046,76.7305,WRI Power Database
SHOLAYAR I&II,Power Plant (Hydro),Thermal/Power Industry,70.0,10.3575,76.879,WRI Power Database
SHREE MEGA POWER,Power Plant (Coal),Thermal/Power Industry,300.0,26.0743,74.3858,WRI Power Database
SHRI MALAPRABHA,Power Plant (Biomass),Thermal/Power Industry,22.0,15.6933,74.7162,WRI Power Database
SHRI SHANKAR,Power Plant (Biomass),Thermal/Power Industry,20.0,17.8676,74.8405,WRI Power Database
SHRIRAM RAYONS PLANT,Power Plant (Coal),Thermal/Power Industry,40.0,25.1296,75.8832,WRI Power Database
SIIL Jaibhim Wind Farm,Power Plant (Wind),Thermal/Power Industry,33.6,21.127,74.2673,WRI Power Database
SIKKA REP.,Power Plant (Coal),Thermal/Power Industry,500.0,22.4208,69.8276,WRI Power Database
SIMHADRI,Power Plant (Coal),Thermal/Power Industry,2000.0,17.591,83.0917,WRI Power Database
SIMHAPURI TPP,Power Plant (Coal),Thermal/Power Industry,600.0,14.2133,80.0838,WRI Power Database
SINGARENI TPP,Power Plant (Coal),Thermal/Power Industry,1200.0,18.8372,79.5748,WRI Power Database
SINGRAULI STPS,Power Plant (Coal),Thermal/Power Industry,2000.0,24.1033,82.7068,WRI Power Database
SINGUR,Power Plant (Hydro),Thermal/Power Industry,15.0,18.6609,78.0876,WRI Power Database
SIPAT STPS,Power Plant (Coal),Thermal/Power Industry,2980.0,22.13,82.293,WRI Power Database
SITAPURAM POWER LIMITED,Power Plant (Coal),Thermal/Power Industry,43.0,16.8301,80.0407,WRI Power Database
SIVASAMUNDRUM,Power Plant (Hydro),Thermal/Power Industry,42.0,12.3082,77.165,WRI Power Database
SOLAPUR STPP,Power Plant (Coal),Thermal/Power Industry,1320.0,31.7537,77.246,WRI Power Database
SONAI MILL,Power Plant (Biomass),Thermal/Power Industry,16.0,19.3804,74.8397,WRI Power Database
SOUTHERN REPL.,Power Plant (Coal),Thermal/Power Industry,135.0,22.5488,88.2926,WRI Power Database
SRINAGAR,Power Plant (Hydro),Thermal/Power Industry,330.0,30.2313,78.7924,WRI Power Database
SRISAILAM,Power Plant (Hydro),Thermal/Power Industry,770.0,16.0869,78.9007,WRI Power Database
SRISAILAM LBPH,Power Plant (Hydro),Thermal/Power Industry,900.0,16.0929,78.9118,WRI Power Database
STAKNA,Power Plant (Hydro),Thermal/Power Industry,4.0,33.9594,77.7142,WRI Power Database
STERLITE TPP,Power Plant (Coal),Thermal/Power Industry,600.0,21.8144,84.0404,WRI Power Database
SUBERNREKHA I&II,Power Plant (Hydro),Thermal/Power Industry,130.0,23.457,85.555,WRI Power Database
SUGEN CCCP,Power Plant (Gas),Thermal/Power Industry,1147.5,21.3395,72.9889,WRI Power Database
SURAT LIG.,Power Plant (Coal),Thermal/Power Industry,500.0,21.397,73.106,WRI Power Database
SURATGARH,Power Plant (Coal),Thermal/Power Industry,1500.0,29.179,74.0202,WRI Power Database
SURULIYAR,Power Plant (Hydro),Thermal/Power Industry,35.0,9.62,77.2726,WRI Power Database
SURYA,Power Plant (Hydro),Thermal/Power Industry,6.0,19.9214,73.0575,WRI Power Database
SVPL,Power Plant (Coal),Thermal/Power Industry,63.0,22.2915,82.5257,WRI Power Database
SWASTIK KORBA,Power Plant (Coal),Thermal/Power Industry,25.0,22.3005,82.7047,WRI Power Database
SWPPL Madhavakurichi,Power Plant (Wind),Thermal/Power Industry,10.5,8.823,77.6271,WRI Power Database
SWPPL Manurpalayam,Power Plant (Wind),Thermal/Power Industry,21.0,10.8166,77.3199,WRI Power Database
SWPPL Vadakkupanavadali,Power Plant (Wind),Thermal/Power Industry,10.5,9.0782,77.591,WRI Power Database
Sadashivpet Acme,Power Plant (Solar),Thermal/Power Industry,50.0,17.7,77.803,WRI Power Database
Sadashivpet ES,Power Plant (Solar),Thermal/Power Industry,50.0,17.584,77.885,WRI Power Database
Sadashivpet Karvy,Power Plant (Solar),Thermal/Power Industry,20.0,17.662,77.866,WRI Power Database
Sadashivpet Renew,Power Plant (Solar),Thermal/Power Industry,24.0,17.542,77.966,WRI Power Database
Sadeipali - ASPL Solar Power Plant,Power Plant (Solar),Thermal/Power Industry,5.0,20.731,83.4538,WRI Power Database
Sadeipali - REHPL Solar Power Plant,Power Plant (Solar),Thermal/Power Industry,1.0,20.7325,83.4632,WRI Power Database
Sadipali IBC,Power Plant (Solar),Thermal/Power Industry,20.0,20.75,83.48,WRI Power Database
Sadlapur,Power Plant (Solar),Thermal/Power Industry,50.0,17.793,77.013,WRI Power Database
Sai Sulphonates Wind Mill,Power Plant (Wind),Thermal/Power Industry,1.5,10.9262,77.3841,WRI Power Database
Sakri 1A Solar Power Plant,Power Plant (Solar),Thermal/Power Industry,100.0,21.0726,74.3862,WRI Power Database
Sakri 1B Solar Power Plant,Power Plant (Solar),Thermal/Power Industry,25.0,21.0864,74.3529,WRI Power Database
Salakpur,Power Plant (Solar),Thermal/Power Industry,11.0,17.903,79.032,WRI Power Database
Salboni OCL,Power Plant (Solar),Thermal/Power Industry,5.5,22.605,87.285,WRI Power Database
Salboni WBSEDCL,Power Plant (Solar),Thermal/Power Industry,10.0,22.585,87.265,WRI Power Database
Salhebhantha,Power Plant (Solar),Thermal/Power Industry,30.0,21.12,82.484,WRI Power Database
Saltek-Bhamer,Power Plant (Solar),Thermal/Power Industry,70.0,21.07,74.32,WRI Power Database
Samudram,Power Plant (Solar),Thermal/Power Industry,39.0,11.665,77.89,WRI Power Database
Sangatpura Solar Power Plant,Power Plant (Solar),Thermal/Power Industry,10.0,29.9611,75.7767,WRI Power Database
Santaldih,Power Plant (Solar),Thermal/Power Industry,10.0,23.56,86.475,WRI Power Database
Santej,Power Plant (Solar),Thermal/Power Industry,16.2,23.1394,72.4528,WRI Power Database
Santhpur PCIL,Power Plant (Solar),Thermal/Power Industry,40.0,18.17,77.425,WRI Power Database
Santhpur Sharda,Power Plant (Solar),Thermal/Power Industry,6.0,18.147,77.423,WRI Power Database
Sanwreej JWE,Power Plant (Solar),Thermal/Power Industry,20.0,26.98,72.25,WRI Power Database
Sardargarh,Power Plant (Solar),Thermal/Power Industry,100.0,30.219,74.761,WRI Power Database
Sarkari Tala,Power Plant (Solar),Thermal/Power Industry,5.0,27.697,70.943,WRI Power Database
Satara Wind Farm,Power Plant (Wind),Thermal/Power Industry,100.0,17.2387,73.9096,WRI Power Database
Sattur,Power Plant (Solar),Thermal/Power Industry,50.0,9.41,78.003,WRI Power Database
Satyampet,Power Plant (Solar),Thermal/Power Industry,10.0,16.521,76.811,WRI Power Database
Savda,Power Plant (Solar),Thermal/Power Industry,25.0,23.26,71.782,WRI Power Database
Sayala,Power Plant (Solar),Thermal/Power Industry,20.0,19.21,76.77,WRI Power Database
Seegipalle,Power Plant (Solar),Thermal/Power Industry,50.0,13.935,77.49,WRI Power Database
Shahpur KA,Power Plant (Solar),Thermal/Power Industry,20.0,16.5614,77.0701,WRI Power Database
Shakhapur,Power Plant (Solar),Thermal/Power Industry,100.0,16.544,77.935,WRI Power Database
Shankapur,Power Plant (Solar),Thermal/Power Industry,5.0,18.062,78.417,WRI Power Database
Sharah Bhiyanimani RP,Power Plant (Solar),Thermal/Power Industry,5.0,28.0292,73.0562,WRI Power Database
Sharah Bhiyanimani RR,Power Plant (Solar),Thermal/Power Industry,10.0,28.023,73.061,WRI Power Database
Sharah Bhiyanimani RSMM,Power Plant (Solar),Thermal/Power Industry,5.0,28.029,73.0606,WRI Power Database
Sharah Kishnayat JMIP,Power Plant (Solar),Thermal/Power Industry,5.0,27.966,72.995,WRI Power Database
Sherdi Sharkhandi,Power Plant (Solar),Thermal/Power Industry,5.0,23.3045,73.3094,WRI Power Database
Sherghati,Power Plant (Solar),Thermal/Power Industry,10.0,24.574,84.851,WRI Power Database
Shezhilanallur,Power Plant (Solar),Thermal/Power Industry,100.0,8.917,77.715,WRI Power Database
Shiggaon,Power Plant (Solar),Thermal/Power Industry,20.0,15.028,75.194,WRI Power Database
Shiloj Solar Power Plant,Power Plant (Solar),Thermal/Power Industry,10.0,20.8183,71.0063,WRI Power Database
Shinawad,Power Plant (Solar),Thermal/Power Industry,5.0,23.497,73.4235,WRI Power Database
Shirahatti,Power Plant (Solar),Thermal/Power Industry,20.0,15.225,75.565,WRI Power Database
Shirsoli Solar Power Plant,Power Plant (Solar),Thermal/Power Industry,8.5,17.4999,75.781,WRI Power Database
Shirsuphal,Power Plant (Solar),Thermal/Power Industry,52.0,18.316,74.568,WRI Power Database
Shirur,Power Plant (Solar),Thermal/Power Industry,20.0,18.685,77.305,WRI Power Database
Shivaji Nagar,Power Plant (Solar),Thermal/Power Industry,5.0,20.93,74.745,WRI Power Database
Shivasamundra Solar Power Plant,Power Plant (Solar),Thermal/Power Industry,5.0,12.3003,77.1638,WRI Power Database
Shivlakha - Backbone Solar Power Plant,Power Plant (Solar),Thermal/Power Industry,5.0,23.3585,70.6206,WRI Power Database
Shivlakha - CPEC Solar Power Plant,Power Plant (Solar),Thermal/Power Industry,5.0,23.383,70.6146,WRI Power Database
Shivlakha - Konark Solar Power Plant,Power Plant (Solar),Thermal/Power Industry,5.0,23.3654,70.6268,WRI Power Database
Shivlakha Backbone II,Power Plant (Solar),Thermal/Power Industry,10.0,23.356,70.618,WRI Power Database
Shree Nashik Wind Farm,Power Plant (Wind),Thermal/Power Industry,10.5,19.845,73.9074,WRI Power Database
Shree Sangli Wind Farm,Power Plant (Wind),Thermal/Power Industry,16.5,17.3031,74.631,WRI Power Database
Shree Southern Wind Farm,Power Plant (Wind),Thermal/Power Industry,2.25,17.5724,74.3386,WRI Power Database
Shri Singaji MALWA TPP,Power Plant (Coal),Thermal/Power Industry,2520.0,22.0971,76.5317,WRI Power Database
Siddapur,Power Plant (Solar),Thermal/Power Industry,40.0,16.915,75.545,WRI Power Database
Siddipet Sky,Power Plant (Solar),Thermal/Power Industry,50.0,18.225,78.995,WRI Power Database
Sindagi,Power Plant (Solar),Thermal/Power Industry,15.0,16.93,76.225,WRI Power Database
Sindhanur,Power Plant (Solar),Thermal/Power Industry,30.0,15.775,76.845,WRI Power Database
Singrauli Solar Power Plant,Power Plant (Solar),Thermal/Power Industry,15.0,24.1185,82.6415,WRI Power Database
Sircilla Acme,Power Plant (Solar),Thermal/Power Industry,30.0,18.302,78.892,WRI Power Database
Siruguppa,Power Plant (Solar),Thermal/Power Industry,20.0,15.51,76.911,WRI Power Database
Sivaganga Solar Power Plant,Power Plant (Solar),Thermal/Power Industry,5.0,9.8043,78.4487,WRI Power Database
Solitaire Solar Power Plant,Power Plant (Solar),Thermal/Power Industry,15.0,23.9116,71.9324,WRI Power Database
Somaram A,Power Plant (Solar),Thermal/Power Industry,20.0,17.718,78.995,WRI Power Database
Somaram B,Power Plant (Solar),Thermal/Power Industry,20.0,17.723,78.978,WRI Power Database
Somaram C,Power Plant (Solar),Thermal/Power Industry,17.6,17.713,79.019,WRI Power Database
Somaram F,Power Plant (Solar),Thermal/Power Industry,20.0,18.257,78.304,WRI Power Database
Sonu Wind Farm,Power Plant (Wind),Thermal/Power Industry,8.4,27.2081,70.6958,WRI Power Database
Srinivasapura,Power Plant (Solar),Thermal/Power Industry,20.0,13.369,78.365,WRI Power Database
Sujangadh,Power Plant (Solar),Thermal/Power Industry,25.0,22.7257,71.4364,WRI Power Database
Sumilon Shikarpur Wind Farm,Power Plant (Wind),Thermal/Power Industry,3.6,23.2414,70.7262,WRI Power Database
Sumilon Vershamedi Wind Farm,Power Plant (Wind),Thermal/Power Industry,3.6,22.972,70.5443,WRI Power Database
Supa,Power Plant (Solar),Thermal/Power Industry,20.0,25.353,79.769,WRI Power Database
Supe Solar Power Plant,Power Plant (Solar),Thermal/Power Industry,2.0,18.3198,74.3686,WRI Power Database
Surajbari Creek Wind Farm,Power Plant (Wind),Thermal/Power Industry,30.0,23.3232,70.6417,WRI Power Database
Surel,Power Plant (Solar),Thermal/Power Industry,25.0,23.474,71.583,WRI Power Database
Suriyakheda 1,Power Plant (Solar),Thermal/Power Industry,20.0,24.048,75.347,WRI Power Database
Suriyakheda 2,Power Plant (Solar),Thermal/Power Industry,20.0,24.04,75.346,WRI Power Database
Suryalabh,Power Plant (Solar),Thermal/Power Industry,30.0,27.445,72.481,WRI Power Database
Sutholi,Power Plant (Solar),Thermal/Power Industry,25.0,24.721,75.04,WRI Power Database
T.B. DAM,Power Plant (Hydro),Thermal/Power Industry,36.0,15.2615,76.3379,WRI Power Database
T.N.Pura,Power Plant (Solar),Thermal/Power Industry,20.0,12.055,76.961,WRI Power Database
TADALI,Power Plant (Coal),Thermal/Power Industry,600.0,20.0116,79.2036,WRI Power Database
TADALI SPONGE IRON,Power Plant (Coal),Thermal/Power Industry,33.0,20.0123,79.1863,WRI Power Database
TALCHER,Power Plant (Coal),Thermal/Power Industry,460.0,20.9099,85.2072,WRI Power Database
TALCHER STPS,Power Plant (Coal),Thermal/Power Industry,3000.0,21.0966,85.074,WRI Power Database
TALWANDI SABO,Power Plant (Coal),Thermal/Power Industry,1980.0,29.924,75.2372,WRI Power Database
TAMNAR TPP,Power Plant (Coal),Thermal/Power Industry,2400.0,22.0987,83.4513,WRI Power Database
TANAKPUR,Power Plant (Hydro),Thermal/Power Industry,94.2,29.0057,80.0946,WRI Power Database
TANDA,Power Plant (Coal),Thermal/Power Industry,440.0,26.586,82.602,WRI Power Database
TANIR BAVI,Power Plant (Gas),Thermal/Power Industry,220.0,12.9019,74.816,WRI Power Database
TARAPUR,Power Plant (Nuclear),Thermal/Power Industry,1400.0,19.8294,72.6617,WRI Power Database
TASHIDING,Power Plant (Hydro),Thermal/Power Industry,97.0,27.3403,88.2332,WRI Power Database
TAWA,Power Plant (Hydro),Thermal/Power Industry,13.5,22.5616,77.9635,WRI Power Database
TEESTA  I-III,Power Plant (Hydro),Thermal/Power Industry,67.5,26.4875,88.3155,WRI Power Database
TEESTA -V,Power Plant (Hydro),Thermal/Power Industry,510.0,27.2517,88.4604,WRI Power Database
TEESTA LOW DAM -IV,Power Plant (Hydro),Thermal/Power Industry,160.0,26.9279,88.4562,WRI Power Database
TEESTA LOW DAM-III,Power Plant (Hydro),Thermal/Power Industry,132.0,27.0017,88.443,WRI Power Database
TEESTA-III,Power Plant (Hydro),Thermal/Power Industry,1200.0,27.5981,88.6505,WRI Power Database
TEHRI ST -1,Power Plant (Hydro),Thermal/Power Industry,1000.0,30.3787,78.4795,WRI Power Database
TENUGHAT,Power Plant (Coal),Thermal/Power Industry,420.0,23.7573,85.8936,WRI Power Database
THAL WORKS,Power Plant (Gas),Thermal/Power Industry,30.0,18.7026,72.8709,WRI Power Database
THAMMINAPATNAM TPP,Power Plant (Coal),Thermal/Power Industry,300.0,14.2133,80.0838,WRI Power Database
THANE PLANT,Power Plant (Oil),Thermal/Power Industry,22.5,19.0875,73.0258,WRI Power Database
THIROT,Power Plant (Hydro),Thermal/Power Industry,4.5,32.659,76.7817,WRI Power Database
TILLARI,Power Plant (Hydro),Thermal/Power Industry,60.0,15.8094,74.1588,WRI Power Database
TILLAYA,Power Plant (Hydro),Thermal/Power Industry,4.0,24.3249,85.5198,WRI Power Database
TIRORA TPP,Power Plant (Coal),Thermal/Power Industry,3300.0,21.4129,79.9671,WRI Power Database
TITAGARH,Power Plant (Coal),Thermal/Power Industry,240.0,22.7318,88.371,WRI Power Database
TORANGALLU EXT,Power Plant (Coal),Thermal/Power Industry,600.0,15.1839,76.6622,WRI Power Database
TORANGALLU IMP,Power Plant (Coal),Thermal/Power Industry,260.0,15.1839,76.6622,WRI Power Database
TORR POWER SAB.,Power Plant (Coal),Thermal/Power Industry,422.0,23.0701,72.5933,WRI Power Database
TROMBAY,Power Plant (Oil),Thermal/Power Industry,500.0,19.0004,72.8983,WRI Power Database
TROMBAY GT,Power Plant (Gas),Thermal/Power Industry,180.0,19.0018,72.8967,WRI Power Database
TROMBAY WORKS,Power Plant (Gas),Thermal/Power Industry,18.0,19.0366,72.8892,WRI Power Database
TROMBAY_Coal,Power Plant (Coal),Thermal/Power Industry,750.0,19.0004,72.8983,WRI Power Database
TROMBAY_Oil,Power Plant (Oil),Thermal/Power Industry,150.0,19.0004,72.8983,WRI Power Database
TUIRIAL,Power Plant (Hydro),Thermal/Power Industry,60.0,24.3588,92.8837,WRI Power Database
TUNGABHADRA SUGAR,Power Plant (Biomass),Thermal/Power Industry,28.0,15.6609,76.8756,WRI Power Database
TUTICORIN,Power Plant (Coal),Thermal/Power Industry,1050.0,8.7635,78.1753,WRI Power Database
TUTICORIN JV,Power Plant (Coal),Thermal/Power Industry,1000.0,8.7603,78.1699,WRI Power Database
TUTICORIN- IND BARATH,Power Plant (Coal),Thermal/Power Industry,300.0,8.7635,78.1753,WRI Power Database
TVS Kunnur Wind Farm,Power Plant (Wind),Thermal/Power Industry,9.35,9.9438,77.5077,WRI Power Database
TVS Tirunelveli Wind Farm,Power Plant (Wind),Thermal/Power Industry,14.4,8.9165,77.659,WRI Power Database
TVS Virali Wind Farm,Power Plant (Wind),Thermal/Power Industry,25.5,17.501,74.7001,WRI Power Database
Tadas wind farm,Power Plant (Wind),Thermal/Power Industry,100.0,15.1069,75.1661,WRI Power Database
Tadwai A,Power Plant (Solar),Thermal/Power Industry,30.0,18.278,78.264,WRI Power Database
Tadwai B,Power Plant (Solar),Thermal/Power Industry,15.0,18.246,78.262,WRI Power Database
Tadwai C,Power Plant (Solar),Thermal/Power Industry,30.0,18.256,78.294,WRI Power Database
Tahliwala,Power Plant (Solar),Thermal/Power Industry,15.0,30.345,74.192,WRI Power Database
Talaricheruvu,Power Plant (Solar),Thermal/Power Industry,100.0,14.987,78.047,WRI Power Database
Talaricheruvu II,Power Plant (Solar),Thermal/Power Industry,100.0,14.946,78.059,WRI Power Database
Talcher Kaniha Solar Power Plant,Power Plant (Solar),Thermal/Power Industry,10.0,21.0866,85.0987,WRI Power Database
Talmadia A,Power Plant (Solar),Thermal/Power Industry,10.0,18.232,78.343,WRI Power Database
Talmadia B,Power Plant (Solar),Thermal/Power Industry,25.0,18.22,78.324,WRI Power Database
Talmadia C,Power Plant (Solar),Thermal/Power Industry,20.0,18.22,78.303,WRI Power Database
Tandur First,Power Plant (Solar),Thermal/Power Industry,50.0,17.341,77.618,WRI Power Database
Tandur Mahindra,Power Plant (Solar),Thermal/Power Industry,30.0,17.364,77.542,WRI Power Database
Tapovan,Power Plant (Solar),Thermal/Power Industry,14.0,24.461,86.757,WRI Power Database
Tarlupadu,Power Plant (Solar),Thermal/Power Industry,21.0,15.644,79.258,WRI Power Database
Tarnikal,Power Plant (Solar),Thermal/Power Industry,11.0,16.621,78.472,WRI Power Database
Tata Power Gadag Plains Wind Farm,Power Plant (Wind),Thermal/Power Industry,50.4,15.3302,75.5767,WRI Power Database
Tata Wind Farm,Power Plant (Wind),Thermal/Power Industry,50.4,19.1757,74.8441,WRI Power Database
Tattapalle A,Power Plant (Solar),Thermal/Power Industry,10.0,17.446,77.629,WRI Power Database
Teesta Canal,Power Plant (Solar),Thermal/Power Industry,10.0,26.33,88.31,WRI Power Database
Tenga Bhaat Daar Gaon,Power Plant (Solar),Thermal/Power Industry,5.0,21.4928,81.4144,WRI Power Database
Teona Photon,Power Plant (Solar),Thermal/Power Industry,25.0,29.912,75.082,WRI Power Database
Teona Pujarian Solar Power Plant,Power Plant (Solar),Thermal/Power Industry,22.0,27.4137,72.1577,WRI Power Database
Teona Welspun 2,Power Plant (Solar),Thermal/Power Industry,4.1,29.9083,75.0704,WRI Power Database
ThanaKallu,Power Plant (Solar),Thermal/Power Industry,10.0,13.907,78.183,WRI Power Database
That,Power Plant (Solar),Thermal/Power Industry,35.0,26.832,71.812,WRI Power Database
Thekkampatty,Power Plant (Solar),Thermal/Power Industry,4.9,11.25,76.905,WRI Power Database
Theni Wind Farm,Power Plant (Wind),Thermal/Power Industry,24.0,9.9621,77.3709,WRI Power Database
Theni-Dundugul,Power Plant (Solar),Thermal/Power Industry,50.0,10.115,77.69,WRI Power Database
Thimmajipet,Power Plant (Solar),Thermal/Power Industry,8.0,16.675,78.21,WRI Power Database
Thimmalapura,Power Plant (Solar),Thermal/Power Industry,10.0,14.868,76.815,WRI Power Database
Thimmapuram Wind Farm,Power Plant (Wind),Thermal/Power Industry,200.0,14.7053,77.3355,WRI Power Database
Thungathurthy,Power Plant (Solar),Thermal/Power Industry,15.0,16.69,79.225,WRI Power Database
Thunkiballaram,Power Plant (Solar),Thermal/Power Industry,15.0,17.75,78.598,WRI Power Database
Tikar SJG,Power Plant (Solar),Thermal/Power Industry,5.1,22.707,71.413,WRI Power Database
Tikar Waa,Power Plant (Solar),Thermal/Power Industry,10.2,22.708,71.417,WRI Power Database
Tinwari - MB Solar Power Plant,Power Plant (Solar),Thermal/Power Industry,5.0,26.5182,72.8536,WRI Power Database
Tinwari AES,Power Plant (Solar),Thermal/Power Industry,5.2,26.524,72.862,WRI Power Database
Tinwari Swiss,Power Plant (Solar),Thermal/Power Industry,5.0,26.534,72.856,WRI Power Database
Tipatturu,Power Plant (Solar),Thermal/Power Industry,20.0,13.396,76.407,WRI Power Database
Tiruchi,Power Plant (Solar),Thermal/Power Industry,10.0,10.92,78.63,WRI Power Database
Tiruchuli,Power Plant (Solar),Thermal/Power Industry,50.0,9.522,78.228,WRI Power Database
Tirumala Tirupati Devasthanams,Power Plant (Solar),Thermal/Power Industry,10.0,13.6344,79.3268,WRI Power Database
Tiruppur,Power Plant (Wind),Thermal/Power Industry,1.5,10.8139,77.3785,WRI Power Database
Tiruppur 2,Power Plant (Wind),Thermal/Power Industry,1.5,10.79,77.33,WRI Power Database
Torrent Gujurat Wind Farm,Power Plant (Wind),Thermal/Power Industry,49.6,22.104,69.8323,WRI Power Database
Tubagere A,Power Plant (Solar),Thermal/Power Industry,8.5,13.37,77.594,WRI Power Database
Tughlakpur,Power Plant (Solar),Thermal/Power Industry,5.0,29.635,78.025,WRI Power Database
Turuvekere,Power Plant (Solar),Thermal/Power Industry,20.0,13.269,76.742,WRI Power Database
U.B.D.C. ST.-I& II,Power Plant (Hydro),Thermal/Power Industry,91.35,32.3367,75.5819,WRI Power Database
U.ROGNICHU,Power Plant (Hydro),Thermal/Power Industry,8.0,27.2614,88.5572,WRI Power Database
UCHPINDA TPP,Power Plant (Coal),Thermal/Power Industry,1440.0,21.8858,83.1215,WRI Power Database
UDUPI TPP,Power Plant (Coal),Thermal/Power Industry,1200.0,13.1596,74.8002,WRI Power Database
UJJAINI,Power Plant (Hydro),Thermal/Power Industry,12.0,18.0723,75.1197,WRI Power Database
UKAI LBC,Power Plant (Hydro),Thermal/Power Industry,5.0,21.2323,73.5917,WRI Power Database
UKAI_Coal,Power Plant (Coal),Thermal/Power Industry,1110.0,21.2093,73.5574,WRI Power Database
UKAI_Hydro,Power Plant (Hydro),Thermal/Power Industry,300.0,21.2478,73.5866,WRI Power Database
UMIAM I II &IV,Power Plant (Hydro),Thermal/Power Industry,96.0,25.6593,91.9003,WRI Power Database
UMTRU (NEW),Power Plant (Hydro),Thermal/Power Industry,11.2,26.0069,91.8114,WRI Power Database
UNCHAHAR,Power Plant (Coal),Thermal/Power Industry,1550.0,25.9131,81.3274,WRI Power Database
UNO SUGEN,Power Plant (Gas),Thermal/Power Industry,382.5,21.3411,72.9895,WRI Power Database
UPL Dharapuram Wind Farm,Power Plant (Wind),Thermal/Power Industry,1.7,10.838,77.5123,WRI Power Database
UPPAR INDRAVATI,Power Plant (Hydro),Thermal/Power Industry,600.0,19.4269,82.8594,WRI Power Database
UPPER KOLAB,Power Plant (Hydro),Thermal/Power Industry,320.0,18.8315,82.5934,WRI Power Database
UPPER SILERU I&II,Power Plant (Hydro),Thermal/Power Industry,240.0,18.0313,82.0179,WRI Power Database
UPPER SINDH I& II,Power Plant (Hydro),Thermal/Power Industry,105.0,34.198,75.1245,WRI Power Database
URAN GT,Power Plant (Gas),Thermal/Power Industry,672.0,18.88,72.9715,WRI Power Database
URAN ONGC,Power Plant (Gas),Thermal/Power Industry,62.6,18.8681,72.9293,WRI Power Database
URI,Power Plant (Hydro),Thermal/Power Industry,480.0,34.1442,74.1857,WRI Power Database
URI -II,Power Plant (Hydro),Thermal/Power Industry,240.0,34.0921,74.0318,WRI Power Database
URUMI,Power Plant (Hydro),Thermal/Power Industry,3.75,11.3727,76.0584,WRI Power Database
UTRAN CCCP EXT,Power Plant (Gas),Thermal/Power Industry,374.571,21.2285,72.8705,WRI Power Database
UTRAULA TPP,Power Plant (Coal),Thermal/Power Industry,90.0,27.3455,82.3166,WRI Power Database
Udumalpet Wind Farm,Power Plant (Wind),Thermal/Power Industry,25.7,10.6143,77.237,WRI Power Database
Ugaras,Power Plant (Solar),Thermal/Power Industry,20.0,26.971,72.127,WRI Power Database
Unchahar,Power Plant (Solar),Thermal/Power Industry,10.0,25.889,81.315,WRI Power Database
Uppara Hosahalli A,Power Plant (Solar),Thermal/Power Industry,20.0,15.518,76.917,WRI Power Database
Urse,Power Plant (Solar),Thermal/Power Industry,5.5,18.7127,73.6448,WRI Power Database
Usmankhera,Power Plant (Solar),Thermal/Power Industry,25.0,30.034,73.904,WRI Power Database
VAIGAI DAM,Power Plant (Hydro),Thermal/Power Industry,13.5,10.0537,77.5905,WRI Power Database
VAITARNA,Power Plant (Hydro),Thermal/Power Industry,60.0,19.7674,73.502,WRI Power Database
VALANTHARVI GT,Power Plant (Gas),Thermal/Power Industry,52.8,9.3279,78.9215,WRI Power Database
VALLUR ntpc/ntecl,Power Plant (Coal),Thermal/Power Industry,1500.0,13.2371,80.3023,WRI Power Database
VALUTHUR GT,Power Plant (Gas),Thermal/Power Industry,187.2,9.3484,78.9235,WRI Power Database
VARAHI,Power Plant (Hydro),Thermal/Power Industry,460.0,13.6576,74.9484,WRI Power Database
VARDHAM BUDNI,Power Plant (Coal),Thermal/Power Industry,25.8,22.7808,77.6515,WRI Power Database
VARDHAM SATLAPUR,Power Plant (Coal),Thermal/Power Industry,30.75,23.0752,77.5526,WRI Power Database
VASAVADATTA CEMENT,Power Plant (Coal),Thermal/Power Industry,50.7,17.1605,77.293,WRI Power Database
VEMAGIRI CCCP,Power Plant (Gas),Thermal/Power Industry,388.5,16.9238,81.8141,WRI Power Database
VENUNAGAR SUGAR,Power Plant (Biomass),Thermal/Power Industry,19.8,17.7382,75.3218,WRI Power Database
VIJAIPUR WORKS,Power Plant (Gas),Thermal/Power Industry,75.0,24.4978,77.1513,WRI Power Database
VIJAYWADA,Power Plant (Coal),Thermal/Power Industry,1260.0,16.5984,80.537,WRI Power Database
VIJAYWADA TPP-IV,Power Plant (Coal),Thermal/Power Industry,500.0,16.5973,80.5382,WRI Power Database
VIJESWARAM GT,Power Plant (Gas),Thermal/Power Industry,272.3,16.9345,81.7245,WRI Power Database
VIKRAM CEMENT,Power Plant (Coal),Thermal/Power Industry,46.0,24.5753,74.8012,WRI Power Database
VINDH_CHAL STPS,Power Plant (Coal),Thermal/Power Industry,4760.0,24.0983,82.6719,WRI Power Database
VIR,Power Plant (Hydro),Thermal/Power Industry,9.0,18.121,74.0968,WRI Power Database
VISHNU PRAYAG,Power Plant (Hydro),Thermal/Power Industry,400.0,30.5669,79.5468,WRI Power Database
VIZAG TPP,Power Plant (Coal),Thermal/Power Industry,1040.0,17.5635,83.1382,WRI Power Database
Vaayu Ashti Wind Farm,Power Plant (Wind),Thermal/Power Industry,50.4,19.108,74.9885,WRI Power Database
Vadekhan,Power Plant (Solar),Thermal/Power Industry,5.0,21.8228,70.0684,WRI Power Database
Vajramatti Acme,Power Plant (Solar),Thermal/Power Industry,80.0,16.24,75.305,WRI Power Database
Vajramatti Energon,Power Plant (Solar),Thermal/Power Industry,100.0,16.32,75.415,WRI Power Database
Valathadippatti,Power Plant (Solar),Thermal/Power Industry,10.0,10.578,78.635,WRI Power Database
Varavoo Kaval Greenko,Power Plant (Solar),Thermal/Power Industry,100.0,14.367,76.58,WRI Power Database
Varavoo Kaval Today,Power Plant (Solar),Thermal/Power Industry,70.0,14.377,76.595,WRI Power Database
Varkute Malawadi,Power Plant (Solar),Thermal/Power Industry,100.0,17.557,74.812,WRI Power Database
Vastan Solar Power Plant,Power Plant (Solar),Thermal/Power Industry,5.0,21.4239,73.1273,WRI Power Database
Vedachandur,Power Plant (Solar),Thermal/Power Industry,9.0,10.536,77.908,WRI Power Database
Vedasandur,Power Plant (Solar),Thermal/Power Industry,5.0,10.5254,77.8899,WRI Power Database
Veerapuram,Power Plant (Solar),Thermal/Power Industry,5.0,14.761,76.951,WRI Power Database
Veltoor Renew,Power Plant (Solar),Thermal/Power Industry,100.0,16.529,77.903,WRI Power Database
Veltoor SP,Power Plant (Solar),Thermal/Power Industry,100.0,16.468,77.909,WRI Power Database
Veltoor Suzlon,Power Plant (Solar),Thermal/Power Industry,100.0,16.445,77.867,WRI Power Database
Vemula,Power Plant (Solar),Thermal/Power Industry,10.0,16.78,78.336,WRI Power Database
Vemulapadu,Power Plant (Solar),Thermal/Power Industry,70.0,15.234,78.201,WRI Power Database
Venkatapur,Power Plant (Solar),Thermal/Power Industry,5.0,17.441,78.624,WRI Power Database
Vikarabad,Power Plant (Solar),Thermal/Power Industry,23.0,17.344,77.979,WRI Power Database
Virannapalle,Power Plant (Solar),Thermal/Power Industry,50.0,15.023,77.841,WRI Power Database
Visakhapatnam Port,Power Plant (Solar),Thermal/Power Industry,10.0,17.719,83.255,WRI Power Database
WADI CEMENT PLANT,Power Plant (Coal),Thermal/Power Industry,75.0,17.0552,76.9775,WRI Power Database
WANAKBORI,Power Plant (Coal),Thermal/Power Industry,1470.0,22.8725,73.3588,WRI Power Database
WARDHA WARORA(Sai Wardha Power),Power Plant (Coal),Thermal/Power Industry,540.0,20.2727,78.9792,WRI Power Database
WARDHA WORKS,Power Plant (Coal),Thermal/Power Industry,80.0,20.6964,78.6385,WRI Power Database
WARNA,Power Plant (Hydro),Thermal/Power Industry,16.0,17.1401,73.866,WRI Power Database
WY.CANAL A -D,Power Plant (Hydro),Thermal/Power Industry,62.4,30.3033,77.5684,WRI Power Database
Waddekothapally,Power Plant (Solar),Thermal/Power Industry,42.0,17.505,79.562,WRI Power Database
Wadgam Solar Power Plant,Power Plant (Solar),Thermal/Power Industry,15.0,22.3172,72.4397,WRI Power Database
Wagdari,Power Plant (Solar),Thermal/Power Industry,50.0,17.605,76.345,WRI Power Database
Walaja,Power Plant (Solar),Thermal/Power Industry,5.0,12.955,79.395,WRI Power Database
Wanaparthy Mytrah,Power Plant (Solar),Thermal/Power Industry,50.0,16.444,78.002,WRI Power Database
Wanaparthy Ostro,Power Plant (Solar),Thermal/Power Industry,50.0,16.424,78.069,WRI Power Database
Warora Solar Power Plant,Power Plant (Solar),Thermal/Power Industry,25.0,20.301,79.0237,WRI Power Database
Weizzmann Forex Idukki Wind Farm,Power Plant (Wind),Thermal/Power Industry,3.6,9.8881,77.2216,WRI Power Database
Wind power project by Riddhi Siddhi Gluco Biols Limited (RSGBL),Power Plant (Wind),Thermal/Power Industry,34.65,8.8709,77.4466,WRI Power Database
Wind power project in Rajasthan,Power Plant (Wind),Thermal/Power Industry,42.0,27.1715,70.6877,WRI Power Database
YAMUNANAGAR TPP,Power Plant (Coal),Thermal/Power Industry,600.0,30.1081,77.3257,WRI Power Database
YASHWANTRAO MOHITE,Power Plant (Biomass),Thermal/Power Industry,16.0,17.1653,74.2456,WRI Power Database
YELHANKA (DG),Power Plant (Oil),Thermal/Power Industry,106.6,13.1156,77.5838,WRI Power Database
YERMARUS TPP,Power Plant (Coal),Thermal/Power Industry,1600.0,16.2949,77.3568,WRI Power Database
Yadgiri,Power Plant (Solar),Thermal/Power Industry,20.0,16.647,77.209,WRI Power Database
Yapadinne A,Power Plant (Solar),Thermal/Power Industry,5.0,16.006,77.757,WRI Power Database
Yapaladinni II,Power Plant (Solar),Thermal/Power Industry,5.0,16.29,77.505,WRI Power Database
Yelesandra Solar Power Plant,Power Plant (Solar),Thermal/Power Industry,3.0,12.8932,78.1654,WRI Power Database
Yelisirur wind power project,Power Plant (Wind),Thermal/Power Industry,25.5,15.2758,75.5811,WRI Power Database
Yellapur,Power Plant (Solar),Thermal/Power Industry,50.0,14.975,74.815,WRI Power Database
ZAWAR MINES,Power Plant (Coal),Thermal/Power Industry,80.0,24.35,73.7477,WRI Power Database
Zaheerabad,Power Plant (Solar),Thermal/Power Industry,50.0,17.659,77.557,WRI Power Database
Zaheerabad 2,Power Plant (Solar),Thermal/Power Industry,10.0,17.654,77.552,WRI Power Database
iEnergy Theni Wind Farm,Power Plant (Wind),Thermal/Power Industry,16.5,9.9344,77.4768,WRI Power Database
Agartala power plant,Oil & Gas / Petrochemical Facility,Petrochemical / Refinery,135.0,23.825018,91.287056,GEM Oil & Gas Tracker
Ankleshwar Caustic Plant power station,Oil & Gas / Petrochemical Facility,Petrochemical / Refinery,50.0,21.638747,73.183,GEM Oil & Gas Tracker
Anta power plant,Oil & Gas / Petrochemical Facility,Petrochemical / Refinery,419.3,25.1797,76.3188,GEM Oil & Gas Tracker
Arkay Energy Rameswarm power station,Oil & Gas / Petrochemical Facility,Petrochemical / Refinery,150.0,9.328504,78.923287,GEM Oil & Gas Tracker
Assam Gas Based power station,Oil & Gas / Petrochemical Facility,Petrochemical / Refinery,97.0,27.340995,95.406384,GEM Oil & Gas Tracker
Assam Gas Based power station,Oil & Gas / Petrochemical Facility,Petrochemical / Refinery,97.0,27.340995,95.406384,GEM Oil & Gas Tracker
Assam Gas Based power station,Oil & Gas / Petrochemical Facility,Petrochemical / Refinery,97.0,27.340995,95.406384,GEM Oil & Gas Tracker
Auraiya Combined Cycle power plant,Oil & Gas / Petrochemical Facility,Petrochemical / Refinery,663.0,26.6282,79.5286,GEM Oil & Gas Tracker
BCPL Captive power plant,Oil & Gas / Petrochemical Facility,Petrochemical / Refinery,53.0,27.469295,94.873359,GEM Oil & Gas Tracker
BSES Kerala power station,Oil & Gas / Petrochemical Facility,Petrochemical / Refinery,165.0,10.074502,76.319108,GEM Oil & Gas Tracker
Basin Bridge power station,Oil & Gas / Petrochemical Facility,Petrochemical / Refinery,730.0,13.098919,80.270147,GEM Oil & Gas Tracker
Basin Bridge power station,Oil & Gas / Petrochemical Facility,Petrochemical / Refinery,730.0,13.098919,80.270147,GEM Oil & Gas Tracker
Bhander power station,Oil & Gas / Petrochemical Facility,Petrochemical / Refinery,500.0,21.114424,72.656204,GEM Oil & Gas Tracker
Brahmapuram Diesel power station,Oil & Gas / Petrochemical Facility,Petrochemical / Refinery,64.0,9.997399,76.373166,GEM Oil & Gas Tracker
DGEN Mega Combined Cycle power plant,Oil & Gas / Petrochemical Facility,Petrochemical / Refinery,400.0,21.6923,72.6215,GEM Oil & Gas Tracker
DGEN Mega Combined Cycle power plant,Oil & Gas / Petrochemical Facility,Petrochemical / Refinery,400.0,21.6923,72.6215,GEM Oil & Gas Tracker
DGEN Mega Combined Cycle power plant,Oil & Gas / Petrochemical Facility,Petrochemical / Refinery,400.0,21.6923,72.6215,GEM Oil & Gas Tracker
Dadri Combined Cycle power plant,Oil & Gas / Petrochemical Facility,Petrochemical / Refinery,829.8,28.5932,77.6101,GEM Oil & Gas Tracker
Dahej OPAL Captive power plant,Oil & Gas / Petrochemical Facility,Petrochemical / Refinery,195.0,21.693394,72.623335,GEM Oil & Gas Tracker
Dholpur Combined Cycle power plant,Oil & Gas / Petrochemical Facility,Petrochemical / Refinery,330.0,26.701839,77.847933,GEM Oil & Gas Tracker
Dhuvaran Combined Cycle power plant,Oil & Gas / Petrochemical Facility,Petrochemical / Refinery,106.0,22.2396,72.752,GEM Oil & Gas Tracker
Dhuvaran Combined Cycle power plant,Oil & Gas / Petrochemical Facility,Petrochemical / Refinery,112.0,22.2396,72.752,GEM Oil & Gas Tracker
Dhuvaran Combined Cycle power plant,Oil & Gas / Petrochemical Facility,Petrochemical / Refinery,376.0,22.2396,72.752,GEM Oil & Gas Tracker
Faridabad Combined Cycle power plant,Oil & Gas / Petrochemical Facility,Petrochemical / Refinery,431.6,28.34652,77.359003,GEM Oil & Gas Tracker
GACL Dahej Caustic Captive power plant,Oil & Gas / Petrochemical Facility,Petrochemical / Refinery,113.0,21.70975,72.690402,GEM Oil & Gas Tracker
GMR Energy Limited Combined Cycle power plant,Oil & Gas / Petrochemical Facility,Petrochemical / Refinery,220.0,16.950087,82.27019,GEM Oil & Gas Tracker
GREL Combined Cycle power plant (Rajahmundry),Oil & Gas / Petrochemical Facility,Petrochemical / Refinery,384.0,16.9247,81.8112,GEM Oil & Gas Tracker
GREL Combined Cycle power plant (Rajahmundry),Oil & Gas / Petrochemical Facility,Petrochemical / Refinery,384.0,16.9247,81.8112,GEM Oil & Gas Tracker
Gautami Combined Cycle power plant,Oil & Gas / Petrochemical Facility,Petrochemical / Refinery,464.0,17.0386,82.1286,GEM Oil & Gas Tracker
Godavari Combined Cycle power plant,Oil & Gas / Petrochemical Facility,Petrochemical / Refinery,208.0,17.0587,82.3097,GEM Oil & Gas Tracker
Godhra power station,Oil & Gas / Petrochemical Facility,Petrochemical / Refinery,2000.0,22.773567,73.617556,GEM Oil & Gas Tracker
Gujarat Cement Works Combined Cycle power station,Oil & Gas / Petrochemical Facility,Petrochemical / Refinery,50.0,20.910433,71.458493,GEM Oil & Gas Tracker
Guru Gobind Singh Refinery power station,Oil & Gas / Petrochemical Facility,Petrochemical / Refinery,165.0,29.924421,74.958902,GEM Oil & Gas Tracker
HPCL Vizag Refinery power station,Oil & Gas / Petrochemical Facility,Petrochemical / Refinery,60.0,17.68858,83.251943,GEM Oil & Gas Tracker
HPL Cogeneration power station,Oil & Gas / Petrochemical Facility,Petrochemical / Refinery,116.0,22.651466,88.086507,GEM Oil & Gas Tracker
Hazira (Essar) power station,Oil & Gas / Petrochemical Facility,Petrochemical / Refinery,515.0,21.110391,72.654514,GEM Oil & Gas Tracker
Hazira (GSEG) power station,Oil & Gas / Petrochemical Facility,Petrochemical / Refinery,156.0,21.1652,72.6613,GEM Oil & Gas Tracker
Hazira (GSEG) power station,Oil & Gas / Petrochemical Facility,Petrochemical / Refinery,351.0,21.1652,72.6613,GEM Oil & Gas Tracker
Hazira Gas Processing Complex Captive Power station,Oil & Gas / Petrochemical Facility,Petrochemical / Refinery,51.0,21.16102,72.739369,GEM Oil & Gas Tracker
Hazira power station (Reliance),Oil & Gas / Petrochemical Facility,Petrochemical / Refinery,320.0,21.1592,72.687127,GEM Oil & Gas Tracker
Hope Town power station,Oil & Gas / Petrochemical Facility,Petrochemical / Refinery,50.0,11.706072,92.736766,GEM Oil & Gas Tracker
IOCL Panipat Naphtha Cracker Captive cogeneration power plant,Oil & Gas / Petrochemical Facility,Petrochemical / Refinery,238.4,29.452388,76.872665,GEM Oil & Gas Tracker
IOCL Panipat cogeneration power plant,Oil & Gas / Petrochemical Facility,Petrochemical / Refinery,110.0,29.467309,76.875446,GEM Oil & Gas Tracker
Indraprastha Gas power station,Oil & Gas / Petrochemical Facility,Petrochemical / Refinery,270.0,28.707077,77.102222,GEM Oil & Gas Tracker
Jegurupadu Combined Cycle power plant,Oil & Gas / Petrochemical Facility,Petrochemical / Refinery,235.0,16.9312,81.86,GEM Oil & Gas Tracker
Jegurupadu Combined Cycle power plant,Oil & Gas / Petrochemical Facility,Petrochemical / Refinery,220.0,16.9312,81.86,GEM Oil & Gas Tracker
Jhanor Gandhar Combined Cycle power plant,Oil & Gas / Petrochemical Facility,Petrochemical / Refinery,657.0,21.8242,73.1136,GEM Oil & Gas Tracker
Karappur Combined Cycle power plant,Oil & Gas / Petrochemical Facility,Petrochemical / Refinery,120.0,11.121782,79.527904,GEM Oil & Gas Tracker
Kashipur (Gama) power station,Oil & Gas / Petrochemical Facility,Petrochemical / Refinery,225.0,29.141711,78.963497,GEM Oil & Gas Tracker
Kashipur Sravanthi power station,Oil & Gas / Petrochemical Facility,Petrochemical / Refinery,225.0,29.154721,78.974029,GEM Oil & Gas Tracker
Kashipur Sravanthi power station,Oil & Gas / Petrochemical Facility,Petrochemical / Refinery,225.0,29.154721,78.974029,GEM Oil & Gas Tracker
Kattupalli power station,Oil & Gas / Petrochemical Facility,Petrochemical / Refinery,750.0,13.258618,80.340732,GEM Oil & Gas Tracker
Kattupalli power station,Oil & Gas / Petrochemical Facility,Petrochemical / Refinery,150.0,13.258618,80.340732,GEM Oil & Gas Tracker
Kawas Combined Cycle power plant,Oil & Gas / Petrochemical Facility,Petrochemical / Refinery,656.0,21.175,72.6879,GEM Oil & Gas Tracker
Kayamkulam Gas power plant,Oil & Gas / Petrochemical Facility,Petrochemical / Refinery,350.0,9.207196,76.434225,GEM Oil & Gas Tracker
Konaseema Combined Cycle power plant,Oil & Gas / Petrochemical Facility,Petrochemical / Refinery,445.0,16.7346,81.8622,GEM Oil & Gas Tracker
Konaseema Combined Cycle power plant,Oil & Gas / Petrochemical Facility,Petrochemical / Refinery,410.0,16.7346,81.8622,GEM Oil & Gas Tracker
Konaseema Combined Cycle power plant,Oil & Gas / Petrochemical Facility,Petrochemical / Refinery,410.0,16.7346,81.8622,GEM Oil & Gas Tracker
Kondapalli Combined Cycle power plant,Oil & Gas / Petrochemical Facility,Petrochemical / Refinery,368.0,16.64,80.5504,GEM Oil & Gas Tracker
Kondapalli Combined Cycle power plant,Oil & Gas / Petrochemical Facility,Petrochemical / Refinery,366.0,16.64,80.5504,GEM Oil & Gas Tracker
Kondapalli Combined Cycle power plant,Oil & Gas / Petrochemical Facility,Petrochemical / Refinery,371.0,16.64,80.5504,GEM Oil & Gas Tracker
Kondapalli Combined Cycle power plant,Oil & Gas / Petrochemical Facility,Petrochemical / Refinery,371.0,16.64,80.5504,GEM Oil & Gas Tracker
Kozhikode Diesel power station,Oil & Gas / Petrochemical Facility,Petrochemical / Refinery,96.0,11.205247,75.806959,GEM Oil & Gas Tracker
Kuttalam Combined Cycle power plant,Oil & Gas / Petrochemical Facility,Petrochemical / Refinery,101.0,11.076,79.57,GEM Oil & Gas Tracker
Lakwa Replacement power station,Oil & Gas / Petrochemical Facility,Petrochemical / Refinery,69.8,26.985766,94.93017,GEM Oil & Gas Tracker
Manesar Captive power plant,Oil & Gas / Petrochemical Facility,Petrochemical / Refinery,77.5,28.366459,76.890224,GEM Oil & Gas Tracker
Mangalore Refinery power plant,Oil & Gas / Petrochemical Facility,Petrochemical / Refinery,115.0,12.983902,74.844176,GEM Oil & Gas Tracker
Mangalore Refinery power plant,Oil & Gas / Petrochemical Facility,Petrochemical / Refinery,114.0,12.983902,74.844176,GEM Oil & Gas Tracker
Mangaon Combined Cycle power plant,Oil & Gas / Petrochemical Facility,Petrochemical / Refinery,388.0,18.3879,73.3529,GEM Oil & Gas Tracker
Matix Fertilisers Captive power plant,Oil & Gas / Petrochemical Facility,Petrochemical / Refinery,54.0,23.44414,87.492464,GEM Oil & Gas Tracker
Monarchak Combined Cycle power plant,Oil & Gas / Petrochemical Facility,Petrochemical / Refinery,101.0,23.438,91.274,GEM Oil & Gas Tracker
Namrup power station,Oil & Gas / Petrochemical Facility,Petrochemical / Refinery,98.4,27.1858,95.376,GEM Oil & Gas Tracker
P.Nallur Combined Cycle power plant,Oil & Gas / Petrochemical Facility,Petrochemical / Refinery,331.0,11.0749,79.834,GEM Oil & Gas Tracker
P.Nallur Combined Cycle power plant,Oil & Gas / Petrochemical Facility,Petrochemical / Refinery,360.0,11.0749,79.834,GEM Oil & Gas Tracker
P.Nallur Combined Cycle power plant,Oil & Gas / Petrochemical Facility,Petrochemical / Refinery,360.0,11.0749,79.834,GEM Oil & Gas Tracker
P.Nallur Combined Cycle power plant,Oil & Gas / Petrochemical Facility,Petrochemical / Refinery,360.0,11.0749,79.834,GEM Oil & Gas Tracker
Paguthan Combined Cycle power plant,Oil & Gas / Petrochemical Facility,Petrochemical / Refinery,655.0,21.78,72.979,GEM Oil & Gas Tracker
Panduranga power station,Oil & Gas / Petrochemical Facility,Petrochemical / Refinery,116.0,17.122874,81.619462,GEM Oil & Gas Tracker
Panduranga power station,Oil & Gas / Petrochemical Facility,Petrochemical / Refinery,354.0,17.122874,81.619462,GEM Oil & Gas Tracker
Paradip Refinery Captive power station,Oil & Gas / Petrochemical Facility,Petrochemical / Refinery,122.0,20.250004,86.59751,GEM Oil & Gas Tracker
Paradip Refinery Captive power station,Oil & Gas / Petrochemical Facility,Petrochemical / Refinery,122.0,20.250004,86.59751,GEM Oil & Gas Tracker
Paradip Refinery Captive power station,Oil & Gas / Petrochemical Facility,Petrochemical / Refinery,122.0,20.250004,86.59751,GEM Oil & Gas Tracker
Pipavav Combined Cycle power plant,Oil & Gas / Petrochemical Facility,Petrochemical / Refinery,351.0,20.8986,71.46926,GEM Oil & Gas Tracker
Pipavav Combined Cycle power plant,Oil & Gas / Petrochemical Facility,Petrochemical / Refinery,351.0,20.8986,71.46926,GEM Oil & Gas Tracker
Pragati Combined Cycle Gas Turbine-III power station,Oil & Gas / Petrochemical Facility,Petrochemical / Refinery,750.0,28.7962571,77.0709926,GEM Oil & Gas Tracker
Pragati Combined Cycle Gas Turbine-III power station,Oil & Gas / Petrochemical Facility,Petrochemical / Refinery,750.0,28.7962571,77.0709926,GEM Oil & Gas Tracker
Pragati Combined Cycle power plant,Oil & Gas / Petrochemical Facility,Petrochemical / Refinery,330.4,28.6146,77.2528,GEM Oil & Gas Tracker
Ramgarh Combined Cycle power plant,Oil & Gas / Petrochemical Facility,Petrochemical / Refinery,270.5,27.337693,70.525314,GEM Oil & Gas Tracker
Ratnagiri Combined Cycle power plant,Oil & Gas / Petrochemical Facility,Petrochemical / Refinery,640.0,17.5587,73.16705,GEM Oil & Gas Tracker
Ratnagiri Combined Cycle power plant,Oil & Gas / Petrochemical Facility,Petrochemical / Refinery,664.0,17.5587,73.16705,GEM Oil & Gas Tracker
Ratnagiri Combined Cycle power plant,Oil & Gas / Petrochemical Facility,Petrochemical / Refinery,664.0,17.5587,73.16705,GEM Oil & Gas Tracker
Rithala Gas power plant,Oil & Gas / Petrochemical Facility,Petrochemical / Refinery,108.0,28.7327,77.1016,GEM Oil & Gas Tracker
Rokhia power plant,Oil & Gas / Petrochemical Facility,Petrochemical / Refinery,120.0,23.75,91.5,GEM Oil & Gas Tracker
Sai Regency Power power plant,Oil & Gas / Petrochemical Facility,Petrochemical / Refinery,58.0,9.362703,78.893266,GEM Oil & Gas Tracker
Samalkot Combined Cycle power plant,Oil & Gas / Petrochemical Facility,Petrochemical / Refinery,220.0,17.0853,82.1283,GEM Oil & Gas Tracker
Sugen Combined Cycle power plant,Oil & Gas / Petrochemical Facility,Petrochemical / Refinery,383.0,21.3395,72.9889,GEM Oil & Gas Tracker
Sugen Combined Cycle power plant,Oil & Gas / Petrochemical Facility,Petrochemical / Refinery,383.0,21.3395,72.9889,GEM Oil & Gas Tracker
Sugen Combined Cycle power plant,Oil & Gas / Petrochemical Facility,Petrochemical / Refinery,383.0,21.3395,72.9889,GEM Oil & Gas Tracker
Thirumakotai Combined Cycle power plant,Oil & Gas / Petrochemical Facility,Petrochemical / Refinery,107.0,10.5415,79.4507,GEM Oil & Gas Tracker
Tripura Combined Cycle power plant,Oil & Gas / Petrochemical Facility,Petrochemical / Refinery,363.0,23.4987,91.4385,GEM Oil & Gas Tracker
Tripura Combined Cycle power plant,Oil & Gas / Petrochemical Facility,Petrochemical / Refinery,363.0,23.4987,91.4385,GEM Oil & Gas Tracker
Trombay Combined Cycle power plant,Oil & Gas / Petrochemical Facility,Petrochemical / Refinery,180.0,19.0018,72.8967,GEM Oil & Gas Tracker
Unosugen Combined Cycle power plant,Oil & Gas / Petrochemical Facility,Petrochemical / Refinery,383.0,21.3413,72.989,GEM Oil & Gas Tracker
Uran Combined Cycle power plant,Oil & Gas / Petrochemical Facility,Petrochemical / Refinery,672.0,18.88,72.9715,GEM Oil & Gas Tracker
Utran Combined Cycle power plant,Oil & Gas / Petrochemical Facility,Petrochemical / Refinery,374.0,21.2285,72.8705,GEM Oil & Gas Tracker
Vadinar P1 power station,Oil & Gas / Petrochemical Facility,Petrochemical / Refinery,380.0,22.324327,69.737699,GEM Oil & Gas Tracker
Vadodara Combined Cycle power plant,Oil & Gas / Petrochemical Facility,Petrochemical / Refinery,145.0,22.375805,73.099511,GEM Oil & Gas Tracker
Vadodara Combined Cycle power plant,Oil & Gas / Petrochemical Facility,Petrochemical / Refinery,165.0,22.375805,73.099511,GEM Oil & Gas Tracker
Valuthur Combined Cycle power plant,Oil & Gas / Petrochemical Facility,Petrochemical / Refinery,95.0,9.34836,78.9235,GEM Oil & Gas Tracker
Valuthur Combined Cycle power plant,Oil & Gas / Petrochemical Facility,Petrochemical / Refinery,92.0,9.34836,78.9235,GEM Oil & Gas Tracker
Vemagiri Combined Cycle power plant,Oil & Gas / Petrochemical Facility,Petrochemical / Refinery,388.0,16.9238,81.8141,GEM Oil & Gas Tracker
Vijjeswaram Combined Cycle power plant,Oil & Gas / Petrochemical Facility,Petrochemical / Refinery,100.0,16.9335,81.7243,GEM Oil & Gas Tracker
Vijjeswaram Combined Cycle power plant,Oil & Gas / Petrochemical Facility,Petrochemical / Refinery,172.0,16.9335,81.7243,GEM Oil & Gas Tracker
Vizag Steel Plant power station,Oil & Gas / Petrochemical Facility,Petrochemical / Refinery,120.0,17.606547,83.196713,GEM Oil & Gas Tracker
Yelahanka Raichur power station,Oil & Gas / Petrochemical Facility,Petrochemical / Refinery,370.0,13.117556,77.581875,GEM Oil & Gas Tracker
