{
  "type": "FeatureCollection",
  "features": [
    {
      "type": "Feature",
      "geometry": {
        "type": "Point",
        "coordinates": [
          73.2407,
          28.1839
        ]
      },
      "properties": {
        "name": "ACME Solar Tower",
        "type": "Power Plant (Solar)",
        "category": "Thermal/Power Industry",
        "capacity_mw": 2.5,
        "lat": 28.1839,
        "lon": 73.2407,
        "source": "WRI Power Database"
      }
    },
    {
      "type": "Feature",
      "geometry": {
        "type": "Point",
        "coordinates": [
          74.609,
          24.7663
        ]
      },
      "properties": {
        "name": "ADITYA CEMENT WORKS",
        "type": "Power Plant (Coal)",
        "category": "Thermal/Power Industry",
        "capacity_mw": 98.0,
        "lat": 24.7663,
        "lon": 74.609,
        "source": "WRI Power Database"
      }
    },
    {
      "type": "Feature",
      "geometry": {
        "type": "Point",
        "coordinates": [
          69.3732,
          21.9038
        ]
      },
      "properties": {
        "name": "AES Saurashtra Windfarms",
        "type": "Power Plant (Wind)",
        "category": "Thermal/Power Industry",
        "capacity_mw": 39.2,
        "lat": 21.9038,
        "lon": 69.3732,
        "source": "WRI Power Database"
      }
    },
    {
      "type": "Feature",
      "geometry": {
        "type": "Point",
        "coordinates": [
          91.3602,
          23.8712
        ]
      },
      "properties": {
        "name": "AGARTALA GT",
        "type": "Power Plant (Gas)",
        "category": "Thermal/Power Industry",
        "capacity_mw": 135.0,
        "lat": 23.8712,
        "lon": 91.3602,
        "source": "WRI Power Database"
      }
    },
    {
      "type": "Feature",
      "geometry": {
        "type": "Point",
        "coordinates": [
          82.4091,
          21.9603
        ]
      },
      "properties": {
        "name": "AKALTARA TPP",
        "type": "Power Plant (Coal)",
        "category": "Thermal/Power Industry",
        "capacity_mw": 1800.0,
        "lat": 21.9603,
        "lon": 82.4091,
        "source": "WRI Power Database"
      }
    },
    {
      "type": "Feature",
      "geometry": {
        "type": "Point",
        "coordinates": [
          68.6447,
          23.7689
        ]
      },
      "properties": {
        "name": "AKRIMOTA LIG",
        "type": "Power Plant (Coal)",
        "category": "Thermal/Power Industry",
        "capacity_mw": 250.0,
        "lat": 23.7689,
        "lon": 68.6447,
        "source": "WRI Power Database"
      }
    },
    {
      "type": "Feature",
      "geometry": {
        "type": "Point",
        "coordinates": [
          77.0078,
          10.4547
        ]
      },
      "properties": {
        "name": "ALIYAR",
        "type": "Power Plant (Hydro)",
        "category": "Thermal/Power Industry",
        "capacity_mw": 60.0,
        "lat": 10.4547,
        "lon": 77.0078,
        "source": "WRI Power Database"
      }
    },
    {
      "type": "Feature",
      "geometry": {
        "type": "Point",
        "coordinates": [
          77.207,
          32.2258
        ]
      },
      "properties": {
        "name": "ALLAIN DUHANGAN",
        "type": "Power Plant (Hydro)",
        "category": "Thermal/Power Industry",
        "capacity_mw": 192.0,
        "lat": 32.2258,
        "lon": 77.207,
        "source": "WRI Power Database"
      }
    },
    {
      "type": "Feature",
      "geometry": {
        "type": "Point",
        "coordinates": [
          75.8863,
          16.33
        ]
      },
      "properties": {
        "name": "ALMATTI DAM",
        "type": "Power Plant (Hydro)",
        "category": "Thermal/Power Industry",
        "capacity_mw": 290.0,
        "lat": 16.33,
        "lon": 75.8863,
        "source": "WRI Power Database"
      }
    },
    {
      "type": "Feature",
      "geometry": {
        "type": "Point",
        "coordinates": [
          81.6373,
          23.1642
        ]
      },
      "properties": {
        "name": "AMAR KANTAK",
        "type": "Power Plant (Coal)",
        "category": "Thermal/Power Industry",
        "capacity_mw": 210.0,
        "lat": 23.1642,
        "lon": 81.6373,
        "source": "WRI Power Database"
      }
    },
    {
      "type": "Feature",
      "geometry": {
        "type": "Point",
        "coordinates": [
          77.9009,
          21.0782
        ]
      },
      "properties": {
        "name": "AMARAVATI TPP",
        "type": "Power Plant (Coal)",
        "category": "Thermal/Power Industry",
        "capacity_mw": 1350.0,
        "lat": 21.0782,
        "lon": 77.9009,
        "source": "WRI Power Database"
      }
    },
    {
      "type": "Feature",
      "geometry": {
        "type": "Point",
        "coordinates": [
          76.4938,
          31.2717
        ]
      },
      "properties": {
        "name": "ANANDPUR SAHIB ST-I&II",
        "type": "Power Plant (Hydro)",
        "category": "Thermal/Power Industry",
        "capacity_mw": 134.0,
        "lat": 31.2717,
        "lon": 76.4938,
        "source": "WRI Power Database"
      }
    },
    {
      "type": "Feature",
      "geometry": {
        "type": "Point",
        "coordinates": [
          82.8,
          24.2007
        ]
      },
      "properties": {
        "name": "ANAPARA \"C\"",
        "type": "Power Plant (Coal)",
        "category": "Thermal/Power Industry",
        "capacity_mw": 1200.0,
        "lat": 24.2007,
        "lon": 82.8,
        "source": "WRI Power Database"
      }
    },
    {
      "type": "Feature",
      "geometry": {
        "type": "Point",
        "coordinates": [
          77.8769,
          31.2412
        ]
      },
      "properties": {
        "name": "ANDHRA",
        "type": "Power Plant (Hydro)",
        "category": "Thermal/Power Industry",
        "capacity_mw": 16.95,
        "lat": 31.2412,
        "lon": 77.8769,
        "source": "WRI Power Database"
      }
    },
    {
      "type": "Feature",
      "geometry": {
        "type": "Point",
        "coordinates": [
          82.7891,
          24.201
        ]
      },
      "properties": {
        "name": "ANPARA",
        "type": "Power Plant (Coal)",
        "category": "Thermal/Power Industry",
        "capacity_mw": 2630.0,
        "lat": 24.201,
        "lon": 82.7891,
        "source": "WRI Power Database"
      }
    },
    {
      "type": "Feature",
      "geometry": {
        "type": "Point",
        "coordinates": [
          76.3188,
          25.1797
        ]
      },
      "properties": {
        "name": "ANTA GT",
        "type": "Power Plant (Gas)",
        "category": "Thermal/Power Industry",
        "capacity_mw": 419.33,
        "lat": 25.1797,
        "lon": 76.3188,
        "source": "WRI Power Database"
      }
    },
    {
      "type": "Feature",
      "geometry": {
        "type": "Point",
        "coordinates": [
          81.7841,
          23.0666
        ]
      },
      "properties": {
        "name": "ANUPPUR",
        "type": "Power Plant (Coal)",
        "category": "Thermal/Power Industry",
        "capacity_mw": 600.0,
        "lat": 23.0666,
        "lon": 81.7841,
        "source": "WRI Power Database"
      }
    },
    {
      "type": "Feature",
      "geometry": {
        "type": "Point",
        "coordinates": [
          81.7865,
          23.0655
        ]
      },
      "properties": {
        "name": "ANUPUR TPP",
        "type": "Power Plant (Coal)",
        "category": "Thermal/Power Industry",
        "capacity_mw": 1200.0,
        "lat": 23.0655,
        "lon": 81.7865,
        "source": "WRI Power Database"
      }
    },
    {
      "type": "Feature",
      "geometry": {
        "type": "Point",
        "coordinates": [
          76.1851,
          18.0845
        ]
      },
      "properties": {
        "name": "ARVINDNAGAR SUGAR",
        "type": "Power Plant (Biomass)",
        "category": "Thermal/Power Industry",
        "capacity_mw": 10.0,
        "lat": 18.0845,
        "lon": 76.1851,
        "source": "WRI Power Database"
      }
    },
    {
      "type": "Feature",
      "geometry": {
        "type": "Point",
        "coordinates": [
          74.7061,
          19.5867
        ]
      },
      "properties": {
        "name": "ASHOKNAGAR MILL",
        "type": "Power Plant (Biomass)",
        "category": "Thermal/Power Industry",
        "capacity_mw": 17.0,
        "lat": 19.5867,
        "lon": 74.7061,
        "source": "WRI Power Database"
      }
    },
    {
      "type": "Feature",
      "geometry": {
        "type": "Point",
        "coordinates": [
          74.9191,
          16.7708
        ]
      },
      "properties": {
        "name": "ATHANI SUGAR",
        "type": "Power Plant (Biomass)",
        "category": "Thermal/Power Industry",
        "capacity_mw": 24.0,
        "lat": 16.7708,
        "lon": 74.9191,
        "source": "WRI Power Database"
      }
    },
    {
      "type": "Feature",
      "geometry": {
        "type": "Point",
        "coordinates": [
          79.5286,
          26.6282
        ]
      },
      "properties": {
        "name": "AURAIYA GT",
        "type": "Power Plant (Gas)",
        "category": "Thermal/Power Industry",
        "capacity_mw": 652.0,
        "lat": 26.6282,
        "lon": 79.5286,
        "source": "WRI Power Database"
      }
    },
    {
      "type": "Feature",
      "geometry": {
        "type": "Point",
        "coordinates": [
          83.2741,
          21.7438
        ]
      },
      "properties": {
        "name": "AVANTHA BHANDAR TPP",
        "type": "Power Plant (Coal)",
        "category": "Thermal/Power Industry",
        "capacity_mw": 600.0,
        "lat": 21.7438,
        "lon": 83.2741,
        "source": "WRI Power Database"
      }
    },
    {
      "type": "Feature",
      "geometry": {
        "type": "Point",
        "coordinates": [
          79.1518,
          19.7881
        ]
      },
      "properties": {
        "name": "AWARPUR CEMENT PLANT",
        "type": "Power Plant (Coal)",
        "category": "Thermal/Power Industry",
        "capacity_mw": 46.0,
        "lat": 19.7881,
        "lon": 79.1518,
        "source": "WRI Power Database"
      }
    },
    {
      "type": "Feature",
      "geometry": {
        "type": "Point",
        "coordinates": [
          70.9197,
          26.8278
        ]
      },
      "properties": {
        "name": "Abhijeet",
        "type": "Power Plant (Solar)",
        "category": "Thermal/Power Industry",
        "capacity_mw": 50.0,
        "lat": 26.8278,
        "lon": 70.9197,
        "source": "WRI Power Database"
      }
    },
    {
      "type": "Feature",
      "geometry": {
        "type": "Point",
        "coordinates": [
          78.6621,
          16.3893
        ]
      },
      "properties": {
        "name": "Achampet",
        "type": "Power Plant (Solar)",
        "category": "Thermal/Power Industry",
        "capacity_mw": 5.5,
        "lat": 16.3893,
        "lon": 78.6621,
        "source": "WRI Power Database"
      }
    },
    {
      "type": "Feature",
      "geometry": {
        "type": "Point",
        "coordinates": [
          78.676,
          16.389
        ]
      },
      "properties": {
        "name": "Achampet Solarpack",
        "type": "Power Plant (Solar)",
        "category": "Thermal/Power Industry",
        "capacity_mw": 15.0,
        "lat": 16.389,
        "lon": 78.676,
        "source": "WRI Power Database"
      }
    },
    {
      "type": "Feature",
      "geometry": {
        "type": "Point",
        "coordinates": [
          78.7,
          16.407
        ]
      },
      "properties": {
        "name": "Achampet Suzlon",
        "type": "Power Plant (Solar)",
        "category": "Thermal/Power Industry",
        "capacity_mw": 15.0,
        "lat": 16.407,
        "lon": 78.7,
        "source": "WRI Power Database"
      }
    },
    {
      "type": "Feature",
      "geometry": {
        "type": "Point",
        "coordinates": [
          77.924,
          10.456
        ]
      },
      "properties": {
        "name": "Agaram A",
        "type": "Power Plant (Solar)",
        "category": "Thermal/Power Industry",
        "capacity_mw": 20.0,
        "lat": 10.456,
        "lon": 77.924,
        "source": "WRI Power Database"
      }
    },
    {
      "type": "Feature",
      "geometry": {
        "type": "Point",
        "coordinates": [
          74.758,
          25.842
        ]
      },
      "properties": {
        "name": "Agucha Mine",
        "type": "Power Plant (Solar)",
        "category": "Thermal/Power Industry",
        "capacity_mw": 22.0,
        "lat": 25.842,
        "lon": 74.758,
        "source": "WRI Power Database"
      }
    },
    {
      "type": "Feature",
      "geometry": {
        "type": "Point",
        "coordinates": [
          79.326,
          17.208
        ]
      },
      "properties": {
        "name": "Aitipamula",
        "type": "Power Plant (Solar)",
        "category": "Thermal/Power Industry",
        "capacity_mw": 15.0,
        "lat": 17.208,
        "lon": 79.326,
        "source": "WRI Power Database"
      }
    },
    {
      "type": "Feature",
      "geometry": {
        "type": "Point",
        "coordinates": [
          79.208,
          17.265
        ]
      },
      "properties": {
        "name": "Akkinepally",
        "type": "Power Plant (Solar)",
        "category": "Thermal/Power Industry",
        "capacity_mw": 10.0,
        "lat": 17.265,
        "lon": 79.208,
        "source": "WRI Power Database"
      }
    },
    {
      "type": "Feature",
      "geometry": {
        "type": "Point",
        "coordinates": [
          78.01,
          15.925
        ]
      },
      "properties": {
        "name": "Alampur Mytrah 1",
        "type": "Power Plant (Solar)",
        "category": "Thermal/Power Industry",
        "capacity_mw": 11.0,
        "lat": 15.925,
        "lon": 78.01,
        "source": "WRI Power Database"
      }
    },
    {
      "type": "Feature",
      "geometry": {
        "type": "Point",
        "coordinates": [
          78.002,
          15.901
        ]
      },
      "properties": {
        "name": "Alampur SP",
        "type": "Power Plant (Solar)",
        "category": "Thermal/Power Industry",
        "capacity_mw": 10.0,
        "lat": 15.901,
        "lon": 78.002,
        "source": "WRI Power Database"
      }
    },
    {
      "type": "Feature",
      "geometry": {
        "type": "Point",
        "coordinates": [
          75.785,
          20.275
        ]
      },
      "properties": {
        "name": "Alapur",
        "type": "Power Plant (Solar)",
        "category": "Thermal/Power Industry",
        "capacity_mw": 50.0,
        "lat": 20.275,
        "lon": 75.785,
        "source": "WRI Power Database"
      }
    },
    {
      "type": "Feature",
      "geometry": {
        "type": "Point",
        "coordinates": [
          77.925,
          17.947
        ]
      },
      "properties": {
        "name": "Alladurg",
        "type": "Power Plant (Solar)",
        "category": "Thermal/Power Industry",
        "capacity_mw": 11.0,
        "lat": 17.947,
        "lon": 77.925,
        "source": "WRI Power Database"
      }
    },
    {
      "type": "Feature",
      "geometry": {
        "type": "Point",
        "coordinates": [
          81.79,
          25.395
        ]
      },
      "properties": {
        "name": "Allahabad Rattan",
        "type": "Power Plant (Solar)",
        "category": "Thermal/Power Industry",
        "capacity_mw": 50.0,
        "lat": 25.395,
        "lon": 81.79,
        "source": "WRI Power Database"
      }
    },
    {
      "type": "Feature",
      "geometry": {
        "type": "Point",
        "coordinates": [
          76.389,
          17.636
        ]
      },
      "properties": {
        "name": "Alland",
        "type": "Power Plant (Solar)",
        "category": "Thermal/Power Industry",
        "capacity_mw": 20.0,
        "lat": 17.636,
        "lon": 76.389,
        "source": "WRI Power Database"
      }
    },
    {
      "type": "Feature",
      "geometry": {
        "type": "Point",
        "coordinates": [
          75.525,
          23.815
        ]
      },
      "properties": {
        "name": "Alote",
        "type": "Power Plant (Solar)",
        "category": "Thermal/Power Industry",
        "capacity_mw": 20.0,
        "lat": 23.815,
        "lon": 75.525,
        "source": "WRI Power Database"
      }
    },
    {
      "type": "Feature",
      "geometry": {
        "type": "Point",
        "coordinates": [
          78.445,
          24.77
        ]
      },
      "properties": {
        "name": "Amarpur Refex",
        "type": "Power Plant (Solar)",
        "category": "Thermal/Power Industry",
        "capacity_mw": 10.0,
        "lat": 24.77,
        "lon": 78.445,
        "source": "WRI Power Database"
      }
    },
    {
      "type": "Feature",
      "geometry": {
        "type": "Point",
        "coordinates": [
          78.45,
          24.765
        ]
      },
      "properties": {
        "name": "Amarpur Samavist",
        "type": "Power Plant (Solar)",
        "category": "Thermal/Power Industry",
        "capacity_mw": 10.0,
        "lat": 24.765,
        "lon": 78.45,
        "source": "WRI Power Database"
      }
    },
    {
      "type": "Feature",
      "geometry": {
        "type": "Point",
        "coordinates": [
          74.2402,
          28.3615
        ]
      },
      "properties": {
        "name": "Amarsar Solar Power Plant",
        "type": "Power Plant (Solar)",
        "category": "Thermal/Power Industry",
        "capacity_mw": 1.0,
        "lat": 28.3615,
        "lon": 74.2402,
        "source": "WRI Power Database"
      }
    },
    {
      "type": "Feature",
      "geometry": {
        "type": "Point",
        "coordinates": [
          77.885,
          9.553
        ]
      },
      "properties": {
        "name": "Amathur",
        "type": "Power Plant (Solar)",
        "category": "Thermal/Power Industry",
        "capacity_mw": 14.4,
        "lat": 9.553,
        "lon": 77.885,
        "source": "WRI Power Database"
      }
    },
    {
      "type": "Feature",
      "geometry": {
        "type": "Point",
        "coordinates": [
          85.925,
          20.905
        ]
      },
      "properties": {
        "name": "Ambosara",
        "type": "Power Plant (Solar)",
        "category": "Thermal/Power Industry",
        "capacity_mw": 80.0,
        "lat": 20.905,
        "lon": 85.925,
        "source": "WRI Power Database"
      }
    },
    {
      "type": "Feature",
      "geometry": {
        "type": "Point",
        "coordinates": [
          76.121,
          23.929
        ]
      },
      "properties": {
        "name": "Amla Nankar",
        "type": "Power Plant (Solar)",
        "category": "Thermal/Power Industry",
        "capacity_mw": 12.9,
        "lat": 23.929,
        "lon": 76.121,
        "source": "WRI Power Database"
      }
    },
    {
      "type": "Feature",
      "geometry": {
        "type": "Point",
        "coordinates": [
          76.3926,
          14.5751
        ]
      },
      "properties": {
        "name": "Anabura Wind Farm",
        "type": "Power Plant (Wind)",
        "category": "Thermal/Power Industry",
        "capacity_mw": 16.5,
        "lat": 14.5751,
        "lon": 76.3926,
        "source": "WRI Power Database"
      }
    },
    {
      "type": "Feature",
      "geometry": {
        "type": "Point",
        "coordinates": [
          78.434,
          14.026
        ]
      },
      "properties": {
        "name": "Anantapur Tata",
        "type": "Power Plant (Solar)",
        "category": "Thermal/Power Industry",
        "capacity_mw": 200.0,
        "lat": 14.026,
        "lon": 78.434,
        "source": "WRI Power Database"
      }
    },
    {
      "type": "Feature",
      "geometry": {
        "type": "Point",
        "coordinates": [
          77.687,
          14.9455
        ]
      },
      "properties": {
        "name": "Ananthapur - Meil Solar Power Plant",
        "type": "Power Plant (Solar)",
        "category": "Thermal/Power Industry",
        "capacity_mw": 50.0,
        "lat": 14.9455,
        "lon": 77.687,
        "source": "WRI Power Database"
      }
    },
    {
      "type": "Feature",
      "geometry": {
        "type": "Point",
        "coordinates": [
          78.294,
          18.152
        ]
      },
      "properties": {
        "name": "Ananthasagar",
        "type": "Power Plant (Solar)",
        "category": "Thermal/Power Industry",
        "capacity_mw": 45.0,
        "lat": 18.152,
        "lon": 78.294,
        "source": "WRI Power Database"
      }
    },
    {
      "type": "Feature",
      "geometry": {
        "type": "Point",
        "coordinates": [
          76.31,
          18.275
        ]
      },
      "properties": {
        "name": "Andora",
        "type": "Power Plant (Solar)",
        "category": "Thermal/Power Industry",
        "capacity_mw": 20.0,
        "lat": 18.275,
        "lon": 76.31,
        "source": "WRI Power Database"
      }
    },
    {
      "type": "Feature",
      "geometry": {
        "type": "Point",
        "coordinates": [
          73.6396,
          18.858
        ]
      },
      "properties": {
        "name": "Andrha Lake Wind Farm",
        "type": "Power Plant (Wind)",
        "category": "Thermal/Power Industry",
        "capacity_mw": 113.6,
        "lat": 18.858,
        "lon": 73.6396,
        "source": "WRI Power Database"
      }
    },
    {
      "type": "Feature",
      "geometry": {
        "type": "Point",
        "coordinates": [
          76.248,
          17.802
        ]
      },
      "properties": {
        "name": "Andur",
        "type": "Power Plant (Solar)",
        "category": "Thermal/Power Industry",
        "capacity_mw": 7.0,
        "lat": 17.802,
        "lon": 76.248,
        "source": "WRI Power Database"
      }
    },
    {
      "type": "Feature",
      "geometry": {
        "type": "Point",
        "coordinates": [
          77.557,
          17.074
        ]
      },
      "properties": {
        "name": "Angadi Raichur A",
        "type": "Power Plant (Solar)",
        "category": "Thermal/Power Industry",
        "capacity_mw": 7.0,
        "lat": 17.074,
        "lon": 77.557,
        "source": "WRI Power Database"
      }
    },
    {
      "type": "Feature",
      "geometry": {
        "type": "Point",
        "coordinates": [
          77.1893,
          10.7245
        ]
      },
      "properties": {
        "name": "Anikkadavu Wind Farm",
        "type": "Power Plant (Wind)",
        "category": "Thermal/Power Industry",
        "capacity_mw": 19.8,
        "lat": 10.7245,
        "lon": 77.1893,
        "source": "WRI Power Database"
      }
    },
    {
      "type": "Feature",
      "geometry": {
        "type": "Point",
        "coordinates": [
          79.944,
          12.857
        ]
      },
      "properties": {
        "name": "Apollo Chennai",
        "type": "Power Plant (Solar)",
        "category": "Thermal/Power Industry",
        "capacity_mw": 10.0,
        "lat": 12.857,
        "lon": 79.944,
        "source": "WRI Power Database"
      }
    },
    {
      "type": "Feature",
      "geometry": {
        "type": "Point",
        "coordinates": [
          78.0644,
          8.8881
        ]
      },
      "properties": {
        "name": "Arasadi",
        "type": "Power Plant (Solar)",
        "category": "Thermal/Power Industry",
        "capacity_mw": 10.0,
        "lat": 8.8881,
        "lon": 78.0644,
        "source": "WRI Power Database"
      }
    },
    {
      "type": "Feature",
      "geometry": {
        "type": "Point",
        "coordinates": [
          76.3482,
          14.4791
        ]
      },
      "properties": {
        "name": "Arasinagundi Wind Farm",
        "type": "Power Plant (Wind)",
        "category": "Thermal/Power Industry",
        "capacity_mw": 13.2,
        "lat": 14.4791,
        "lon": 76.3482,
        "source": "WRI Power Database"
      }
    },
    {
      "type": "Feature",
      "geometry": {
        "type": "Point",
        "coordinates": [
          79.586,
          17.354
        ]
      },
      "properties": {
        "name": "Arvapally Mytrah 1",
        "type": "Power Plant (Solar)",
        "category": "Thermal/Power Industry",
        "capacity_mw": 8.0,
        "lat": 17.354,
        "lon": 79.586,
        "source": "WRI Power Database"
      }
    },
    {
      "type": "Feature",
      "geometry": {
        "type": "Point",
        "coordinates": [
          79.591,
          17.355
        ]
      },
      "properties": {
        "name": "Arvapally Mytrah 2",
        "type": "Power Plant (Solar)",
        "category": "Thermal/Power Industry",
        "capacity_mw": 15.0,
        "lat": 17.355,
        "lon": 79.591,
        "source": "WRI Power Database"
      }
    },
    {
      "type": "Feature",
      "geometry": {
        "type": "Point",
        "coordinates": [
          71.6917,
          27.3473
        ]
      },
      "properties": {
        "name": "Askandra - DREPL Solar Power Plant",
        "type": "Power Plant (Solar)",
        "category": "Thermal/Power Industry",
        "capacity_mw": 5.0,
        "lat": 27.3473,
        "lon": 71.6917,
        "source": "WRI Power Database"
      }
    },
    {
      "type": "Feature",
      "geometry": {
        "type": "Point",
        "coordinates": [
          71.6918,
          27.36
        ]
      },
      "properties": {
        "name": "Askandra - Electromech Maritech Solar Power Plant",
        "type": "Power Plant (Solar)",
        "category": "Thermal/Power Industry",
        "capacity_mw": 5.0,
        "lat": 27.36,
        "lon": 71.6918,
        "source": "WRI Power Database"
      }
    },
    {
      "type": "Feature",
      "geometry": {
        "type": "Point",
        "coordinates": [
          71.6918,
          27.3632
        ]
      },
      "properties": {
        "name": "Askandra - Finehope Solar Power Plant",
        "type": "Power Plant (Solar)",
        "category": "Thermal/Power Industry",
        "capacity_mw": 5.0,
        "lat": 27.3632,
        "lon": 71.6918,
        "source": "WRI Power Database"
      }
    },
    {
      "type": "Feature",
      "geometry": {
        "type": "Point",
        "coordinates": [
          71.6916,
          27.3661
        ]
      },
      "properties": {
        "name": "Askandra - Khaya Solar Power Plant",
        "type": "Power Plant (Solar)",
        "category": "Thermal/Power Industry",
        "capacity_mw": 5.0,
        "lat": 27.3661,
        "lon": 71.6916,
        "source": "WRI Power Database"
      }
    },
    {
      "type": "Feature",
      "geometry": {
        "type": "Point",
        "coordinates": [
          71.6917,
          27.3537
        ]
      },
      "properties": {
        "name": "Askandra - Newton Solar Power Plant",
        "type": "Power Plant (Solar)",
        "category": "Thermal/Power Industry",
        "capacity_mw": 5.0,
        "lat": 27.3537,
        "lon": 71.6917,
        "source": "WRI Power Database"
      }
    },
    {
      "type": "Feature",
      "geometry": {
        "type": "Point",
        "coordinates": [
          71.6918,
          27.3504
        ]
      },
      "properties": {
        "name": "Askandra - Saidham Solar Power Plant",
        "type": "Power Plant (Solar)",
        "category": "Thermal/Power Industry",
        "capacity_mw": 5.0,
        "lat": 27.3504,
        "lon": 71.6918,
        "source": "WRI Power Database"
      }
    },
    {
      "type": "Feature",
      "geometry": {
        "type": "Point",
        "coordinates": [
          71.6917,
          27.3566
        ]
      },
      "properties": {
        "name": "Askandra - Vasavi Solar Power Plant",
        "type": "Power Plant (Solar)",
        "category": "Thermal/Power Industry",
        "capacity_mw": 5.0,
        "lat": 27.3566,
        "lon": 71.6917,
        "source": "WRI Power Database"
      }
    },
    {
      "type": "Feature",
      "geometry": {
        "type": "Point",
        "coordinates": [
          76.885,
          29.415
        ]
      },
      "properties": {
        "name": "Assan",
        "type": "Power Plant (Solar)",
        "category": "Thermal/Power Industry",
        "capacity_mw": 10.0,
        "lat": 29.415,
        "lon": 76.885,
        "source": "WRI Power Database"
      }
    },
    {
      "type": "Feature",
      "geometry": {
        "type": "Point",
        "coordinates": [
          78.4584,
          11.1936
        ]
      },
      "properties": {
        "name": "Azhagapuri",
        "type": "Power Plant (Solar)",
        "category": "Thermal/Power Industry",
        "capacity_mw": 5.0,
        "lat": 11.1936,
        "lon": 78.4584,
        "source": "WRI Power Database"
      }
    },
    {
      "type": "Feature",
      "geometry": {
        "type": "Point",
        "coordinates": [
          77.3066,
          28.506
        ]
      },
      "properties": {
        "name": "BADARPUR",
        "type": "Power Plant (Coal)",
        "category": "Thermal/Power Industry",
        "capacity_mw": 705.0,
        "lat": 28.506,
        "lon": 77.3066,
        "source": "WRI Power Database"
      }
    },
    {
      "type": "Feature",
      "geometry": {
        "type": "Point",
        "coordinates": [
          75.225,
          16.2804
        ]
      },
      "properties": {
        "name": "BAGALKOT ICP",
        "type": "Power Plant (Biomass)",
        "category": "Thermal/Power Industry",
        "capacity_mw": 28.0,
        "lat": 16.2804,
        "lon": 75.225,
        "source": "WRI Power Database"
      }
    },
    {
      "type": "Feature",
      "geometry": {
        "type": "Point",
        "coordinates": [
          75.3155,
          33.1815
        ]
      },
      "properties": {
        "name": "BAGLIHAR HEP",
        "type": "Power Plant (Hydro)",
        "category": "Thermal/Power Industry",
        "capacity_mw": 450.0,
        "lat": 33.1815,
        "lon": 75.3155,
        "source": "WRI Power Database"
      }
    },
    {
      "type": "Feature",
      "geometry": {
        "type": "Point",
        "coordinates": [
          76.1418,
          32.8063
        ]
      },
      "properties": {
        "name": "BAIRA SIUL",
        "type": "Power Plant (Hydro)",
        "category": "Thermal/Power Industry",
        "capacity_mw": 180.0,
        "lat": 32.8063,
        "lon": 76.1418,
        "source": "WRI Power Database"
      }
    },
    {
      "type": "Feature",
      "geometry": {
        "type": "Point",
        "coordinates": [
          87.4513,
          23.8285
        ]
      },
      "properties": {
        "name": "BAKRESWAR",
        "type": "Power Plant (Coal)",
        "category": "Thermal/Power Industry",
        "capacity_mw": 1050.0,
        "lat": 23.8285,
        "lon": 87.4513,
        "source": "WRI Power Database"
      }
    },
    {
      "type": "Feature",
      "geometry": {
        "type": "Point",
        "coordinates": [
          82.1221,
          18.1396
        ]
      },
      "properties": {
        "name": "BALIMELA",
        "type": "Power Plant (Hydro)",
        "category": "Thermal/Power Industry",
        "capacity_mw": 510.0,
        "lat": 18.1396,
        "lon": 82.1221,
        "source": "WRI Power Database"
      }
    },
    {
      "type": "Feature",
      "geometry": {
        "type": "Point",
        "coordinates": [
          79.3421,
          19.8601
        ]
      },
      "properties": {
        "name": "BALLARPUR BILT POWER",
        "type": "Power Plant (Coal)",
        "category": "Thermal/Power Industry",
        "capacity_mw": 67.5,
        "lat": 19.8601,
        "lon": 79.3421,
        "source": "WRI Power Database"
      }
    },
    {
      "type": "Feature",
      "geometry": {
        "type": "Point",
        "coordinates": [
          74.689,
          24.6929
        ]
      },
      "properties": {
        "name": "BAMANIA CEMENT",
        "type": "Power Plant (Coal)",
        "category": "Thermal/Power Industry",
        "capacity_mw": 10.0,
        "lat": 24.6929,
        "lon": 74.689,
        "source": "WRI Power Database"
      }
    },
    {
      "type": "Feature",
      "geometry": {
        "type": "Point",
        "coordinates": [
          82.4305,
          22.3421
        ]
      },
      "properties": {
        "name": "BANDAKHAR TPP",
        "type": "Power Plant (Coal)",
        "category": "Thermal/Power Industry",
        "capacity_mw": 300.0,
        "lat": 22.3421,
        "lon": 82.4305,
        "source": "WRI Power Database"
      }
    },
    {
      "type": "Feature",
      "geometry": {
        "type": "Point",
        "coordinates": [
          88.4042,
          22.9956
        ]
      },
      "properties": {
        "name": "BANDEL",
        "type": "Power Plant (Coal)",
        "category": "Thermal/Power Industry",
        "capacity_mw": 335.0,
        "lat": 22.9956,
        "lon": 88.4042,
        "source": "WRI Power Database"
      }
    },
    {
      "type": "Feature",
      "geometry": {
        "type": "Point",
        "coordinates": [
          76.4695,
          32.1686
        ]
      },
      "properties": {
        "name": "BANER",
        "type": "Power Plant (Hydro)",
        "category": "Thermal/Power Industry",
        "capacity_mw": 12.0,
        "lat": 32.1686,
        "lon": 76.4695,
        "source": "WRI Power Database"
      }
    },
    {
      "type": "Feature",
      "geometry": {
        "type": "Point",
        "coordinates": [
          81.2875,
          24.1917
        ]
      },
      "properties": {
        "name": "BANSAGAR (I)",
        "type": "Power Plant (Hydro)",
        "category": "Thermal/Power Industry",
        "capacity_mw": 315.0,
        "lat": 24.1917,
        "lon": 81.2875,
        "source": "WRI Power Database"
      }
    },
    {
      "type": "Feature",
      "geometry": {
        "type": "Point",
        "coordinates": [
          81.2875,
          24.1917
        ]
      },
      "properties": {
        "name": "BANSAGAR (II)",
        "type": "Power Plant (Hydro)",
        "category": "Thermal/Power Industry",
        "capacity_mw": 30.0,
        "lat": 24.1917,
        "lon": 81.2875,
        "source": "WRI Power Database"
      }
    },
    {
      "type": "Feature",
      "geometry": {
        "type": "Point",
        "coordinates": [
          81.2875,
          24.1917
        ]
      },
      "properties": {
        "name": "BANSAGAR (III)",
        "type": "Power Plant (Hydro)",
        "category": "Thermal/Power Industry",
        "capacity_mw": 60.0,
        "lat": 24.1917,
        "lon": 81.2875,
        "source": "WRI Power Database"
      }
    },
    {
      "type": "Feature",
      "geometry": {
        "type": "Point",
        "coordinates": [
          81.2747,
          24.223
        ]
      },
      "properties": {
        "name": "BANSAGAR (IV)",
        "type": "Power Plant (Hydro)",
        "category": "Thermal/Power Industry",
        "capacity_mw": 20.0,
        "lat": 24.223,
        "lon": 81.2747,
        "source": "WRI Power Database"
      }
    },
    {
      "type": "Feature",
      "geometry": {
        "type": "Point",
        "coordinates": [
          74.2562,
          23.6026
        ]
      },
      "properties": {
        "name": "BANSWARA CEMENT",
        "type": "Power Plant (Coal)",
        "category": "Thermal/Power Industry",
        "capacity_mw": 20.0,
        "lat": 23.6026,
        "lon": 74.2562,
        "source": "WRI Power Database"
      }
    },
    {
      "type": "Feature",
      "geometry": {
        "type": "Point",
        "coordinates": [
          83.1889,
          21.9114
        ]
      },
      "properties": {
        "name": "BARADARHA TPP",
        "type": "Power Plant (Coal)",
        "category": "Thermal/Power Industry",
        "capacity_mw": 1200.0,
        "lat": 21.9114,
        "lon": 83.1889,
        "source": "WRI Power Database"
      }
    },
    {
      "type": "Feature",
      "geometry": {
        "type": "Point",
        "coordinates": [
          91.565,
          23.807
        ]
      },
      "properties": {
        "name": "BARAMURA",
        "type": "Power Plant (Gas)",
        "category": "Thermal/Power Industry",
        "capacity_mw": 42.0,
        "lat": 23.807,
        "lon": 91.565,
        "source": "WRI Power Database"
      }
    },
    {
      "type": "Feature",
      "geometry": {
        "type": "Point",
        "coordinates": [
          86.0218,
          25.3999
        ]
      },
      "properties": {
        "name": "BARAUNI",
        "type": "Power Plant (Coal)",
        "category": "Thermal/Power Industry",
        "capacity_mw": 720.0,
        "lat": 25.3999,
        "lon": 86.0218,
        "source": "WRI Power Database"
      }
    },
    {
      "type": "Feature",
      "geometry": {
        "type": "Point",
        "coordinates": [
          79.925,
          22.9417
        ]
      },
      "properties": {
        "name": "BARGI",
        "type": "Power Plant (Hydro)",
        "category": "Thermal/Power Industry",
        "capacity_mw": 90.0,
        "lat": 22.9417,
        "lon": 79.925,
        "source": "WRI Power Database"
      }
    },
    {
      "type": "Feature",
      "geometry": {
        "type": "Point",
        "coordinates": [
          85.7452,
          25.4865
        ]
      },
      "properties": {
        "name": "BARH STPP II",
        "type": "Power Plant (Coal)",
        "category": "Thermal/Power Industry",
        "capacity_mw": 1320.0,
        "lat": 25.4865,
        "lon": 85.7452,
        "source": "WRI Power Database"
      }
    },
    {
      "type": "Feature",
      "geometry": {
        "type": "Point",
        "coordinates": [
          79.8066,
          28.4723
        ]
      },
      "properties": {
        "name": "BARKHERA TPP",
        "type": "Power Plant (Coal)",
        "category": "Thermal/Power Industry",
        "capacity_mw": 90.0,
        "lat": 28.4723,
        "lon": 79.8066,
        "source": "WRI Power Database"
      }
    },
    {
      "type": "Feature",
      "geometry": {
        "type": "Point",
        "coordinates": [
          73.2,
          27.8453
        ]
      },
      "properties": {
        "name": "BARSINGAR LIGNITE",
        "type": "Power Plant (Coal)",
        "category": "Thermal/Power Industry",
        "capacity_mw": 250.0,
        "lat": 27.8453,
        "lon": 73.2,
        "source": "WRI Power Database"
      }
    },
    {
      "type": "Feature",
      "geometry": {
        "type": "Point",
        "coordinates": [
          80.2682,
          13.1021
        ]
      },
      "properties": {
        "name": "BASIN BRIDGE GT",
        "type": "Power Plant (Gas)",
        "category": "Thermal/Power Industry",
        "capacity_mw": 120.0,
        "lat": 13.1021,
        "lon": 80.2682,
        "source": "WRI Power Database"
      }
    },
    {
      "type": "Feature",
      "geometry": {
        "type": "Point",
        "coordinates": [
          78.241,
          31.4306
        ]
      },
      "properties": {
        "name": "BASPA",
        "type": "Power Plant (Hydro)",
        "category": "Thermal/Power Industry",
        "capacity_mw": 300.0,
        "lat": 31.4306,
        "lon": 78.241,
        "source": "WRI Power Database"
      }
    },
    {
      "type": "Feature",
      "geometry": {
        "type": "Point",
        "coordinates": [
          76.7986,
          31.9546
        ]
      },
      "properties": {
        "name": "BASSI",
        "type": "Power Plant (Hydro)",
        "category": "Thermal/Power Industry",
        "capacity_mw": 66.0,
        "lat": 31.9546,
        "lon": 76.7986,
        "source": "WRI Power Database"
      }
    },
    {
      "type": "Feature",
      "geometry": {
        "type": "Point",
        "coordinates": [
          74.5345,
          17.3816
        ]
      },
      "properties": {
        "name": "BEL Chikhalhol Wind Farm",
        "type": "Power Plant (Wind)",
        "category": "Thermal/Power Industry",
        "capacity_mw": 20.0,
        "lat": 17.3816,
        "lon": 74.5345,
        "source": "WRI Power Database"
      }
    },
    {
      "type": "Feature",
      "geometry": {
        "type": "Point",
        "coordinates": [
          79.0547,
          20.805
        ]
      },
      "properties": {
        "name": "BELA NAGPUR",
        "type": "Power Plant (Coal)",
        "category": "Thermal/Power Industry",
        "capacity_mw": 270.0,
        "lat": 20.805,
        "lon": 79.0547,
        "source": "WRI Power Database"
      }
    },
    {
      "type": "Feature",
      "geometry": {
        "type": "Point",
        "coordinates": [
          74.8209,
          16.6505
        ]
      },
      "properties": {
        "name": "BELGAUM UGAR",
        "type": "Power Plant (Biomass)",
        "category": "Thermal/Power Industry",
        "capacity_mw": 22.8,
        "lat": 16.6505,
        "lon": 74.8209,
        "source": "WRI Power Database"
      }
    },
    {
      "type": "Feature",
      "geometry": {
        "type": "Point",
        "coordinates": [
          74.7111,
          16.2774
        ]
      },
      "properties": {
        "name": "BELLAD-BAGEWADI",
        "type": "Power Plant (Biomass)",
        "category": "Thermal/Power Industry",
        "capacity_mw": 15.0,
        "lat": 16.2774,
        "lon": 74.7111,
        "source": "WRI Power Database"
      }
    },
    {
      "type": "Feature",
      "geometry": {
        "type": "Point",
        "coordinates": [
          76.7909,
          15.1831
        ]
      },
      "properties": {
        "name": "BELLARY HOTHUR",
        "type": "Power Plant (Coal)",
        "category": "Thermal/Power Industry",
        "capacity_mw": 10.0,
        "lat": 15.1831,
        "lon": 76.7909,
        "source": "WRI Power Database"
      }
    },
    {
      "type": "Feature",
      "geometry": {
        "type": "Point",
        "coordinates": [
          77.1036,
          15.1777
        ]
      },
      "properties": {
        "name": "BELLARY JANKI",
        "type": "Power Plant (Coal)",
        "category": "Thermal/Power Industry",
        "capacity_mw": 18.0,
        "lat": 15.1777,
        "lon": 77.1036,
        "source": "WRI Power Database"
      }
    },
    {
      "type": "Feature",
      "geometry": {
        "type": "Point",
        "coordinates": [
          76.7195,
          15.1932
        ]
      },
      "properties": {
        "name": "BELLARY TPS",
        "type": "Power Plant (Coal)",
        "category": "Thermal/Power Industry",
        "capacity_mw": 1700.0,
        "lat": 15.1932,
        "lon": 76.7195,
        "source": "WRI Power Database"
      }
    },
    {
      "type": "Feature",
      "geometry": {
        "type": "Point",
        "coordinates": [
          75.6373,
          13.7008
        ]
      },
      "properties": {
        "name": "BHADRA",
        "type": "Power Plant (Hydro)",
        "category": "Thermal/Power Industry",
        "capacity_mw": 26.0,
        "lat": 13.7008,
        "lon": 75.6373,
        "source": "WRI Power Database"
      }
    },
    {
      "type": "Feature",
      "geometry": {
        "type": "Point",
        "coordinates": [
          75.7131,
          13.8274
        ]
      },
      "properties": {
        "name": "BHADRAVATI MILL",
        "type": "Power Plant (Coal)",
        "category": "Thermal/Power Industry",
        "capacity_mw": 41.0,
        "lat": 13.8274,
        "lon": 75.7131,
        "source": "WRI Power Database"
      }
    },
    {
      "type": "Feature",
      "geometry": {
        "type": "Point",
        "coordinates": [
          76.4328,
          31.4107
        ]
      },
      "properties": {
        "name": "BHAKRA",
        "type": "Power Plant (Hydro)",
        "category": "Thermal/Power Industry",
        "capacity_mw": 1379.0,
        "lat": 31.4107,
        "lon": 76.4328,
        "source": "WRI Power Database"
      }
    },
    {
      "type": "Feature",
      "geometry": {
        "type": "Point",
        "coordinates": [
          79.6311,
          21.232
        ]
      },
      "properties": {
        "name": "BHANDARA STEEL MILL",
        "type": "Power Plant (Coal)",
        "category": "Thermal/Power Industry",
        "capacity_mw": 15.0,
        "lat": 21.232,
        "lon": 79.6311,
        "source": "WRI Power Database"
      }
    },
    {
      "type": "Feature",
      "geometry": {
        "type": "Point",
        "coordinates": [
          79.7708,
          21.0813
        ]
      },
      "properties": {
        "name": "BHANDARA VARAM",
        "type": "Power Plant (Biomass)",
        "category": "Thermal/Power Industry",
        "capacity_mw": 10.0,
        "lat": 21.0813,
        "lon": 79.7708,
        "source": "WRI Power Database"
      }
    },
    {
      "type": "Feature",
      "geometry": {
        "type": "Point",
        "coordinates": [
          73.8087,
          19.5555
        ]
      },
      "properties": {
        "name": "BHANDARDHARA",
        "type": "Power Plant (Hydro)",
        "category": "Thermal/Power Industry",
        "capacity_mw": 34.0,
        "lat": 19.5555,
        "lon": 73.8087,
        "source": "WRI Power Database"
      }
    },
    {
      "type": "Feature",
      "geometry": {
        "type": "Point",
        "coordinates": [
          73.7252,
          18.1012
        ]
      },
      "properties": {
        "name": "BHATGARH",
        "type": "Power Plant (Hydro)",
        "category": "Thermal/Power Industry",
        "capacity_mw": 16.0,
        "lat": 18.1012,
        "lon": 73.7252,
        "source": "WRI Power Database"
      }
    },
    {
      "type": "Feature",
      "geometry": {
        "type": "Point",
        "coordinates": [
          73.4173,
          19.5132
        ]
      },
      "properties": {
        "name": "BHATSA",
        "type": "Power Plant (Hydro)",
        "category": "Thermal/Power Industry",
        "capacity_mw": 15.0,
        "lat": 19.5132,
        "lon": 73.4173,
        "source": "WRI Power Database"
      }
    },
    {
      "type": "Feature",
      "geometry": {
        "type": "Point",
        "coordinates": [
          72.2222,
          21.5837
        ]
      },
      "properties": {
        "name": "BHAVNAGAR TPP",
        "type": "Power Plant (Coal)",
        "category": "Thermal/Power Industry",
        "capacity_mw": 500.0,
        "lat": 21.5837,
        "lon": 72.2222,
        "source": "WRI Power Database"
      }
    },
    {
      "type": "Feature",
      "geometry": {
        "type": "Point",
        "coordinates": [
          77.758,
          11.331
        ]
      },
      "properties": {
        "name": "BHAWANI KATTALAI -II",
        "type": "Power Plant (Hydro)",
        "category": "Thermal/Power Industry",
        "capacity_mw": 30.0,
        "lat": 11.331,
        "lon": 77.758,
        "source": "WRI Power Database"
      }
    },
    {
      "type": "Feature",
      "geometry": {
        "type": "Point",
        "coordinates": [
          77.8659,
          11.2428
        ]
      },
      "properties": {
        "name": "BHAWANI KATTALAI -III",
        "type": "Power Plant (Hydro)",
        "category": "Thermal/Power Industry",
        "capacity_mw": 30.0,
        "lat": 11.2428,
        "lon": 77.8659,
        "source": "WRI Power Database"
      }
    },
    {
      "type": "Feature",
      "geometry": {
        "type": "Point",
        "coordinates": [
          77.7145,
          11.3842
        ]
      },
      "properties": {
        "name": "BHAWANI KATTALAI BARRAGE",
        "type": "Power Plant (Hydro)",
        "category": "Thermal/Power Industry",
        "capacity_mw": 30.0,
        "lat": 11.3842,
        "lon": 77.7145,
        "source": "WRI Power Database"
      }
    },
    {
      "type": "Feature",
      "geometry": {
        "type": "Point",
        "coordinates": [
          74.7529,
          18.2416
        ]
      },
      "properties": {
        "name": "BHIGWAN MILL",
        "type": "Power Plant (Coal)",
        "category": "Thermal/Power Industry",
        "capacity_mw": 30.0,
        "lat": 18.2416,
        "lon": 74.7529,
        "source": "WRI Power Database"
      }
    },
    {
      "type": "Feature",
      "geometry": {
        "type": "Point",
        "coordinates": [
          81.4237,
          21.184
        ]
      },
      "properties": {
        "name": "BHILAI TPP",
        "type": "Power Plant (Coal)",
        "category": "Thermal/Power Industry",
        "capacity_mw": 500.0,
        "lat": 21.184,
        "lon": 81.4237,
        "source": "WRI Power Database"
      }
    },
    {
      "type": "Feature",
      "geometry": {
        "type": "Point",
        "coordinates": [
          73.3907,
          18.455
        ]
      },
      "properties": {
        "name": "BHIRA",
        "type": "Power Plant (Hydro)",
        "category": "Thermal/Power Industry",
        "capacity_mw": 300.0,
        "lat": 18.455,
        "lon": 73.3907,
        "source": "WRI Power Database"
      }
    },
    {
      "type": "Feature",
      "geometry": {
        "type": "Point",
        "coordinates": [
          73.3498,
          18.4426
        ]
      },
      "properties": {
        "name": "BHIRA TAIL RACE",
        "type": "Power Plant (Hydro)",
        "category": "Thermal/Power Industry",
        "capacity_mw": 80.0,
        "lat": 18.4426,
        "lon": 73.3498,
        "source": "WRI Power Database"
      }
    },
    {
      "type": "Feature",
      "geometry": {
        "type": "Point",
        "coordinates": [
          73.4527,
          18.9368
        ]
      },
      "properties": {
        "name": "BHIVPURI",
        "type": "Power Plant (Hydro)",
        "category": "Thermal/Power Industry",
        "capacity_mw": 75.0,
        "lat": 18.9368,
        "lon": 73.4527,
        "source": "WRI Power Database"
      }
    },
    {
      "type": "Feature",
      "geometry": {
        "type": "Point",
        "coordinates": [
          75.8425,
          21.0483
        ]
      },
      "properties": {
        "name": "BHUSAWAL",
        "type": "Power Plant (Coal)",
        "category": "Thermal/Power Industry",
        "capacity_mw": 1210.0,
        "lat": 21.0483,
        "lon": 75.8425,
        "source": "WRI Power Database"
      }
    },
    {
      "type": "Feature",
      "geometry": {
        "type": "Point",
        "coordinates": [
          74.6216,
          25.2267
        ]
      },
      "properties": {
        "name": "BILIYAKALAN PLANT",
        "type": "Power Plant (Biomass)",
        "category": "Thermal/Power Industry",
        "capacity_mw": 10.0,
        "lat": 25.2267,
        "lon": 74.6216,
        "source": "WRI Power Database"
      }
    },
    {
      "type": "Feature",
      "geometry": {
        "type": "Point",
        "coordinates": [
          78.1606,
          24.2508
        ]
      },
      "properties": {
        "name": "BINA REFINERY",
        "type": "Power Plant (Coal)",
        "category": "Thermal/Power Industry",
        "capacity_mw": 99.0,
        "lat": 24.2508,
        "lon": 78.1606,
        "source": "WRI Power Database"
      }
    },
    {
      "type": "Feature",
      "geometry": {
        "type": "Point",
        "coordinates": [
          78.1336,
          23.3172
        ]
      },
      "properties": {
        "name": "BINA TPP",
        "type": "Power Plant (Coal)",
        "category": "Thermal/Power Industry",
        "capacity_mw": 500.0,
        "lat": 23.3172,
        "lon": 78.1336,
        "source": "WRI Power Database"
      }
    },
    {
      "type": "Feature",
      "geometry": {
        "type": "Point",
        "coordinates": [
          73.0901,
          24.8263
        ]
      },
      "properties": {
        "name": "BINANI CEMENT PLANT",
        "type": "Power Plant (Coal)",
        "category": "Thermal/Power Industry",
        "capacity_mw": 69.6,
        "lat": 24.8263,
        "lon": 73.0901,
        "source": "WRI Power Database"
      }
    },
    {
      "type": "Feature",
      "geometry": {
        "type": "Point",
        "coordinates": [
          83.2058,
          22.0103
        ]
      },
      "properties": {
        "name": "BINJKOTE",
        "type": "Power Plant (Coal)",
        "category": "Thermal/Power Industry",
        "capacity_mw": 600.0,
        "lat": 22.0103,
        "lon": 83.2058,
        "source": "WRI Power Database"
      }
    },
    {
      "type": "Feature",
      "geometry": {
        "type": "Point",
        "coordinates": [
          76.6537,
          32.1121
        ]
      },
      "properties": {
        "name": "BINWA",
        "type": "Power Plant (Hydro)",
        "category": "Thermal/Power Industry",
        "capacity_mw": 6.0,
        "lat": 32.1121,
        "lon": 76.6537,
        "source": "WRI Power Database"
      }
    },
    {
      "type": "Feature",
      "geometry": {
        "type": "Point",
        "coordinates": [
          81.0333,
          23.3256
        ]
      },
      "properties": {
        "name": "BIRSINGHPUR",
        "type": "Power Plant (Hydro)",
        "category": "Thermal/Power Industry",
        "capacity_mw": 20.0,
        "lat": 23.3256,
        "lon": 81.0333,
        "source": "WRI Power Database"
      }
    },
    {
      "type": "Feature",
      "geometry": {
        "type": "Point",
        "coordinates": [
          86.0888,
          23.6783
        ]
      },
      "properties": {
        "name": "BOKARO A ''EXP''",
        "type": "Power Plant (Coal)",
        "category": "Thermal/Power Industry",
        "capacity_mw": 500.0,
        "lat": 23.6783,
        "lon": 86.0888,
        "source": "WRI Power Database"
      }
    },
    {
      "type": "Feature",
      "geometry": {
        "type": "Point",
        "coordinates": [
          85.88,
          23.785
        ]
      },
      "properties": {
        "name": "BOKARO B",
        "type": "Power Plant (Coal)",
        "category": "Thermal/Power Industry",
        "capacity_mw": 210.0,
        "lat": 23.785,
        "lon": 85.88,
        "source": "WRI Power Database"
      }
    },
    {
      "type": "Feature",
      "geometry": {
        "type": "Point",
        "coordinates": [
          90.5287,
          26.5145
        ]
      },
      "properties": {
        "name": "BONGAIGAON TPP",
        "type": "Power Plant (Coal)",
        "category": "Thermal/Power Industry",
        "capacity_mw": 750.0,
        "lat": 26.5145,
        "lon": 90.5287,
        "source": "WRI Power Database"
      }
    },
    {
      "type": "Feature",
      "geometry": {
        "type": "Point",
        "coordinates": [
          74.1543,
          21.2083
        ]
      },
      "properties": {
        "name": "BP Brahmanvel Wind Farm",
        "type": "Power Plant (Wind)",
        "category": "Thermal/Power Industry",
        "capacity_mw": 40.0,
        "lat": 21.2083,
        "lon": 74.1543,
        "source": "WRI Power Database"
      }
    },
    {
      "type": "Feature",
      "geometry": {
        "type": "Point",
        "coordinates": [
          76.3744,
          9.9975
        ]
      },
      "properties": {
        "name": "BRAMHAPURAM DG",
        "type": "Power Plant (Oil)",
        "category": "Thermal/Power Industry",
        "capacity_mw": 60.0,
        "lat": 9.9975,
        "lon": 76.3744,
        "source": "WRI Power Database"
      }
    },
    {
      "type": "Feature",
      "geometry": {
        "type": "Point",
        "coordinates": [
          76.3188,
          10.074
        ]
      },
      "properties": {
        "name": "BSES Kerala CCGT",
        "type": "Power Plant (Gas)",
        "category": "Thermal/Power Industry",
        "capacity_mw": 165.0,
        "lat": 10.074,
        "lon": 76.3188,
        "source": "WRI Power Database"
      }
    },
    {
      "type": "Feature",
      "geometry": {
        "type": "Point",
        "coordinates": [
          88.14,
          22.4673
        ]
      },
      "properties": {
        "name": "BUDGE BUDGE",
        "type": "Power Plant (Coal)",
        "category": "Thermal/Power Industry",
        "capacity_mw": 750.0,
        "lat": 22.4673,
        "lon": 88.14,
        "source": "WRI Power Database"
      }
    },
    {
      "type": "Feature",
      "geometry": {
        "type": "Point",
        "coordinates": [
          76.532,
          32.4584
        ]
      },
      "properties": {
        "name": "BUDHIL",
        "type": "Power Plant (Hydro)",
        "category": "Thermal/Power Industry",
        "capacity_mw": 70.0,
        "lat": 32.4584,
        "lon": 76.532,
        "source": "WRI Power Database"
      }
    },
    {
      "type": "Feature",
      "geometry": {
        "type": "Point",
        "coordinates": [
          78.9535,
          20.9225
        ]
      },
      "properties": {
        "name": "BUTIBORI PLANT",
        "type": "Power Plant (Oil)",
        "category": "Thermal/Power Industry",
        "capacity_mw": 81.5,
        "lat": 20.9225,
        "lon": 78.9535,
        "source": "WRI Power Database"
      }
    },
    {
      "type": "Feature",
      "geometry": {
        "type": "Point",
        "coordinates": [
          78.9333,
          20.9286
        ]
      },
      "properties": {
        "name": "BUTIBORI TPP -II",
        "type": "Power Plant (Coal)",
        "category": "Thermal/Power Industry",
        "capacity_mw": 600.0,
        "lat": 20.9286,
        "lon": 78.9333,
        "source": "WRI Power Database"
      }
    },
    {
      "type": "Feature",
      "geometry": {
        "type": "Point",
        "coordinates": [
          76.256,
          16.968
        ]
      },
      "properties": {
        "name": "Bableshwar wind-solar",
        "type": "Power Plant (Solar)",
        "category": "Thermal/Power Industry",
        "capacity_mw": 28.8,
        "lat": 16.968,
        "lon": 76.256,
        "source": "WRI Power Database"
      }
    },
    {
      "type": "Feature",
      "geometry": {
        "type": "Point",
        "coordinates": [
          74.671,
          30.068
        ]
      },
      "properties": {
        "name": "Badal",
        "type": "Power Plant (Solar)",
        "category": "Thermal/Power Industry",
        "capacity_mw": 15.0,
        "lat": 30.068,
        "lon": 74.671,
        "source": "WRI Power Database"
      }
    },
    {
      "type": "Feature",
      "geometry": {
        "type": "Point",
        "coordinates": [
          78.307,
          25.364
        ]
      },
      "properties": {
        "name": "Badanpur",
        "type": "Power Plant (Solar)",
        "category": "Thermal/Power Industry",
        "capacity_mw": 50.0,
        "lat": 25.364,
        "lon": 78.307,
        "source": "WRI Power Database"
      }
    },
    {
      "type": "Feature",
      "geometry": {
        "type": "Point",
        "coordinates": [
          75.25,
          16.46
        ]
      },
      "properties": {
        "name": "Bagalkot",
        "type": "Power Plant (Solar)",
        "category": "Thermal/Power Industry",
        "capacity_mw": 10.0,
        "lat": 16.46,
        "lon": 75.25,
        "source": "WRI Power Database"
      }
    },
    {
      "type": "Feature",
      "geometry": {
        "type": "Point",
        "coordinates": [
          74.6909,
          30.1547
        ]
      },
      "properties": {
        "name": "Bahadaurgarh Jandian",
        "type": "Power Plant (Solar)",
        "category": "Thermal/Power Industry",
        "capacity_mw": 50.0,
        "lat": 30.1547,
        "lon": 74.6909,
        "source": "WRI Power Database"
      }
    },
    {
      "type": "Feature",
      "geometry": {
        "type": "Point",
        "coordinates": [
          74.346,
          30.115
        ]
      },
      "properties": {
        "name": "Bahadur Khera",
        "type": "Power Plant (Solar)",
        "category": "Thermal/Power Industry",
        "capacity_mw": 25.0,
        "lat": 30.115,
        "lon": 74.346,
        "source": "WRI Power Database"
      }
    },
    {
      "type": "Feature",
      "geometry": {
        "type": "Point",
        "coordinates": [
          81.49,
          27.75
        ]
      },
      "properties": {
        "name": "Bahraich",
        "type": "Power Plant (Solar)",
        "category": "Thermal/Power Industry",
        "capacity_mw": 10.0,
        "lat": 27.75,
        "lon": 81.49,
        "source": "WRI Power Database"
      }
    },
    {
      "type": "Feature",
      "geometry": {
        "type": "Point",
        "coordinates": [
          75.807,
          29.857
        ]
      },
      "properties": {
        "name": "Bakhora Kalan",
        "type": "Power Plant (Solar)",
        "category": "Thermal/Power Industry",
        "capacity_mw": 25.0,
        "lat": 29.857,
        "lon": 75.807,
        "source": "WRI Power Database"
      }
    },
    {
      "type": "Feature",
      "geometry": {
        "type": "Point",
        "coordinates": [
          78.131,
          16.943
        ]
      },
      "properties": {
        "name": "Balanagar",
        "type": "Power Plant (Solar)",
        "category": "Thermal/Power Industry",
        "capacity_mw": 50.0,
        "lat": 16.943,
        "lon": 78.131,
        "source": "WRI Power Database"
      }
    },
    {
      "type": "Feature",
      "geometry": {
        "type": "Point",
        "coordinates": [
          76.1807,
          18.0791
        ]
      },
      "properties": {
        "name": "Bamani Solar Power Plant",
        "type": "Power Plant (Solar)",
        "category": "Thermal/Power Industry",
        "capacity_mw": 1.0,
        "lat": 18.0791,
        "lon": 76.1807,
        "source": "WRI Power Database"
      }
    },
    {
      "type": "Feature",
      "geometry": {
        "type": "Point",
        "coordinates": [
          73.5286,
          28.3683
        ]
      },
      "properties": {
        "name": "Bamanwali Solar Power Plant",
        "type": "Power Plant (Solar)",
        "category": "Thermal/Power Industry",
        "capacity_mw": 1.0,
        "lat": 28.3683,
        "lon": 73.5286,
        "source": "WRI Power Database"
      }
    },
    {
      "type": "Feature",
      "geometry": {
        "type": "Point",
        "coordinates": [
          79.12,
          13.305
        ]
      },
      "properties": {
        "name": "Bandapalli",
        "type": "Power Plant (Solar)",
        "category": "Thermal/Power Industry",
        "capacity_mw": 10.0,
        "lat": 13.305,
        "lon": 79.12,
        "source": "WRI Power Database"
      }
    },
    {
      "type": "Feature",
      "geometry": {
        "type": "Point",
        "coordinates": [
          78.788,
          18.028
        ]
      },
      "properties": {
        "name": "Bandarupalli A",
        "type": "Power Plant (Solar)",
        "category": "Thermal/Power Industry",
        "capacity_mw": 15.0,
        "lat": 18.028,
        "lon": 78.788,
        "source": "WRI Power Database"
      }
    },
    {
      "type": "Feature",
      "geometry": {
        "type": "Point",
        "coordinates": [
          77.416,
          10.7389
        ]
      },
      "properties": {
        "name": "Bannari Amman Spinning Mills Wind Power Project",
        "type": "Power Plant (Wind)",
        "category": "Thermal/Power Industry",
        "capacity_mw": 11.2,
        "lat": 10.7389,
        "lon": 77.416,
        "source": "WRI Power Database"
      }
    },
    {
      "type": "Feature",
      "geometry": {
        "type": "Point",
        "coordinates": [
          81.735,
          21.665
        ]
      },
      "properties": {
        "name": "Bansakra",
        "type": "Power Plant (Solar)",
        "category": "Thermal/Power Industry",
        "capacity_mw": 50.0,
        "lat": 21.665,
        "lon": 81.735,
        "source": "WRI Power Database"
      }
    },
    {
      "type": "Feature",
      "geometry": {
        "type": "Point",
        "coordinates": [
          74.602,
          30.013
        ]
      },
      "properties": {
        "name": "Banwala",
        "type": "Power Plant (Solar)",
        "category": "Thermal/Power Industry",
        "capacity_mw": 25.0,
        "lat": 30.013,
        "lon": 74.602,
        "source": "WRI Power Database"
      }
    },
    {
      "type": "Feature",
      "geometry": {
        "type": "Point",
        "coordinates": [
          72.3188,
          27.3827
        ]
      },
      "properties": {
        "name": "Bap - GIS 1-2 Solar Power Plant",
        "type": "Power Plant (Solar)",
        "category": "Thermal/Power Industry",
        "capacity_mw": 15.0,
        "lat": 27.3827,
        "lon": 72.3188,
        "source": "WRI Power Database"
      }
    },
    {
      "type": "Feature",
      "geometry": {
        "type": "Point",
        "coordinates": [
          72.3134,
          27.3893
        ]
      },
      "properties": {
        "name": "Bap - GIS 3 Solar Power Plant",
        "type": "Power Plant (Solar)",
        "category": "Thermal/Power Industry",
        "capacity_mw": 10.0,
        "lat": 27.3893,
        "lon": 72.3134,
        "source": "WRI Power Database"
      }
    },
    {
      "type": "Feature",
      "geometry": {
        "type": "Point",
        "coordinates": [
          72.3554,
          27.3525
        ]
      },
      "properties": {
        "name": "Bap - OPG Solar Power Plant",
        "type": "Power Plant (Solar)",
        "category": "Thermal/Power Industry",
        "capacity_mw": 5.0,
        "lat": 27.3525,
        "lon": 72.3554,
        "source": "WRI Power Database"
      }
    },
    {
      "type": "Feature",
      "geometry": {
        "type": "Point",
        "coordinates": [
          72.3042,
          27.3851
        ]
      },
      "properties": {
        "name": "Bap - Punj Lloyd Solar Power Plant",
        "type": "Power Plant (Solar)",
        "category": "Thermal/Power Industry",
        "capacity_mw": 5.0,
        "lat": 27.3851,
        "lon": 72.3042,
        "source": "WRI Power Database"
      }
    },
    {
      "type": "Feature",
      "geometry": {
        "type": "Point",
        "coordinates": [
          72.388,
          27.483
        ]
      },
      "properties": {
        "name": "Bap PL",
        "type": "Power Plant (Solar)",
        "category": "Thermal/Power Industry",
        "capacity_mw": 5.0,
        "lat": 27.483,
        "lon": 72.388,
        "source": "WRI Power Database"
      }
    },
    {
      "type": "Feature",
      "geometry": {
        "type": "Point",
        "coordinates": [
          69.843,
          21.5967
        ]
      },
      "properties": {
        "name": "Bapodar - Hiraco Solar Power Plant",
        "type": "Power Plant (Solar)",
        "category": "Thermal/Power Industry",
        "capacity_mw": 20.0,
        "lat": 21.5967,
        "lon": 69.843,
        "source": "WRI Power Database"
      }
    },
    {
      "type": "Feature",
      "geometry": {
        "type": "Point",
        "coordinates": [
          69.8441,
          21.6024
        ]
      },
      "properties": {
        "name": "Bapodar - MBEDL Solar Power Plant",
        "type": "Power Plant (Solar)",
        "category": "Thermal/Power Industry",
        "capacity_mw": 15.0,
        "lat": 21.6024,
        "lon": 69.8441,
        "source": "WRI Power Database"
      }
    },
    {
      "type": "Feature",
      "geometry": {
        "type": "Point",
        "coordinates": [
          76.38,
          25.06
        ]
      },
      "properties": {
        "name": "Baran",
        "type": "Power Plant (Solar)",
        "category": "Thermal/Power Industry",
        "capacity_mw": 26.3,
        "lat": 25.06,
        "lon": 76.38,
        "source": "WRI Power Database"
      }
    },
    {
      "type": "Feature",
      "geometry": {
        "type": "Point",
        "coordinates": [
          75.669,
          29.876
        ]
      },
      "properties": {
        "name": "Bareta",
        "type": "Power Plant (Solar)",
        "category": "Thermal/Power Industry",
        "capacity_mw": 25.0,
        "lat": 29.876,
        "lon": 75.669,
        "source": "WRI Power Database"
      }
    },
    {
      "type": "Feature",
      "geometry": {
        "type": "Point",
        "coordinates": [
          72.402,
          27.497
        ]
      },
      "properties": {
        "name": "Bari Seer AG",
        "type": "Power Plant (Solar)",
        "category": "Thermal/Power Industry",
        "capacity_mw": 20.0,
        "lat": 27.497,
        "lon": 72.402,
        "source": "WRI Power Database"
      }
    },
    {
      "type": "Feature",
      "geometry": {
        "type": "Point",
        "coordinates": [
          72.398,
          27.493
        ]
      },
      "properties": {
        "name": "Bari Seer AM",
        "type": "Power Plant (Solar)",
        "category": "Thermal/Power Industry",
        "capacity_mw": 20.0,
        "lat": 27.493,
        "lon": 72.398,
        "source": "WRI Power Database"
      }
    },
    {
      "type": "Feature",
      "geometry": {
        "type": "Point",
        "coordinates": [
          72.401,
          27.488
        ]
      },
      "properties": {
        "name": "Bari Seer AR",
        "type": "Power Plant (Solar)",
        "category": "Thermal/Power Industry",
        "capacity_mw": 20.0,
        "lat": 27.488,
        "lon": 72.401,
        "source": "WRI Power Database"
      }
    },
    {
      "type": "Feature",
      "geometry": {
        "type": "Point",
        "coordinates": [
          72.416,
          27.494
        ]
      },
      "properties": {
        "name": "Bari Seer Medha",
        "type": "Power Plant (Solar)",
        "category": "Thermal/Power Industry",
        "capacity_mw": 20.0,
        "lat": 27.494,
        "lon": 72.416,
        "source": "WRI Power Database"
      }
    },
    {
      "type": "Feature",
      "geometry": {
        "type": "Point",
        "coordinates": [
          72.422,
          27.5
        ]
      },
      "properties": {
        "name": "Bari Seer Ranji",
        "type": "Power Plant (Solar)",
        "category": "Thermal/Power Industry",
        "capacity_mw": 20.0,
        "lat": 27.5,
        "lon": 72.422,
        "source": "WRI Power Database"
      }
    },
    {
      "type": "Feature",
      "geometry": {
        "type": "Point",
        "coordinates": [
          71.961,
          27.36
        ]
      },
      "properties": {
        "name": "Baroo A",
        "type": "Power Plant (Solar)",
        "category": "Thermal/Power Industry",
        "capacity_mw": 20.0,
        "lat": 27.36,
        "lon": 71.961,
        "source": "WRI Power Database"
      }
    },
    {
      "type": "Feature",
      "geometry": {
        "type": "Point",
        "coordinates": [
          75.477,
          29.876
        ]
      },
      "properties": {
        "name": "Barre",
        "type": "Power Plant (Solar)",
        "category": "Thermal/Power Industry",
        "capacity_mw": 10.5,
        "lat": 29.876,
        "lon": 75.477,
        "source": "WRI Power Database"
      }
    },
    {
      "type": "Feature",
      "geometry": {
        "type": "Point",
        "coordinates": [
          72.3885,
          27.4273
        ]
      },
      "properties": {
        "name": "Barsinga Solaire",
        "type": "Power Plant (Solar)",
        "category": "Thermal/Power Industry",
        "capacity_mw": 5.0,
        "lat": 27.4273,
        "lon": 72.3885,
        "source": "WRI Power Database"
      }
    },
    {
      "type": "Feature",
      "geometry": {
        "type": "Point",
        "coordinates": [
          77.044,
          14.022
        ]
      },
      "properties": {
        "name": "Basavanahalli",
        "type": "Power Plant (Solar)",
        "category": "Thermal/Power Industry",
        "capacity_mw": 10.0,
        "lat": 14.022,
        "lon": 77.044,
        "source": "WRI Power Database"
      }
    },
    {
      "type": "Feature",
      "geometry": {
        "type": "Point",
        "coordinates": [
          77.89,
          16.623
        ]
      },
      "properties": {
        "name": "Basawaipalli",
        "type": "Power Plant (Solar)",
        "category": "Thermal/Power Industry",
        "capacity_mw": 4.4,
        "lat": 16.623,
        "lon": 77.89,
        "source": "WRI Power Database"
      }
    },
    {
      "type": "Feature",
      "geometry": {
        "type": "Point",
        "coordinates": [
          72.3245,
          27.4387
        ]
      },
      "properties": {
        "name": "Bavadi Barsingha - Giriraj Solar Power Plant",
        "type": "Power Plant (Solar)",
        "category": "Thermal/Power Industry",
        "capacity_mw": 36.3,
        "lat": 27.4387,
        "lon": 72.3245,
        "source": "WRI Power Database"
      }
    },
    {
      "type": "Feature",
      "geometry": {
        "type": "Point",
        "coordinates": [
          72.3388,
          27.4523
        ]
      },
      "properties": {
        "name": "Bavadi Barsingha - LEPL Solar Power Plant",
        "type": "Power Plant (Solar)",
        "category": "Thermal/Power Industry",
        "capacity_mw": 10.0,
        "lat": 27.4523,
        "lon": 72.3388,
        "source": "WRI Power Database"
      }
    },
    {
      "type": "Feature",
      "geometry": {
        "type": "Point",
        "coordinates": [
          75.3318,
          31.5462
        ]
      },
      "properties": {
        "name": "Beas",
        "type": "Power Plant (Solar)",
        "category": "Thermal/Power Industry",
        "capacity_mw": 7.6,
        "lat": 31.5462,
        "lon": 75.3318,
        "source": "WRI Power Database"
      }
    },
    {
      "type": "Feature",
      "geometry": {
        "type": "Point",
        "coordinates": [
          77.518,
          13.944
        ]
      },
      "properties": {
        "name": "Beechiganipalle",
        "type": "Power Plant (Solar)",
        "category": "Thermal/Power Industry",
        "capacity_mw": 10.0,
        "lat": 13.944,
        "lon": 77.518,
        "source": "WRI Power Database"
      }
    },
    {
      "type": "Feature",
      "geometry": {
        "type": "Point",
        "coordinates": [
          75.725,
          14.175
        ]
      },
      "properties": {
        "name": "Beeragondanahalli",
        "type": "Power Plant (Solar)",
        "category": "Thermal/Power Industry",
        "capacity_mw": 50.0,
        "lat": 14.175,
        "lon": 75.725,
        "source": "WRI Power Database"
      }
    },
    {
      "type": "Feature",
      "geometry": {
        "type": "Point",
        "coordinates": [
          76.27,
          30.515
        ]
      },
      "properties": {
        "name": "Behbalpur",
        "type": "Power Plant (Solar)",
        "category": "Thermal/Power Industry",
        "capacity_mw": 4.0,
        "lat": 30.515,
        "lon": 76.27,
        "source": "WRI Power Database"
      }
    },
    {
      "type": "Feature",
      "geometry": {
        "type": "Point",
        "coordinates": [
          70.8304,
          26.7272
        ]
      },
      "properties": {
        "name": "Belagau Wind Farm",
        "type": "Power Plant (Wind)",
        "category": "Thermal/Power Industry",
        "capacity_mw": 1.0,
        "lat": 26.7272,
        "lon": 70.8304,
        "source": "WRI Power Database"
      }
    },
    {
      "type": "Feature",
      "geometry": {
        "type": "Point",
        "coordinates": [
          74.5417,
          16.4961
        ]
      },
      "properties": {
        "name": "Belagwi Wind Turbines",
        "type": "Power Plant (Wind)",
        "category": "Thermal/Power Industry",
        "capacity_mw": 1.7,
        "lat": 16.4961,
        "lon": 74.5417,
        "source": "WRI Power Database"
      }
    },
    {
      "type": "Feature",
      "geometry": {
        "type": "Point",
        "coordinates": [
          77.1167,
          12.2549
        ]
      },
      "properties": {
        "name": "Belakavadi",
        "type": "Power Plant (Solar)",
        "category": "Thermal/Power Industry",
        "capacity_mw": 5.0,
        "lat": 12.2549,
        "lon": 77.1167,
        "source": "WRI Power Database"
      }
    },
    {
      "type": "Feature",
      "geometry": {
        "type": "Point",
        "coordinates": [
          75.5625,
          15.4038
        ]
      },
      "properties": {
        "name": "Belgaum Gadag Wind Farm",
        "type": "Power Plant (Wind)",
        "category": "Thermal/Power Industry",
        "capacity_mw": 24.8,
        "lat": 15.4038,
        "lon": 75.5625,
        "source": "WRI Power Database"
      }
    },
    {
      "type": "Feature",
      "geometry": {
        "type": "Point",
        "coordinates": [
          74.7007,
          15.9349
        ]
      },
      "properties": {
        "name": "Belgaum Wind farm",
        "type": "Power Plant (Wind)",
        "category": "Thermal/Power Industry",
        "capacity_mw": 50.4,
        "lat": 15.9349,
        "lon": 74.7007,
        "source": "WRI Power Database"
      }
    },
    {
      "type": "Feature",
      "geometry": {
        "type": "Point",
        "coordinates": [
          76.85,
          15.775
        ]
      },
      "properties": {
        "name": "Bellagurai",
        "type": "Power Plant (Solar)",
        "category": "Thermal/Power Industry",
        "capacity_mw": 40.0,
        "lat": 15.775,
        "lon": 76.85,
        "source": "WRI Power Database"
      }
    },
    {
      "type": "Feature",
      "geometry": {
        "type": "Point",
        "coordinates": [
          79.42,
          19.02
        ]
      },
      "properties": {
        "name": "Bellampally",
        "type": "Power Plant (Solar)",
        "category": "Thermal/Power Industry",
        "capacity_mw": 15.0,
        "lat": 19.02,
        "lon": 79.42,
        "source": "WRI Power Database"
      }
    },
    {
      "type": "Feature",
      "geometry": {
        "type": "Point",
        "coordinates": [
          76.805,
          15.025
        ]
      },
      "properties": {
        "name": "Bellari",
        "type": "Power Plant (Solar)",
        "category": "Thermal/Power Industry",
        "capacity_mw": 30.0,
        "lat": 15.025,
        "lon": 76.805,
        "source": "WRI Power Database"
      }
    },
    {
      "type": "Feature",
      "geometry": {
        "type": "Point",
        "coordinates": [
          77.418,
          17.642
        ]
      },
      "properties": {
        "name": "Bemalkheda",
        "type": "Power Plant (Solar)",
        "category": "Thermal/Power Industry",
        "capacity_mw": 10.0,
        "lat": 17.642,
        "lon": 77.418,
        "source": "WRI Power Database"
      }
    },
    {
      "type": "Feature",
      "geometry": {
        "type": "Point",
        "coordinates": [
          68.8782,
          23.0544
        ]
      },
      "properties": {
        "name": "Bera Wind Farm",
        "type": "Power Plant (Wind)",
        "category": "Thermal/Power Industry",
        "capacity_mw": 150.0,
        "lat": 23.0544,
        "lon": 68.8782,
        "source": "WRI Power Database"
      }
    },
    {
      "type": "Feature",
      "geometry": {
        "type": "Point",
        "coordinates": [
          72.938,
          26.789
        ]
      },
      "properties": {
        "name": "Betwasiya",
        "type": "Power Plant (Solar)",
        "category": "Thermal/Power Industry",
        "capacity_mw": 5.0,
        "lat": 26.789,
        "lon": 72.938,
        "source": "WRI Power Database"
      }
    },
    {
      "type": "Feature",
      "geometry": {
        "type": "Point",
        "coordinates": [
          71.961,
          27.491
        ]
      },
      "properties": {
        "name": "BhSP1",
        "type": "Power Plant (Solar)",
        "category": "Thermal/Power Industry",
        "capacity_mw": 420.0,
        "lat": 27.491,
        "lon": 71.961,
        "source": "WRI Power Database"
      }
    },
    {
      "type": "Feature",
      "geometry": {
        "type": "Point",
        "coordinates": [
          71.957,
          27.484
        ]
      },
      "properties": {
        "name": "BhSP1} Fortum",
        "type": "Power Plant (Solar)",
        "category": "Thermal/Power Industry",
        "capacity_mw": 70.0,
        "lat": 27.484,
        "lon": 71.957,
        "source": "WRI Power Database"
      }
    },
    {
      "type": "Feature",
      "geometry": {
        "type": "Point",
        "coordinates": [
          71.948,
          27.492
        ]
      },
      "properties": {
        "name": "BhSP1} RSE1",
        "type": "Power Plant (Solar)",
        "category": "Thermal/Power Industry",
        "capacity_mw": 70.0,
        "lat": 27.492,
        "lon": 71.948,
        "source": "WRI Power Database"
      }
    },
    {
      "type": "Feature",
      "geometry": {
        "type": "Point",
        "coordinates": [
          71.958,
          27.489
        ]
      },
      "properties": {
        "name": "BhSP1} RSE2",
        "type": "Power Plant (Solar)",
        "category": "Thermal/Power Industry",
        "capacity_mw": 70.0,
        "lat": 27.489,
        "lon": 71.958,
        "source": "WRI Power Database"
      }
    },
    {
      "type": "Feature",
      "geometry": {
        "type": "Point",
        "coordinates": [
          71.954,
          27.478
        ]
      },
      "properties": {
        "name": "BhSP1} SD1",
        "type": "Power Plant (Solar)",
        "category": "Thermal/Power Industry",
        "capacity_mw": 70.0,
        "lat": 27.478,
        "lon": 71.954,
        "source": "WRI Power Database"
      }
    },
    {
      "type": "Feature",
      "geometry": {
        "type": "Point",
        "coordinates": [
          71.96,
          27.467
        ]
      },
      "properties": {
        "name": "BhSP1} SD2",
        "type": "Power Plant (Solar)",
        "category": "Thermal/Power Industry",
        "capacity_mw": 70.0,
        "lat": 27.467,
        "lon": 71.96,
        "source": "WRI Power Database"
      }
    },
    {
      "type": "Feature",
      "geometry": {
        "type": "Point",
        "coordinates": [
          71.96,
          27.472
        ]
      },
      "properties": {
        "name": "BhSP1} Yarrow",
        "type": "Power Plant (Solar)",
        "category": "Thermal/Power Industry",
        "capacity_mw": 70.0,
        "lat": 27.472,
        "lon": 71.96,
        "source": "WRI Power Database"
      }
    },
    {
      "type": "Feature",
      "geometry": {
        "type": "Point",
        "coordinates": [
          71.961,
          27.491
        ]
      },
      "properties": {
        "name": "BhSP2",
        "type": "Power Plant (Solar)",
        "category": "Thermal/Power Industry",
        "capacity_mw": 260.0,
        "lat": 27.491,
        "lon": 71.961,
        "source": "WRI Power Database"
      }
    },
    {
      "type": "Feature",
      "geometry": {
        "type": "Point",
        "coordinates": [
          71.904,
          27.492
        ]
      },
      "properties": {
        "name": "BhSP2} Jakson",
        "type": "Power Plant (Solar)",
        "category": "Thermal/Power Industry",
        "capacity_mw": 65.0,
        "lat": 27.492,
        "lon": 71.904,
        "source": "WRI Power Database"
      }
    },
    {
      "type": "Feature",
      "geometry": {
        "type": "Point",
        "coordinates": [
          71.953,
          27.496
        ]
      },
      "properties": {
        "name": "BhSP2} Tata",
        "type": "Power Plant (Solar)",
        "category": "Thermal/Power Industry",
        "capacity_mw": 65.0,
        "lat": 27.496,
        "lon": 71.953,
        "source": "WRI Power Database"
      }
    },
    {
      "type": "Feature",
      "geometry": {
        "type": "Point",
        "coordinates": [
          71.92,
          27.498
        ]
      },
      "properties": {
        "name": "BhSP2} Vikram A",
        "type": "Power Plant (Solar)",
        "category": "Thermal/Power Industry",
        "capacity_mw": 65.0,
        "lat": 27.498,
        "lon": 71.92,
        "source": "WRI Power Database"
      }
    },
    {
      "type": "Feature",
      "geometry": {
        "type": "Point",
        "coordinates": [
          71.92,
          27.498
        ]
      },
      "properties": {
        "name": "BhSP2} Vikram B",
        "type": "Power Plant (Solar)",
        "category": "Thermal/Power Industry",
        "capacity_mw": 65.0,
        "lat": 27.498,
        "lon": 71.92,
        "source": "WRI Power Database"
      }
    },
    {
      "type": "Feature",
      "geometry": {
        "type": "Point",
        "coordinates": [
          71.961,
          27.491
        ]
      },
      "properties": {
        "name": "BhSP3",
        "type": "Power Plant (Solar)",
        "category": "Thermal/Power Industry",
        "capacity_mw": 560.0,
        "lat": 27.491,
        "lon": 71.961,
        "source": "WRI Power Database"
      }
    },
    {
      "type": "Feature",
      "geometry": {
        "type": "Point",
        "coordinates": [
          71.964,
          27.517
        ]
      },
      "properties": {
        "name": "BhSP3} Acme",
        "type": "Power Plant (Solar)",
        "category": "Thermal/Power Industry",
        "capacity_mw": 200.0,
        "lat": 27.517,
        "lon": 71.964,
        "source": "WRI Power Database"
      }
    },
    {
      "type": "Feature",
      "geometry": {
        "type": "Point",
        "coordinates": [
          71.974,
          27.507
        ]
      },
      "properties": {
        "name": "BhSP3} SBG",
        "type": "Power Plant (Solar)",
        "category": "Thermal/Power Industry",
        "capacity_mw": 360.0,
        "lat": 27.507,
        "lon": 71.974,
        "source": "WRI Power Database"
      }
    },
    {
      "type": "Feature",
      "geometry": {
        "type": "Point",
        "coordinates": [
          71.961,
          27.491
        ]
      },
      "properties": {
        "name": "BhSP4",
        "type": "Power Plant (Solar)",
        "category": "Thermal/Power Industry",
        "capacity_mw": 210.0,
        "lat": 27.491,
        "lon": 71.961,
        "source": "WRI Power Database"
      }
    },
    {
      "type": "Feature",
      "geometry": {
        "type": "Point",
        "coordinates": [
          71.978,
          27.486
        ]
      },
      "properties": {
        "name": "BhSP4} Avaada",
        "type": "Power Plant (Solar)",
        "category": "Thermal/Power Industry",
        "capacity_mw": 60.0,
        "lat": 27.486,
        "lon": 71.978,
        "source": "WRI Power Database"
      }
    },
    {
      "type": "Feature",
      "geometry": {
        "type": "Point",
        "coordinates": [
          71.975,
          27.467
        ]
      },
      "properties": {
        "name": "BhSP4} Phelan",
        "type": "Power Plant (Solar)",
        "category": "Thermal/Power Industry",
        "capacity_mw": 50.0,
        "lat": 27.467,
        "lon": 71.975,
        "source": "WRI Power Database"
      }
    },
    {
      "type": "Feature",
      "geometry": {
        "type": "Point",
        "coordinates": [
          71.988,
          27.47
        ]
      },
      "properties": {
        "name": "BhSP4} SBG",
        "type": "Power Plant (Solar)",
        "category": "Thermal/Power Industry",
        "capacity_mw": 100.0,
        "lat": 27.47,
        "lon": 71.988,
        "source": "WRI Power Database"
      }
    },
    {
      "type": "Feature",
      "geometry": {
        "type": "Point",
        "coordinates": [
          71.9142,
          27.5407
        ]
      },
      "properties": {
        "name": "BhSP} Arjun",
        "type": "Power Plant (Solar)",
        "category": "Thermal/Power Industry",
        "capacity_mw": 5.0,
        "lat": 27.5407,
        "lon": 71.9142,
        "source": "WRI Power Database"
      }
    },
    {
      "type": "Feature",
      "geometry": {
        "type": "Point",
        "coordinates": [
          71.932,
          27.528
        ]
      },
      "properties": {
        "name": "BhSP} Energo",
        "type": "Power Plant (Solar)",
        "category": "Thermal/Power Industry",
        "capacity_mw": 10.0,
        "lat": 27.528,
        "lon": 71.932,
        "source": "WRI Power Database"
      }
    },
    {
      "type": "Feature",
      "geometry": {
        "type": "Point",
        "coordinates": [
          71.931,
          27.519
        ]
      },
      "properties": {
        "name": "BhSP} Essel",
        "type": "Power Plant (Solar)",
        "category": "Thermal/Power Industry",
        "capacity_mw": 20.0,
        "lat": 27.519,
        "lon": 71.931,
        "source": "WRI Power Database"
      }
    },
    {
      "type": "Feature",
      "geometry": {
        "type": "Point",
        "coordinates": [
          71.921,
          27.541
        ]
      },
      "properties": {
        "name": "BhSP} Roha",
        "type": "Power Plant (Solar)",
        "category": "Thermal/Power Industry",
        "capacity_mw": 27.6,
        "lat": 27.541,
        "lon": 71.921,
        "source": "WRI Power Database"
      }
    },
    {
      "type": "Feature",
      "geometry": {
        "type": "Point",
        "coordinates": [
          71.916,
          27.541
        ]
      },
      "properties": {
        "name": "BhSP} Sidhi",
        "type": "Power Plant (Solar)",
        "category": "Thermal/Power Industry",
        "capacity_mw": 5.5,
        "lat": 27.541,
        "lon": 71.916,
        "source": "WRI Power Database"
      }
    },
    {
      "type": "Feature",
      "geometry": {
        "type": "Point",
        "coordinates": [
          71.935,
          27.526
        ]
      },
      "properties": {
        "name": "BhSP} Star",
        "type": "Power Plant (Solar)",
        "category": "Thermal/Power Industry",
        "capacity_mw": 5.0,
        "lat": 27.526,
        "lon": 71.935,
        "source": "WRI Power Database"
      }
    },
    {
      "type": "Feature",
      "geometry": {
        "type": "Point",
        "coordinates": [
          71.9114,
          27.5409
        ]
      },
      "properties": {
        "name": "BhSP} Sungold",
        "type": "Power Plant (Solar)",
        "category": "Thermal/Power Industry",
        "capacity_mw": 5.0,
        "lat": 27.5409,
        "lon": 71.9114,
        "source": "WRI Power Database"
      }
    },
    {
      "type": "Feature",
      "geometry": {
        "type": "Point",
        "coordinates": [
          71.563,
          23.678
        ]
      },
      "properties": {
        "name": "Bhadrada",
        "type": "Power Plant (Solar)",
        "category": "Thermal/Power Industry",
        "capacity_mw": 5.0,
        "lat": 23.678,
        "lon": 71.563,
        "source": "WRI Power Database"
      }
    },
    {
      "type": "Feature",
      "geometry": {
        "type": "Point",
        "coordinates": [
          71.5782,
          23.6688
        ]
      },
      "properties": {
        "name": "Bhadrada Solar Power Plant",
        "type": "Power Plant (Solar)",
        "category": "Thermal/Power Industry",
        "capacity_mw": 5.0,
        "lat": 23.6688,
        "lon": 71.5782,
        "source": "WRI Power Database"
      }
    },
    {
      "type": "Feature",
      "geometry": {
        "type": "Point",
        "coordinates": [
          76.72,
          14.074
        ]
      },
      "properties": {
        "name": "Bhagavathikere",
        "type": "Power Plant (Solar)",
        "category": "Thermal/Power Industry",
        "capacity_mw": 10.0,
        "lat": 14.074,
        "lon": 76.72,
        "source": "WRI Power Database"
      }
    },
    {
      "type": "Feature",
      "geometry": {
        "type": "Point",
        "coordinates": [
          75.13,
          24.688
        ]
      },
      "properties": {
        "name": "Bhagwanpura",
        "type": "Power Plant (Solar)",
        "category": "Thermal/Power Industry",
        "capacity_mw": 106.0,
        "lat": 24.688,
        "lon": 75.13,
        "source": "WRI Power Database"
      }
    },
    {
      "type": "Feature",
      "geometry": {
        "type": "Point",
        "coordinates": [
          77.985,
          19.135
        ]
      },
      "properties": {
        "name": "Bhainsa Suzlon",
        "type": "Power Plant (Solar)",
        "category": "Thermal/Power Industry",
        "capacity_mw": 15.0,
        "lat": 19.135,
        "lon": 77.985,
        "source": "WRI Power Database"
      }
    },
    {
      "type": "Feature",
      "geometry": {
        "type": "Point",
        "coordinates": [
          77.13,
          18.082
        ]
      },
      "properties": {
        "name": "Bhalki",
        "type": "Power Plant (Solar)",
        "category": "Thermal/Power Industry",
        "capacity_mw": 20.0,
        "lat": 18.082,
        "lon": 77.13,
        "source": "WRI Power Database"
      }
    },
    {
      "type": "Feature",
      "geometry": {
        "type": "Point",
        "coordinates": [
          72.983,
          26.744
        ]
      },
      "properties": {
        "name": "Bhambuo Ki Dhani",
        "type": "Power Plant (Solar)",
        "category": "Thermal/Power Industry",
        "capacity_mw": 5.0,
        "lat": 26.744,
        "lon": 72.983,
        "source": "WRI Power Database"
      }
    },
    {
      "type": "Feature",
      "geometry": {
        "type": "Point",
        "coordinates": [
          75.0565,
          23.6756
        ]
      },
      "properties": {
        "name": "Bhat Khedi Wind Farm",
        "type": "Power Plant (Wind)",
        "category": "Thermal/Power Industry",
        "capacity_mw": 98.7,
        "lat": 23.6756,
        "lon": 75.0565,
        "source": "WRI Power Database"
      }
    },
    {
      "type": "Feature",
      "geometry": {
        "type": "Point",
        "coordinates": [
          84.895,
          19.43
        ]
      },
      "properties": {
        "name": "Bhatakumarada",
        "type": "Power Plant (Solar)",
        "category": "Thermal/Power Industry",
        "capacity_mw": 40.0,
        "lat": 19.43,
        "lon": 84.895,
        "source": "WRI Power Database"
      }
    },
    {
      "type": "Feature",
      "geometry": {
        "type": "Point",
        "coordinates": [
          73.286,
          23.5594
        ]
      },
      "properties": {
        "name": "Bhatkota Solar Power Plant",
        "type": "Power Plant (Solar)",
        "category": "Thermal/Power Industry",
        "capacity_mw": 3.0,
        "lat": 23.5594,
        "lon": 73.286,
        "source": "WRI Power Database"
      }
    },
    {
      "type": "Feature",
      "geometry": {
        "type": "Point",
        "coordinates": [
          77.62,
          24.525
        ]
      },
      "properties": {
        "name": "Bhensarwas",
        "type": "Power Plant (Solar)",
        "category": "Thermal/Power Industry",
        "capacity_mw": 51.0,
        "lat": 24.525,
        "lon": 77.62,
        "source": "WRI Power Database"
      }
    },
    {
      "type": "Feature",
      "geometry": {
        "type": "Point",
        "coordinates": [
          84.73,
          19.665
        ]
      },
      "properties": {
        "name": "Bhetanai-Bhejiput",
        "type": "Power Plant (Solar)",
        "category": "Thermal/Power Industry",
        "capacity_mw": 40.0,
        "lat": 19.665,
        "lon": 84.73,
        "source": "WRI Power Database"
      }
    },
    {
      "type": "Feature",
      "geometry": {
        "type": "Point",
        "coordinates": [
          78.82,
          17.595
        ]
      },
      "properties": {
        "name": "Bhonigir Acme",
        "type": "Power Plant (Solar)",
        "category": "Thermal/Power Industry",
        "capacity_mw": 50.0,
        "lat": 17.595,
        "lon": 78.82,
        "source": "WRI Power Database"
      }
    },
    {
      "type": "Feature",
      "geometry": {
        "type": "Point",
        "coordinates": [
          79.731,
          27.587
        ]
      },
      "properties": {
        "name": "Bibiyapur",
        "type": "Power Plant (Solar)",
        "category": "Thermal/Power Industry",
        "capacity_mw": 10.0,
        "lat": 27.587,
        "lon": 79.731,
        "source": "WRI Power Database"
      }
    },
    {
      "type": "Feature",
      "geometry": {
        "type": "Point",
        "coordinates": [
          76.031,
          23.946
        ]
      },
      "properties": {
        "name": "Bid Madhopur",
        "type": "Power Plant (Solar)",
        "category": "Thermal/Power Industry",
        "capacity_mw": 5.0,
        "lat": 23.946,
        "lon": 76.031,
        "source": "WRI Power Database"
      }
    },
    {
      "type": "Feature",
      "geometry": {
        "type": "Point",
        "coordinates": [
          76.039,
          23.942
        ]
      },
      "properties": {
        "name": "Bid Pipalya",
        "type": "Power Plant (Solar)",
        "category": "Thermal/Power Industry",
        "capacity_mw": 5.0,
        "lat": 23.942,
        "lon": 76.039,
        "source": "WRI Power Database"
      }
    },
    {
      "type": "Feature",
      "geometry": {
        "type": "Point",
        "coordinates": [
          77.4391,
          17.7763
        ]
      },
      "properties": {
        "name": "Bidar C",
        "type": "Power Plant (Solar)",
        "category": "Thermal/Power Industry",
        "capacity_mw": 15.0,
        "lat": 17.7763,
        "lon": 77.4391,
        "source": "WRI Power Database"
      }
    },
    {
      "type": "Feature",
      "geometry": {
        "type": "Point",
        "coordinates": [
          77.463,
          17.774
        ]
      },
      "properties": {
        "name": "Bidar D",
        "type": "Power Plant (Solar)",
        "category": "Thermal/Power Industry",
        "capacity_mw": 8.0,
        "lat": 17.774,
        "lon": 77.463,
        "source": "WRI Power Database"
      }
    },
    {
      "type": "Feature",
      "geometry": {
        "type": "Point",
        "coordinates": [
          77.368,
          17.925
        ]
      },
      "properties": {
        "name": "Bidar E",
        "type": "Power Plant (Solar)",
        "category": "Thermal/Power Industry",
        "capacity_mw": 15.0,
        "lat": 17.925,
        "lon": 77.368,
        "source": "WRI Power Database"
      }
    },
    {
      "type": "Feature",
      "geometry": {
        "type": "Point",
        "coordinates": [
          77.378,
          17.92
        ]
      },
      "properties": {
        "name": "Bidar Rural",
        "type": "Power Plant (Solar)",
        "category": "Thermal/Power Industry",
        "capacity_mw": 20.0,
        "lat": 17.92,
        "lon": 77.378,
        "source": "WRI Power Database"
      }
    },
    {
      "type": "Feature",
      "geometry": {
        "type": "Point",
        "coordinates": [
          75.712,
          16.872
        ]
      },
      "properties": {
        "name": "Bijapur Essel 3",
        "type": "Power Plant (Solar)",
        "category": "Thermal/Power Industry",
        "capacity_mw": 5.0,
        "lat": 16.872,
        "lon": 75.712,
        "source": "WRI Power Database"
      }
    },
    {
      "type": "Feature",
      "geometry": {
        "type": "Point",
        "coordinates": [
          79.917,
          25.906
        ]
      },
      "properties": {
        "name": "Bindpuri",
        "type": "Power Plant (Solar)",
        "category": "Thermal/Power Industry",
        "capacity_mw": 5.0,
        "lat": 25.906,
        "lon": 79.917,
        "source": "WRI Power Database"
      }
    },
    {
      "type": "Feature",
      "geometry": {
        "type": "Point",
        "coordinates": [
          73.221,
          25.337
        ]
      },
      "properties": {
        "name": "Birami",
        "type": "Power Plant (Solar)",
        "category": "Thermal/Power Industry",
        "capacity_mw": 30.0,
        "lat": 25.337,
        "lon": 73.221,
        "source": "WRI Power Database"
      }
    },
    {
      "type": "Feature",
      "geometry": {
        "type": "Point",
        "coordinates": [
          77.19,
          25.27
        ]
      },
      "properties": {
        "name": "Birmani JBGC",
        "type": "Power Plant (Solar)",
        "category": "Thermal/Power Industry",
        "capacity_mw": 5.0,
        "lat": 25.27,
        "lon": 77.19,
        "source": "WRI Power Database"
      }
    },
    {
      "type": "Feature",
      "geometry": {
        "type": "Point",
        "coordinates": [
          77.19,
          25.275
        ]
      },
      "properties": {
        "name": "Birmani RGP",
        "type": "Power Plant (Solar)",
        "category": "Thermal/Power Industry",
        "capacity_mw": 8.0,
        "lat": 25.275,
        "lon": 77.19,
        "source": "WRI Power Database"
      }
    },
    {
      "type": "Feature",
      "geometry": {
        "type": "Point",
        "coordinates": [
          77.19,
          25.28
        ]
      },
      "properties": {
        "name": "Birmani SRI",
        "type": "Power Plant (Solar)",
        "category": "Thermal/Power Industry",
        "capacity_mw": 5.0,
        "lat": 25.28,
        "lon": 77.19,
        "source": "WRI Power Database"
      }
    },
    {
      "type": "Feature",
      "geometry": {
        "type": "Point",
        "coordinates": [
          72.2886,
          25.8038
        ]
      },
      "properties": {
        "name": "Bithuja",
        "type": "Power Plant (Solar)",
        "category": "Thermal/Power Industry",
        "capacity_mw": 5.2,
        "lat": 25.8038,
        "lon": 72.2886,
        "source": "WRI Power Database"
      }
    },
    {
      "type": "Feature",
      "geometry": {
        "type": "Point",
        "coordinates": [
          69.0255,
          23.2579
        ]
      },
      "properties": {
        "name": "Bitta Solar Power Plant",
        "type": "Power Plant (Solar)",
        "category": "Thermal/Power Industry",
        "capacity_mw": 40.0,
        "lat": 23.2579,
        "lon": 69.0255,
        "source": "WRI Power Database"
      }
    },
    {
      "type": "Feature",
      "geometry": {
        "type": "Point",
        "coordinates": [
          75.04,
          20.375
        ]
      },
      "properties": {
        "name": "Bodhare",
        "type": "Power Plant (Solar)",
        "category": "Thermal/Power Industry",
        "capacity_mw": 50.0,
        "lat": 20.375,
        "lon": 75.04,
        "source": "WRI Power Database"
      }
    },
    {
      "type": "Feature",
      "geometry": {
        "type": "Point",
        "coordinates": [
          75.49,
          29.8504
        ]
      },
      "properties": {
        "name": "Boha Solar Power Plant",
        "type": "Power Plant (Solar)",
        "category": "Thermal/Power Industry",
        "capacity_mw": 4.2,
        "lat": 29.8504,
        "lon": 75.49,
        "source": "WRI Power Database"
      }
    },
    {
      "type": "Feature",
      "geometry": {
        "type": "Point",
        "coordinates": [
          78.357,
          16.742
        ]
      },
      "properties": {
        "name": "Boinpally",
        "type": "Power Plant (Solar)",
        "category": "Thermal/Power Industry",
        "capacity_mw": 9.0,
        "lat": 16.742,
        "lon": 78.357,
        "source": "WRI Power Database"
      }
    },
    {
      "type": "Feature",
      "geometry": {
        "type": "Point",
        "coordinates": [
          83.371,
          20.553
        ]
      },
      "properties": {
        "name": "Bolangir",
        "type": "Power Plant (Solar)",
        "category": "Thermal/Power Industry",
        "capacity_mw": 25.0,
        "lat": 20.553,
        "lon": 83.371,
        "source": "WRI Power Database"
      }
    },
    {
      "type": "Feature",
      "geometry": {
        "type": "Point",
        "coordinates": [
          71.5212,
          26.5249
        ]
      },
      "properties": {
        "name": "Bonada Solar Power Plant",
        "type": "Power Plant (Solar)",
        "category": "Thermal/Power Industry",
        "capacity_mw": 1.0,
        "lat": 26.5249,
        "lon": 71.5212,
        "source": "WRI Power Database"
      }
    },
    {
      "type": "Feature",
      "geometry": {
        "type": "Point",
        "coordinates": [
          77.186,
          14.577
        ]
      },
      "properties": {
        "name": "Boram Palli",
        "type": "Power Plant (Solar)",
        "category": "Thermal/Power Industry",
        "capacity_mw": 20.0,
        "lat": 14.577,
        "lon": 77.186,
        "source": "WRI Power Database"
      }
    },
    {
      "type": "Feature",
      "geometry": {
        "type": "Point",
        "coordinates": [
          73.25,
          25.168
        ]
      },
      "properties": {
        "name": "Boya",
        "type": "Power Plant (Solar)",
        "category": "Thermal/Power Industry",
        "capacity_mw": 10.0,
        "lat": 25.168,
        "lon": 73.25,
        "source": "WRI Power Database"
      }
    },
    {
      "type": "Feature",
      "geometry": {
        "type": "Point",
        "coordinates": [
          75.514,
          14.673
        ]
      },
      "properties": {
        "name": "Byadagi",
        "type": "Power Plant (Solar)",
        "category": "Thermal/Power Industry",
        "capacity_mw": 20.0,
        "lat": 14.673,
        "lon": 75.514,
        "source": "WRI Power Database"
      }
    },
    {
      "type": "Feature",
      "geometry": {
        "type": "Point",
        "coordinates": [
          82.5532,
          22.3932
        ]
      },
      "properties": {
        "name": "CHAKABURA TPP",
        "type": "Power Plant (Coal)",
        "category": "Thermal/Power Industry",
        "capacity_mw": 60.0,
        "lat": 22.3932,
        "lon": 82.5532,
        "source": "WRI Power Database"
      }
    },
    {
      "type": "Feature",
      "geometry": {
        "type": "Point",
        "coordinates": [
          76.2552,
          32.4734
        ]
      },
      "properties": {
        "name": "CHAMERA II",
        "type": "Power Plant (Hydro)",
        "category": "Thermal/Power Industry",
        "capacity_mw": 300.0,
        "lat": 32.4734,
        "lon": 76.2552,
        "source": "WRI Power Database"
      }
    },
    {
      "type": "Feature",
      "geometry": {
        "type": "Point",
        "coordinates": [
          75.9857,
          32.5966
        ]
      },
      "properties": {
        "name": "CHAMERA-I",
        "type": "Power Plant (Hydro)",
        "category": "Thermal/Power Industry",
        "capacity_mw": 540.0,
        "lat": 32.5966,
        "lon": 75.9857,
        "source": "WRI Power Database"
      }
    },
    {
      "type": "Feature",
      "geometry": {
        "type": "Point",
        "coordinates": [
          76.44,
          32.4733
        ]
      },
      "properties": {
        "name": "CHAMERA-III",
        "type": "Power Plant (Hydro)",
        "category": "Thermal/Power Industry",
        "capacity_mw": 231.0,
        "lat": 32.4733,
        "lon": 76.44,
        "source": "WRI Power Database"
      }
    },
    {
      "type": "Feature",
      "geometry": {
        "type": "Point",
        "coordinates": [
          79.1133,
          19.9213
        ]
      },
      "properties": {
        "name": "CHANDA CEMENT WORKS",
        "type": "Power Plant (Coal)",
        "category": "Thermal/Power Industry",
        "capacity_mw": 40.0,
        "lat": 19.9213,
        "lon": 79.1133,
        "source": "WRI Power Database"
      }
    },
    {
      "type": "Feature",
      "geometry": {
        "type": "Point",
        "coordinates": [
          74.6367,
          24.9293
        ]
      },
      "properties": {
        "name": "CHANDERIA CEMENT WORKS",
        "type": "Power Plant (Coal)",
        "category": "Thermal/Power Industry",
        "capacity_mw": 35.0,
        "lat": 24.9293,
        "lon": 74.6367,
        "source": "WRI Power Database"
      }
    },
    {
      "type": "Feature",
      "geometry": {
        "type": "Point",
        "coordinates": [
          74.6656,
          24.9637
        ]
      },
      "properties": {
        "name": "CHANDERIA SMELTER",
        "type": "Power Plant (Coal)",
        "category": "Thermal/Power Industry",
        "capacity_mw": 234.0,
        "lat": 24.9637,
        "lon": 74.6656,
        "source": "WRI Power Database"
      }
    },
    {
      "type": "Feature",
      "geometry": {
        "type": "Point",
        "coordinates": [
          79.1346,
          19.93
        ]
      },
      "properties": {
        "name": "CHANDRAPUR GUPTA",
        "type": "Power Plant (Coal)",
        "category": "Thermal/Power Industry",
        "capacity_mw": 120.0,
        "lat": 19.93,
        "lon": 79.1346,
        "source": "WRI Power Database"
      }
    },
    {
      "type": "Feature",
      "geometry": {
        "type": "Point",
        "coordinates": [
          79.1757,
          19.7218
        ]
      },
      "properties": {
        "name": "CHANDRAPUR MANIKGHAR",
        "type": "Power Plant (Coal)",
        "category": "Thermal/Power Industry",
        "capacity_mw": 10.0,
        "lat": 19.7218,
        "lon": 79.1757,
        "source": "WRI Power Database"
      }
    },
    {
      "type": "Feature",
      "geometry": {
        "type": "Point",
        "coordinates": [
          86.1273,
          23.7376
        ]
      },
      "properties": {
        "name": "CHANDRAPURA",
        "type": "Power Plant (Coal)",
        "category": "Thermal/Power Industry",
        "capacity_mw": 630.0,
        "lat": 23.7376,
        "lon": 86.1273,
        "source": "WRI Power Database"
      }
    },
    {
      "type": "Feature",
      "geometry": {
        "type": "Point",
        "coordinates": [
          79.29,
          20.0063
        ]
      },
      "properties": {
        "name": "CHANDRAPUR_Coal",
        "type": "Power Plant (Coal)",
        "category": "Thermal/Power Industry",
        "capacity_mw": 2920.0,
        "lat": 20.0063,
        "lon": 79.29,
        "source": "WRI Power Database"
      }
    },
    {
      "type": "Feature",
      "geometry": {
        "type": "Point",
        "coordinates": [
          76.2477,
          32.7369
        ]
      },
      "properties": {
        "name": "CHANJU-I",
        "type": "Power Plant (Hydro)",
        "category": "Thermal/Power Industry",
        "capacity_mw": 36.0,
        "lat": 32.7369,
        "lon": 76.2477,
        "source": "WRI Power Database"
      }
    },
    {
      "type": "Feature",
      "geometry": {
        "type": "Point",
        "coordinates": [
          76.0376,
          11.4645
        ]
      },
      "properties": {
        "name": "CHEMBUKADAVU-II",
        "type": "Power Plant (Hydro)",
        "category": "Thermal/Power Industry",
        "capacity_mw": 3.75,
        "lat": 11.4645,
        "lon": 76.0376,
        "source": "WRI Power Database"
      }
    },
    {
      "type": "Feature",
      "geometry": {
        "type": "Point",
        "coordinates": [
          75.1705,
          32.9578
        ]
      },
      "properties": {
        "name": "CHENANI I to III",
        "type": "Power Plant (Hydro)",
        "category": "Thermal/Power Industry",
        "capacity_mw": 32.8,
        "lat": 32.9578,
        "lon": 75.1705,
        "source": "WRI Power Database"
      }
    },
    {
      "type": "Feature",
      "geometry": {
        "type": "Point",
        "coordinates": [
          77.0357,
          24.6217
        ]
      },
      "properties": {
        "name": "CHHABRA TPS",
        "type": "Power Plant (Coal)",
        "category": "Thermal/Power Industry",
        "capacity_mw": 2320.0,
        "lat": 24.6217,
        "lon": 77.0357,
        "source": "WRI Power Database"
      }
    },
    {
      "type": "Feature",
      "geometry": {
        "type": "Point",
        "coordinates": [
          77.7915,
          30.5559
        ]
      },
      "properties": {
        "name": "CHIBRO (YAMUNA)",
        "type": "Power Plant (Hydro)",
        "category": "Thermal/Power Industry",
        "capacity_mw": 240.0,
        "lat": 30.5559,
        "lon": 77.7915,
        "source": "WRI Power Database"
      }
    },
    {
      "type": "Feature",
      "geometry": {
        "type": "Point",
        "coordinates": [
          78.2203,
          29.976
        ]
      },
      "properties": {
        "name": "CHILLA",
        "type": "Power Plant (Hydro)",
        "category": "Thermal/Power Industry",
        "capacity_mw": 144.0,
        "lat": 29.976,
        "lon": 78.2203,
        "source": "WRI Power Database"
      }
    },
    {
      "type": "Feature",
      "geometry": {
        "type": "Point",
        "coordinates": [
          76.1137,
          34.4903
        ]
      },
      "properties": {
        "name": "CHUTAK",
        "type": "Power Plant (Hydro)",
        "category": "Thermal/Power Industry",
        "capacity_mw": 44.0,
        "lat": 34.4903,
        "lon": 76.1137,
        "source": "WRI Power Database"
      }
    },
    {
      "type": "Feature",
      "geometry": {
        "type": "Point",
        "coordinates": [
          88.6659,
          27.2093
        ]
      },
      "properties": {
        "name": "CHUZACHEN",
        "type": "Power Plant (Hydro)",
        "category": "Thermal/Power Industry",
        "capacity_mw": 110.0,
        "lat": 27.2093,
        "lon": 88.6659,
        "source": "WRI Power Database"
      }
    },
    {
      "type": "Feature",
      "geometry": {
        "type": "Point",
        "coordinates": [
          77.0825,
          16.5471
        ]
      },
      "properties": {
        "name": "CORE GREEN SUGAR",
        "type": "Power Plant (Biomass)",
        "category": "Thermal/Power Industry",
        "capacity_mw": 24.0,
        "lat": 16.5471,
        "lon": 77.0825,
        "source": "WRI Power Database"
      }
    },
    {
      "type": "Feature",
      "geometry": {
        "type": "Point",
        "coordinates": [
          71.212,
          23.908
        ]
      },
      "properties": {
        "name": "ChSP} AES",
        "type": "Power Plant (Solar)",
        "category": "Thermal/Power Industry",
        "capacity_mw": 14.9,
        "lat": 23.908,
        "lon": 71.212,
        "source": "WRI Power Database"
      }
    },
    {
      "type": "Feature",
      "geometry": {
        "type": "Point",
        "coordinates": [
          71.217,
          23.915
        ]
      },
      "properties": {
        "name": "ChSP} Alex",
        "type": "Power Plant (Solar)",
        "category": "Thermal/Power Industry",
        "capacity_mw": 25.1,
        "lat": 23.915,
        "lon": 71.217,
        "source": "WRI Power Database"
      }
    },
    {
      "type": "Feature",
      "geometry": {
        "type": "Point",
        "coordinates": [
          71.18,
          23.92
        ]
      },
      "properties": {
        "name": "ChSP} Astra Solren I",
        "type": "Power Plant (Solar)",
        "category": "Thermal/Power Industry",
        "capacity_mw": 40.0,
        "lat": 23.92,
        "lon": 71.18,
        "source": "WRI Power Database"
      }
    },
    {
      "type": "Feature",
      "geometry": {
        "type": "Point",
        "coordinates": [
          71.214,
          23.926
        ]
      },
      "properties": {
        "name": "ChSP} Astra Solren II",
        "type": "Power Plant (Solar)",
        "category": "Thermal/Power Industry",
        "capacity_mw": 25.0,
        "lat": 23.926,
        "lon": 71.214,
        "source": "WRI Power Database"
      }
    },
    {
      "type": "Feature",
      "geometry": {
        "type": "Point",
        "coordinates": [
          71.1922,
          23.916
        ]
      },
      "properties": {
        "name": "ChSP} Avtar",
        "type": "Power Plant (Solar)",
        "category": "Thermal/Power Industry",
        "capacity_mw": 5.0,
        "lat": 23.916,
        "lon": 71.1922,
        "source": "WRI Power Database"
      }
    },
    {
      "type": "Feature",
      "geometry": {
        "type": "Point",
        "coordinates": [
          71.2015,
          23.9021
        ]
      },
      "properties": {
        "name": "ChSP} Emami",
        "type": "Power Plant (Solar)",
        "category": "Thermal/Power Industry",
        "capacity_mw": 10.1,
        "lat": 23.9021,
        "lon": 71.2015,
        "source": "WRI Power Database"
      }
    },
    {
      "type": "Feature",
      "geometry": {
        "type": "Point",
        "coordinates": [
          71.216,
          23.908
        ]
      },
      "properties": {
        "name": "ChSP} GAC",
        "type": "Power Plant (Solar)",
        "category": "Thermal/Power Industry",
        "capacity_mw": 15.0,
        "lat": 23.908,
        "lon": 71.216,
        "source": "WRI Power Database"
      }
    },
    {
      "type": "Feature",
      "geometry": {
        "type": "Point",
        "coordinates": [
          71.184,
          23.904
        ]
      },
      "properties": {
        "name": "ChSP} GIPCL B4a",
        "type": "Power Plant (Solar)",
        "category": "Thermal/Power Industry",
        "capacity_mw": 40.0,
        "lat": 23.904,
        "lon": 71.184,
        "source": "WRI Power Database"
      }
    },
    {
      "type": "Feature",
      "geometry": {
        "type": "Point",
        "coordinates": [
          71.185,
          23.911
        ]
      },
      "properties": {
        "name": "ChSP} GIPCL B4b",
        "type": "Power Plant (Solar)",
        "category": "Thermal/Power Industry",
        "capacity_mw": 40.0,
        "lat": 23.911,
        "lon": 71.185,
        "source": "WRI Power Database"
      }
    },
    {
      "type": "Feature",
      "geometry": {
        "type": "Point",
        "coordinates": [
          71.1935,
          23.9027
        ]
      },
      "properties": {
        "name": "ChSP} GMR",
        "type": "Power Plant (Solar)",
        "category": "Thermal/Power Industry",
        "capacity_mw": 25.0,
        "lat": 23.9027,
        "lon": 71.1935,
        "source": "WRI Power Database"
      }
    },
    {
      "type": "Feature",
      "geometry": {
        "type": "Point",
        "coordinates": [
          71.2049,
          23.8892
        ]
      },
      "properties": {
        "name": "ChSP} GPC",
        "type": "Power Plant (Solar)",
        "category": "Thermal/Power Industry",
        "capacity_mw": 5.0,
        "lat": 23.8892,
        "lon": 71.2049,
        "source": "WRI Power Database"
      }
    },
    {
      "type": "Feature",
      "geometry": {
        "type": "Point",
        "coordinates": [
          71.1915,
          23.8829
        ]
      },
      "properties": {
        "name": "ChSP} GSPC",
        "type": "Power Plant (Solar)",
        "category": "Thermal/Power Industry",
        "capacity_mw": 5.0,
        "lat": 23.8829,
        "lon": 71.1915,
        "source": "WRI Power Database"
      }
    },
    {
      "type": "Feature",
      "geometry": {
        "type": "Point",
        "coordinates": [
          71.233,
          23.903
        ]
      },
      "properties": {
        "name": "ChSP} Kindle",
        "type": "Power Plant (Solar)",
        "category": "Thermal/Power Industry",
        "capacity_mw": 50.0,
        "lat": 23.903,
        "lon": 71.233,
        "source": "WRI Power Database"
      }
    },
    {
      "type": "Feature",
      "geometry": {
        "type": "Point",
        "coordinates": [
          71.215,
          23.901
        ]
      },
      "properties": {
        "name": "ChSP} Kiran",
        "type": "Power Plant (Solar)",
        "category": "Thermal/Power Industry",
        "capacity_mw": 20.1,
        "lat": 23.901,
        "lon": 71.215,
        "source": "WRI Power Database"
      }
    },
    {
      "type": "Feature",
      "geometry": {
        "type": "Point",
        "coordinates": [
          71.194,
          23.911
        ]
      },
      "properties": {
        "name": "ChSP} Lanco",
        "type": "Power Plant (Solar)",
        "category": "Thermal/Power Industry",
        "capacity_mw": 15.0,
        "lat": 23.911,
        "lon": 71.194,
        "source": "WRI Power Database"
      }
    },
    {
      "type": "Feature",
      "geometry": {
        "type": "Point",
        "coordinates": [
          71.222,
          23.908
        ]
      },
      "properties": {
        "name": "ChSP} MB",
        "type": "Power Plant (Solar)",
        "category": "Thermal/Power Industry",
        "capacity_mw": 25.0,
        "lat": 23.908,
        "lon": 71.222,
        "source": "WRI Power Database"
      }
    },
    {
      "type": "Feature",
      "geometry": {
        "type": "Point",
        "coordinates": [
          71.1935,
          23.8994
        ]
      },
      "properties": {
        "name": "ChSP} NKG",
        "type": "Power Plant (Solar)",
        "category": "Thermal/Power Industry",
        "capacity_mw": 10.0,
        "lat": 23.8994,
        "lon": 71.1935,
        "source": "WRI Power Database"
      }
    },
    {
      "type": "Feature",
      "geometry": {
        "type": "Point",
        "coordinates": [
          71.195,
          23.883
        ]
      },
      "properties": {
        "name": "ChSP} NSM_P2B4 GJ-O5/001",
        "type": "Power Plant (Solar)",
        "category": "Thermal/Power Industry",
        "capacity_mw": 50.0,
        "lat": 23.883,
        "lon": 71.195,
        "source": "WRI Power Database"
      }
    },
    {
      "type": "Feature",
      "geometry": {
        "type": "Point",
        "coordinates": [
          71.188,
          23.894
        ]
      },
      "properties": {
        "name": "ChSP} NSM_P2B4 GJ-O6/001",
        "type": "Power Plant (Solar)",
        "category": "Thermal/Power Industry",
        "capacity_mw": 50.0,
        "lat": 23.894,
        "lon": 71.188,
        "source": "WRI Power Database"
      }
    },
    {
      "type": "Feature",
      "geometry": {
        "type": "Point",
        "coordinates": [
          71.199,
          23.907
        ]
      },
      "properties": {
        "name": "ChSP} NSM_P2B4 GJ-O7/001",
        "type": "Power Plant (Solar)",
        "category": "Thermal/Power Industry",
        "capacity_mw": 50.0,
        "lat": 23.907,
        "lon": 71.199,
        "source": "WRI Power Database"
      }
    },
    {
      "type": "Feature",
      "geometry": {
        "type": "Point",
        "coordinates": [
          71.197,
          23.893
        ]
      },
      "properties": {
        "name": "ChSP} Orange B4",
        "type": "Power Plant (Solar)",
        "category": "Thermal/Power Industry",
        "capacity_mw": 40.0,
        "lat": 23.893,
        "lon": 71.197,
        "source": "WRI Power Database"
      }
    },
    {
      "type": "Feature",
      "geometry": {
        "type": "Point",
        "coordinates": [
          71.2107,
          23.9091
        ]
      },
      "properties": {
        "name": "ChSP} Palace",
        "type": "Power Plant (Solar)",
        "category": "Thermal/Power Industry",
        "capacity_mw": 15.0,
        "lat": 23.9091,
        "lon": 71.2107,
        "source": "WRI Power Database"
      }
    },
    {
      "type": "Feature",
      "geometry": {
        "type": "Point",
        "coordinates": [
          71.205,
          23.909
        ]
      },
      "properties": {
        "name": "ChSP} Renew B4",
        "type": "Power Plant (Solar)",
        "category": "Thermal/Power Industry",
        "capacity_mw": 40.0,
        "lat": 23.909,
        "lon": 71.205,
        "source": "WRI Power Database"
      }
    },
    {
      "type": "Feature",
      "geometry": {
        "type": "Point",
        "coordinates": [
          71.189,
          23.9145
        ]
      },
      "properties": {
        "name": "ChSP} Roha",
        "type": "Power Plant (Solar)",
        "category": "Thermal/Power Industry",
        "capacity_mw": 25.0,
        "lat": 23.9145,
        "lon": 71.189,
        "source": "WRI Power Database"
      }
    },
    {
      "type": "Feature",
      "geometry": {
        "type": "Point",
        "coordinates": [
          71.225,
          23.897
        ]
      },
      "properties": {
        "name": "ChSP} SJVNL",
        "type": "Power Plant (Solar)",
        "category": "Thermal/Power Industry",
        "capacity_mw": 25.0,
        "lat": 23.897,
        "lon": 71.225,
        "source": "WRI Power Database"
      }
    },
    {
      "type": "Feature",
      "geometry": {
        "type": "Point",
        "coordinates": [
          71.22,
          23.897
        ]
      },
      "properties": {
        "name": "ChSP} SJVNL1",
        "type": "Power Plant (Solar)",
        "category": "Thermal/Power Industry",
        "capacity_mw": 5.0,
        "lat": 23.897,
        "lon": 71.22,
        "source": "WRI Power Database"
      }
    },
    {
      "type": "Feature",
      "geometry": {
        "type": "Point",
        "coordinates": [
          71.225,
          23.897
        ]
      },
      "properties": {
        "name": "ChSP} SJVNL2",
        "type": "Power Plant (Solar)",
        "category": "Thermal/Power Industry",
        "capacity_mw": 20.0,
        "lat": 23.897,
        "lon": 71.225,
        "source": "WRI Power Database"
      }
    },
    {
      "type": "Feature",
      "geometry": {
        "type": "Point",
        "coordinates": [
          71.222,
          23.895
        ]
      },
      "properties": {
        "name": "ChSP} Sun Clean",
        "type": "Power Plant (Solar)",
        "category": "Thermal/Power Industry",
        "capacity_mw": 6.0,
        "lat": 23.895,
        "lon": 71.222,
        "source": "WRI Power Database"
      }
    },
    {
      "type": "Feature",
      "geometry": {
        "type": "Point",
        "coordinates": [
          71.209,
          23.9
        ]
      },
      "properties": {
        "name": "ChSP} SunEdison",
        "type": "Power Plant (Solar)",
        "category": "Thermal/Power Industry",
        "capacity_mw": 25.0,
        "lat": 23.9,
        "lon": 71.209,
        "source": "WRI Power Database"
      }
    },
    {
      "type": "Feature",
      "geometry": {
        "type": "Point",
        "coordinates": [
          71.2065,
          23.8896
        ]
      },
      "properties": {
        "name": "ChSP} Surana",
        "type": "Power Plant (Solar)",
        "category": "Thermal/Power Industry",
        "capacity_mw": 5.0,
        "lat": 23.8896,
        "lon": 71.2065,
        "source": "WRI Power Database"
      }
    },
    {
      "type": "Feature",
      "geometry": {
        "type": "Point",
        "coordinates": [
          71.206,
          23.929
        ]
      },
      "properties": {
        "name": "ChSP} Tata",
        "type": "Power Plant (Solar)",
        "category": "Thermal/Power Industry",
        "capacity_mw": 25.0,
        "lat": 23.929,
        "lon": 71.206,
        "source": "WRI Power Database"
      }
    },
    {
      "type": "Feature",
      "geometry": {
        "type": "Point",
        "coordinates": [
          71.211,
          23.893
        ]
      },
      "properties": {
        "name": "ChSP} Torrent",
        "type": "Power Plant (Solar)",
        "category": "Thermal/Power Industry",
        "capacity_mw": 51.0,
        "lat": 23.893,
        "lon": 71.211,
        "source": "WRI Power Database"
      }
    },
    {
      "type": "Feature",
      "geometry": {
        "type": "Point",
        "coordinates": [
          71.205,
          23.8929
        ]
      },
      "properties": {
        "name": "ChSP} Yantra",
        "type": "Power Plant (Solar)",
        "category": "Thermal/Power Industry",
        "capacity_mw": 4.9,
        "lat": 23.8929,
        "lon": 71.205,
        "source": "WRI Power Database"
      }
    },
    {
      "type": "Feature",
      "geometry": {
        "type": "Point",
        "coordinates": [
          71.209,
          23.9033
        ]
      },
      "properties": {
        "name": "ChSP} ZF",
        "type": "Power Plant (Solar)",
        "category": "Thermal/Power Industry",
        "capacity_mw": 5.0,
        "lat": 23.9033,
        "lon": 71.209,
        "source": "WRI Power Database"
      }
    },
    {
      "type": "Feature",
      "geometry": {
        "type": "Point",
        "coordinates": [
          71.566,
          23.695
        ]
      },
      "properties": {
        "name": "Chadiyana 10",
        "type": "Power Plant (Solar)",
        "category": "Thermal/Power Industry",
        "capacity_mw": 10.0,
        "lat": 23.695,
        "lon": 71.566,
        "source": "WRI Power Database"
      }
    },
    {
      "type": "Feature",
      "geometry": {
        "type": "Point",
        "coordinates": [
          71.5682,
          23.6924
        ]
      },
      "properties": {
        "name": "Chadiyana 5",
        "type": "Power Plant (Solar)",
        "category": "Thermal/Power Industry",
        "capacity_mw": 5.0,
        "lat": 23.6924,
        "lon": 71.5682,
        "source": "WRI Power Database"
      }
    },
    {
      "type": "Feature",
      "geometry": {
        "type": "Point",
        "coordinates": [
          77.266,
          15.524
        ]
      },
      "properties": {
        "name": "Chagi",
        "type": "Power Plant (Solar)",
        "category": "Thermal/Power Industry",
        "capacity_mw": 39.0,
        "lat": 15.524,
        "lon": 77.266,
        "source": "WRI Power Database"
      }
    },
    {
      "type": "Feature",
      "geometry": {
        "type": "Point",
        "coordinates": [
          80.332,
          25.558
        ]
      },
      "properties": {
        "name": "Chahitara",
        "type": "Power Plant (Solar)",
        "category": "Thermal/Power Industry",
        "capacity_mw": 20.0,
        "lat": 25.558,
        "lon": 80.332,
        "source": "WRI Power Database"
      }
    },
    {
      "type": "Feature",
      "geometry": {
        "type": "Point",
        "coordinates": [
          76.69,
          14.2
        ]
      },
      "properties": {
        "name": "Challakere",
        "type": "Power Plant (Solar)",
        "category": "Thermal/Power Industry",
        "capacity_mw": 10.0,
        "lat": 14.2,
        "lon": 76.69,
        "source": "WRI Power Database"
      }
    },
    {
      "type": "Feature",
      "geometry": {
        "type": "Point",
        "coordinates": [
          76.935,
          11.895
        ]
      },
      "properties": {
        "name": "Chamrajanagara",
        "type": "Power Plant (Solar)",
        "category": "Thermal/Power Industry",
        "capacity_mw": 20.0,
        "lat": 11.895,
        "lon": 76.935,
        "source": "WRI Power Database"
      }
    },
    {
      "type": "Feature",
      "geometry": {
        "type": "Point",
        "coordinates": [
          75.186,
          14.965
        ]
      },
      "properties": {
        "name": "Chandapur",
        "type": "Power Plant (Solar)",
        "category": "Thermal/Power Industry",
        "capacity_mw": 10.0,
        "lat": 14.965,
        "lon": 75.186,
        "source": "WRI Power Database"
      }
    },
    {
      "type": "Feature",
      "geometry": {
        "type": "Point",
        "coordinates": [
          79.2712,
          20.0209
        ]
      },
      "properties": {
        "name": "Chandrapur Solar Power Plant",
        "type": "Power Plant (Solar)",
        "category": "Thermal/Power Industry",
        "capacity_mw": 5.0,
        "lat": 20.0209,
        "lon": 79.2712,
        "source": "WRI Power Database"
      }
    },
    {
      "type": "Feature",
      "geometry": {
        "type": "Point",
        "coordinates": [
          77.108,
          12.696
        ]
      },
      "properties": {
        "name": "Channapatanna",
        "type": "Power Plant (Solar)",
        "category": "Thermal/Power Industry",
        "capacity_mw": 20.0,
        "lat": 12.696,
        "lon": 77.108,
        "source": "WRI Power Database"
      }
    },
    {
      "type": "Feature",
      "geometry": {
        "type": "Point",
        "coordinates": [
          71.1881,
          23.907
        ]
      },
      "properties": {
        "name": "Charanka Solar Power Plant",
        "type": "Power Plant (Solar)",
        "category": "Thermal/Power Industry",
        "capacity_mw": 221.0,
        "lat": 23.907,
        "lon": 71.1881,
        "source": "WRI Power Database"
      }
    },
    {
      "type": "Feature",
      "geometry": {
        "type": "Point",
        "coordinates": [
          76.215,
          18.97
        ]
      },
      "properties": {
        "name": "Chatgaon Telgaon",
        "type": "Power Plant (Solar)",
        "category": "Thermal/Power Industry",
        "capacity_mw": 50.0,
        "lat": 18.97,
        "lon": 76.215,
        "source": "WRI Power Database"
      }
    },
    {
      "type": "Feature",
      "geometry": {
        "type": "Point",
        "coordinates": [
          78.454,
          18.039
        ]
      },
      "properties": {
        "name": "Chegunta",
        "type": "Power Plant (Solar)",
        "category": "Thermal/Power Industry",
        "capacity_mw": 7.0,
        "lat": 18.039,
        "lon": 78.454,
        "source": "WRI Power Database"
      }
    },
    {
      "type": "Feature",
      "geometry": {
        "type": "Point",
        "coordinates": [
          78.947,
          12.344
        ]
      },
      "properties": {
        "name": "Chengam",
        "type": "Power Plant (Solar)",
        "category": "Thermal/Power Industry",
        "capacity_mw": 36.0,
        "lat": 12.344,
        "lon": 78.947,
        "source": "WRI Power Database"
      }
    },
    {
      "type": "Feature",
      "geometry": {
        "type": "Point",
        "coordinates": [
          79.727,
          18.783
        ]
      },
      "properties": {
        "name": "Chennur",
        "type": "Power Plant (Solar)",
        "category": "Thermal/Power Industry",
        "capacity_mw": 10.0,
        "lat": 18.783,
        "lon": 79.727,
        "source": "WRI Power Database"
      }
    },
    {
      "type": "Feature",
      "geometry": {
        "type": "Point",
        "coordinates": [
          70.4603,
          23.2443
        ]
      },
      "properties": {
        "name": "Chhadavada Wind Farm",
        "type": "Power Plant (Wind)",
        "category": "Thermal/Power Industry",
        "capacity_mw": 21.0,
        "lat": 23.2443,
        "lon": 70.4603,
        "source": "WRI Power Database"
      }
    },
    {
      "type": "Feature",
      "geometry": {
        "type": "Point",
        "coordinates": [
          86.385,
          23.385
        ]
      },
      "properties": {
        "name": "Chharrah",
        "type": "Power Plant (Solar)",
        "category": "Thermal/Power Industry",
        "capacity_mw": 10.0,
        "lat": 23.385,
        "lon": 86.385,
        "source": "WRI Power Database"
      }
    },
    {
      "type": "Feature",
      "geometry": {
        "type": "Point",
        "coordinates": [
          76.605,
          13.42
        ]
      },
      "properties": {
        "name": "Chikkanayakanahalli",
        "type": "Power Plant (Solar)",
        "category": "Thermal/Power Industry",
        "capacity_mw": 20.0,
        "lat": 13.42,
        "lon": 76.605,
        "source": "WRI Power Database"
      }
    },
    {
      "type": "Feature",
      "geometry": {
        "type": "Point",
        "coordinates": [
          74.551,
          16.449
        ]
      },
      "properties": {
        "name": "Chikkodi",
        "type": "Power Plant (Solar)",
        "category": "Thermal/Power Industry",
        "capacity_mw": 20.0,
        "lat": 16.449,
        "lon": 74.551,
        "source": "WRI Power Database"
      }
    },
    {
      "type": "Feature",
      "geometry": {
        "type": "Point",
        "coordinates": [
          77.723,
          17.683
        ]
      },
      "properties": {
        "name": "Chillkepally",
        "type": "Power Plant (Solar)",
        "category": "Thermal/Power Industry",
        "capacity_mw": 8.0,
        "lat": 17.683,
        "lon": 77.723,
        "source": "WRI Power Database"
      }
    },
    {
      "type": "Feature",
      "geometry": {
        "type": "Point",
        "coordinates": [
          79.684,
          27.608
        ]
      },
      "properties": {
        "name": "Chiluah",
        "type": "Power Plant (Solar)",
        "category": "Thermal/Power Industry",
        "capacity_mw": 10.0,
        "lat": 27.608,
        "lon": 79.684,
        "source": "WRI Power Database"
      }
    },
    {
      "type": "Feature",
      "geometry": {
        "type": "Point",
        "coordinates": [
          78.257,
          16.759
        ]
      },
      "properties": {
        "name": "Chilveru",
        "type": "Power Plant (Solar)",
        "category": "Thermal/Power Industry",
        "capacity_mw": 8.0,
        "lat": 16.759,
        "lon": 78.257,
        "source": "WRI Power Database"
      }
    },
    {
      "type": "Feature",
      "geometry": {
        "type": "Point",
        "coordinates": [
          77.381,
          17.402
        ]
      },
      "properties": {
        "name": "Chincholli",
        "type": "Power Plant (Solar)",
        "category": "Thermal/Power Industry",
        "capacity_mw": 20.0,
        "lat": 17.402,
        "lon": 77.381,
        "source": "WRI Power Database"
      }
    },
    {
      "type": "Feature",
      "geometry": {
        "type": "Point",
        "coordinates": [
          83.1107,
          20.6729
        ]
      },
      "properties": {
        "name": "Chingerbandh Solar Power Plant",
        "type": "Power Plant (Solar)",
        "category": "Thermal/Power Industry",
        "capacity_mw": 5.0,
        "lat": 20.6729,
        "lon": 83.1107,
        "source": "WRI Power Database"
      }
    },
    {
      "type": "Feature",
      "geometry": {
        "type": "Point",
        "coordinates": [
          77.055,
          17.235
        ]
      },
      "properties": {
        "name": "Chittapura",
        "type": "Power Plant (Solar)",
        "category": "Thermal/Power Industry",
        "capacity_mw": 20.0,
        "lat": 17.235,
        "lon": 77.055,
        "source": "WRI Power Database"
      }
    },
    {
      "type": "Feature",
      "geometry": {
        "type": "Point",
        "coordinates": [
          74.078,
          30.401
        ]
      },
      "properties": {
        "name": "Choharianwali",
        "type": "Power Plant (Solar)",
        "category": "Thermal/Power Industry",
        "capacity_mw": 25.0,
        "lat": 30.401,
        "lon": 74.078,
        "source": "WRI Power Database"
      }
    },
    {
      "type": "Feature",
      "geometry": {
        "type": "Point",
        "coordinates": [
          77.736,
          29.868
        ]
      },
      "properties": {
        "name": "Chudiyala Omkar 1",
        "type": "Power Plant (Solar)",
        "category": "Thermal/Power Industry",
        "capacity_mw": 10.0,
        "lat": 29.868,
        "lon": 77.736,
        "source": "WRI Power Database"
      }
    },
    {
      "type": "Feature",
      "geometry": {
        "type": "Point",
        "coordinates": [
          77.733,
          29.877
        ]
      },
      "properties": {
        "name": "Chudiyala Omkar 2",
        "type": "Power Plant (Solar)",
        "category": "Thermal/Power Industry",
        "capacity_mw": 10.0,
        "lat": 29.877,
        "lon": 77.733,
        "source": "WRI Power Database"
      }
    },
    {
      "type": "Feature",
      "geometry": {
        "type": "Point",
        "coordinates": [
          77.739,
          29.88
        ]
      },
      "properties": {
        "name": "Chudiyala Omkar 3",
        "type": "Power Plant (Solar)",
        "category": "Thermal/Power Industry",
        "capacity_mw": 10.0,
        "lat": 29.88,
        "lon": 77.739,
        "source": "WRI Power Database"
      }
    },
    {
      "type": "Feature",
      "geometry": {
        "type": "Point",
        "coordinates": [
          77.75,
          29.917
        ]
      },
      "properties": {
        "name": "Chudiyala Profigate 1",
        "type": "Power Plant (Solar)",
        "category": "Thermal/Power Industry",
        "capacity_mw": 5.0,
        "lat": 29.917,
        "lon": 77.75,
        "source": "WRI Power Database"
      }
    },
    {
      "type": "Feature",
      "geometry": {
        "type": "Point",
        "coordinates": [
          77.755,
          29.918
        ]
      },
      "properties": {
        "name": "Chudiyala Profigate 2",
        "type": "Power Plant (Solar)",
        "category": "Thermal/Power Industry",
        "capacity_mw": 5.0,
        "lat": 29.918,
        "lon": 77.755,
        "source": "WRI Power Database"
      }
    },
    {
      "type": "Feature",
      "geometry": {
        "type": "Point",
        "coordinates": [
          77.757,
          29.874
        ]
      },
      "properties": {
        "name": "Chudiyala Rays",
        "type": "Power Plant (Solar)",
        "category": "Thermal/Power Industry",
        "capacity_mw": 20.0,
        "lat": 29.874,
        "lon": 77.757,
        "source": "WRI Power Database"
      }
    },
    {
      "type": "Feature",
      "geometry": {
        "type": "Point",
        "coordinates": [
          75.055,
          19.505
        ]
      },
      "properties": {
        "name": "Chukoda",
        "type": "Power Plant (Solar)",
        "category": "Thermal/Power Industry",
        "capacity_mw": 50.0,
        "lat": 19.505,
        "lon": 75.055,
        "source": "WRI Power Database"
      }
    },
    {
      "type": "Feature",
      "geometry": {
        "type": "Point",
        "coordinates": [
          81.7,
          21.22
        ]
      },
      "properties": {
        "name": "Civil Lines",
        "type": "Power Plant (Solar)",
        "category": "Thermal/Power Industry",
        "capacity_mw": 10.0,
        "lat": 21.22,
        "lon": 81.7,
        "source": "WRI Power Database"
      }
    },
    {
      "type": "Feature",
      "geometry": {
        "type": "Point",
        "coordinates": [
          76.384,
          10.157
        ]
      },
      "properties": {
        "name": "Cochin COK",
        "type": "Power Plant (Solar)",
        "category": "Thermal/Power Industry",
        "capacity_mw": 12.0,
        "lat": 10.157,
        "lon": 76.384,
        "source": "WRI Power Database"
      }
    },
    {
      "type": "Feature",
      "geometry": {
        "type": "Point",
        "coordinates": [
          76.3907,
          10.149
        ]
      },
      "properties": {
        "name": "Cochin COK II",
        "type": "Power Plant (Solar)",
        "category": "Thermal/Power Industry",
        "capacity_mw": 10.0,
        "lat": 10.149,
        "lon": 76.3907,
        "source": "WRI Power Database"
      }
    },
    {
      "type": "Feature",
      "geometry": {
        "type": "Point",
        "coordinates": [
          76.95,
          11.143
        ]
      },
      "properties": {
        "name": "Coimbatore",
        "type": "Power Plant (Solar)",
        "category": "Thermal/Power Industry",
        "capacity_mw": 10.0,
        "lat": 11.143,
        "lon": 76.95,
        "source": "WRI Power Database"
      }
    },
    {
      "type": "Feature",
      "geometry": {
        "type": "Point",
        "coordinates": [
          87.3023,
          23.5211
        ]
      },
      "properties": {
        "name": "D.P.L.",
        "type": "Power Plant (Coal)",
        "category": "Thermal/Power Industry",
        "capacity_mw": 660.0,
        "lat": 23.5211,
        "lon": 87.3023,
        "source": "WRI Power Database"
      }
    },
    {
      "type": "Feature",
      "geometry": {
        "type": "Point",
        "coordinates": [
          77.6078,
          28.603
        ]
      },
      "properties": {
        "name": "DADRI (NCTPP)",
        "type": "Power Plant (Coal)",
        "category": "Thermal/Power Industry",
        "capacity_mw": 1820.0,
        "lat": 28.603,
        "lon": 77.6078,
        "source": "WRI Power Database"
      }
    },
    {
      "type": "Feature",
      "geometry": {
        "type": "Point",
        "coordinates": [
          77.6101,
          28.5932
        ]
      },
      "properties": {
        "name": "DADRI GT",
        "type": "Power Plant (Gas)",
        "category": "Thermal/Power Industry",
        "capacity_mw": 829.78,
        "lat": 28.5932,
        "lon": 77.6101,
        "source": "WRI Power Database"
      }
    },
    {
      "type": "Feature",
      "geometry": {
        "type": "Point",
        "coordinates": [
          75.6189,
          24.8747
        ]
      },
      "properties": {
        "name": "DAE RAJASTHAN",
        "type": "Power Plant (Nuclear)",
        "category": "Thermal/Power Industry",
        "capacity_mw": 100.0,
        "lat": 24.8747,
        "lon": 75.6189,
        "source": "WRI Power Database"
      }
    },
    {
      "type": "Feature",
      "geometry": {
        "type": "Point",
        "coordinates": [
          72.0091,
          26.7803
        ]
      },
      "properties": {
        "name": "DAHANU FRESNEL",
        "type": "Power Plant (Coal)",
        "category": "Thermal/Power Industry",
        "capacity_mw": 100.0,
        "lat": 26.7803,
        "lon": 72.0091,
        "source": "WRI Power Database"
      }
    },
    {
      "type": "Feature",
      "geometry": {
        "type": "Point",
        "coordinates": [
          80.1264,
          14.3444
        ]
      },
      "properties": {
        "name": "DAMODARAM SANJEEVAIAH",
        "type": "Power Plant (Coal)",
        "category": "Thermal/Power Industry",
        "capacity_mw": 1600.0,
        "lat": 14.3444,
        "lon": 80.1264,
        "source": "WRI Power Database"
      }
    },
    {
      "type": "Feature",
      "geometry": {
        "type": "Point",
        "coordinates": [
          76.377,
          15.1707
        ]
      },
      "properties": {
        "name": "DANAPUR BMM",
        "type": "Power Plant (Coal)",
        "category": "Thermal/Power Industry",
        "capacity_mw": 25.0,
        "lat": 15.1707,
        "lon": 76.377,
        "source": "WRI Power Database"
      }
    },
    {
      "type": "Feature",
      "geometry": {
        "type": "Point",
        "coordinates": [
          74.6338,
          18.4271
        ]
      },
      "properties": {
        "name": "DAUND SUGAR",
        "type": "Power Plant (Biomass)",
        "category": "Thermal/Power Industry",
        "capacity_mw": 30.0,
        "lat": 18.4271,
        "lon": 74.6338,
        "source": "WRI Power Database"
      }
    },
    {
      "type": "Feature",
      "geometry": {
        "type": "Point",
        "coordinates": [
          75.8808,
          14.3277
        ]
      },
      "properties": {
        "name": "DAVANGERE MILL",
        "type": "Power Plant (Biomass)",
        "category": "Thermal/Power Industry",
        "capacity_mw": 24.0,
        "lat": 14.3277,
        "lon": 75.8808,
        "source": "WRI Power Database"
      }
    },
    {
      "type": "Feature",
      "geometry": {
        "type": "Point",
        "coordinates": [
          76.8686,
          31.4133
        ]
      },
      "properties": {
        "name": "DEHAR",
        "type": "Power Plant (Hydro)",
        "category": "Thermal/Power Industry",
        "capacity_mw": 990.0,
        "lat": 31.4133,
        "lon": 76.8686,
        "source": "WRI Power Database"
      }
    },
    {
      "type": "Feature",
      "geometry": {
        "type": "Point",
        "coordinates": [
          84.9843,
          21.1238
        ]
      },
      "properties": {
        "name": "DERANG",
        "type": "Power Plant (Coal)",
        "category": "Thermal/Power Industry",
        "capacity_mw": 1200.0,
        "lat": 21.1238,
        "lon": 84.9843,
        "source": "WRI Power Database"
      }
    },
    {
      "type": "Feature",
      "geometry": {
        "type": "Point",
        "coordinates": [
          72.6215,
          21.6923
        ]
      },
      "properties": {
        "name": "DGEN MEGA CCCP",
        "type": "Power Plant (Gas)",
        "category": "Thermal/Power Industry",
        "capacity_mw": 1200.0,
        "lat": 21.6923,
        "lon": 72.6215,
        "source": "WRI Power Database"
      }
    },
    {
      "type": "Feature",
      "geometry": {
        "type": "Point",
        "coordinates": [
          77.7368,
          30.4561
        ]
      },
      "properties": {
        "name": "DHAKRANI",
        "type": "Power Plant (Hydro)",
        "category": "Thermal/Power Industry",
        "capacity_mw": 33.75,
        "lat": 30.4561,
        "lon": 77.7368,
        "source": "WRI Power Database"
      }
    },
    {
      "type": "Feature",
      "geometry": {
        "type": "Point",
        "coordinates": [
          77.6821,
          30.4354
        ]
      },
      "properties": {
        "name": "DHALIPUR",
        "type": "Power Plant (Hydro)",
        "category": "Thermal/Power Industry",
        "capacity_mw": 51.0,
        "lat": 30.4354,
        "lon": 77.6821,
        "source": "WRI Power Database"
      }
    },
    {
      "type": "Feature",
      "geometry": {
        "type": "Point",
        "coordinates": [
          72.7478,
          19.9545
        ]
      },
      "properties": {
        "name": "DHANU",
        "type": "Power Plant (Coal)",
        "category": "Thermal/Power Industry",
        "capacity_mw": 500.0,
        "lat": 19.9545,
        "lon": 72.7478,
        "source": "WRI Power Database"
      }
    },
    {
      "type": "Feature",
      "geometry": {
        "type": "Point",
        "coordinates": [
          79.2033,
          20.0102
        ]
      },
      "properties": {
        "name": "DHARIWAL INF TPP",
        "type": "Power Plant (Coal)",
        "category": "Thermal/Power Industry",
        "capacity_mw": 600.0,
        "lat": 20.0102,
        "lon": 79.2033,
        "source": "WRI Power Database"
      }
    },
    {
      "type": "Feature",
      "geometry": {
        "type": "Point",
        "coordinates": [
          80.5727,
          29.8783
        ]
      },
      "properties": {
        "name": "DHAULI GANGA",
        "type": "Power Plant (Hydro)",
        "category": "Thermal/Power Industry",
        "capacity_mw": 280.0,
        "lat": 29.8783,
        "lon": 80.5727,
        "source": "WRI Power Database"
      }
    },
    {
      "type": "Feature",
      "geometry": {
        "type": "Point",
        "coordinates": [
          77.8492,
          26.7024
        ]
      },
      "properties": {
        "name": "DHOLPUR",
        "type": "Power Plant (Gas)",
        "category": "Thermal/Power Industry",
        "capacity_mw": 330.0,
        "lat": 26.7024,
        "lon": 77.8492,
        "source": "WRI Power Database"
      }
    },
    {
      "type": "Feature",
      "geometry": {
        "type": "Point",
        "coordinates": [
          72.752,
          22.2396
        ]
      },
      "properties": {
        "name": "DHUVARAN CCPP",
        "type": "Power Plant (Gas)",
        "category": "Thermal/Power Industry",
        "capacity_mw": 595.2,
        "lat": 22.2396,
        "lon": 72.752,
        "source": "WRI Power Database"
      }
    },
    {
      "type": "Feature",
      "geometry": {
        "type": "Point",
        "coordinates": [
          73.004,
          19.1896
        ]
      },
      "properties": {
        "name": "DIGHE WORKS",
        "type": "Power Plant (Oil)",
        "category": "Thermal/Power Industry",
        "capacity_mw": 22.0,
        "lat": 19.1896,
        "lon": 73.004,
        "source": "WRI Power Database"
      }
    },
    {
      "type": "Feature",
      "geometry": {
        "type": "Point",
        "coordinates": [
          88.5247,
          27.4028
        ]
      },
      "properties": {
        "name": "DIKCHU",
        "type": "Power Plant (Hydro)",
        "category": "Thermal/Power Industry",
        "capacity_mw": 96.0,
        "lat": 27.4028,
        "lon": 88.5247,
        "source": "WRI Power Database"
      }
    },
    {
      "type": "Feature",
      "geometry": {
        "type": "Point",
        "coordinates": [
          92.9737,
          24.8271
        ]
      },
      "properties": {
        "name": "DLF",
        "type": "Power Plant (Gas)",
        "category": "Thermal/Power Industry",
        "capacity_mw": 15.5,
        "lat": 24.8271,
        "lon": 92.9737,
        "source": "WRI Power Database"
      }
    },
    {
      "type": "Feature",
      "geometry": {
        "type": "Point",
        "coordinates": [
          75.0382,
          19.4496
        ]
      },
      "properties": {
        "name": "DNYANESHWAR MILL",
        "type": "Power Plant (Biomass)",
        "category": "Thermal/Power Industry",
        "capacity_mw": 12.96,
        "lat": 19.4496,
        "lon": 75.0382,
        "source": "WRI Power Database"
      }
    },
    {
      "type": "Feature",
      "geometry": {
        "type": "Point",
        "coordinates": [
          73.039,
          18.69
        ]
      },
      "properties": {
        "name": "DOLVI ISPAT",
        "type": "Power Plant (Oil)",
        "category": "Thermal/Power Industry",
        "capacity_mw": 67.6,
        "lat": 18.69,
        "lon": 73.039,
        "source": "WRI Power Database"
      }
    },
    {
      "type": "Feature",
      "geometry": {
        "type": "Point",
        "coordinates": [
          81.8296,
          17.8994
        ]
      },
      "properties": {
        "name": "DONKARAYI",
        "type": "Power Plant (Hydro)",
        "category": "Thermal/Power Industry",
        "capacity_mw": 25.0,
        "lat": 17.8994,
        "lon": 81.8296,
        "source": "WRI Power Database"
      }
    },
    {
      "type": "Feature",
      "geometry": {
        "type": "Point",
        "coordinates": [
          94.2612,
          26.2325
        ]
      },
      "properties": {
        "name": "DOYANG",
        "type": "Power Plant (Hydro)",
        "category": "Thermal/Power Industry",
        "capacity_mw": 75.0,
        "lat": 26.2325,
        "lon": 94.2612,
        "source": "WRI Power Database"
      }
    },
    {
      "type": "Feature",
      "geometry": {
        "type": "Point",
        "coordinates": [
          74.0095,
          16.3537
        ]
      },
      "properties": {
        "name": "DUDH GANGA",
        "type": "Power Plant (Hydro)",
        "category": "Thermal/Power Industry",
        "capacity_mw": 24.0,
        "lat": 16.3537,
        "lon": 74.0095,
        "source": "WRI Power Database"
      }
    },
    {
      "type": "Feature",
      "geometry": {
        "type": "Point",
        "coordinates": [
          75.8448,
          14.6284
        ]
      },
      "properties": {
        "name": "DUGGAVATHI MILL",
        "type": "Power Plant (Biomass)",
        "category": "Thermal/Power Industry",
        "capacity_mw": 22.0,
        "lat": 14.6284,
        "lon": 75.8448,
        "source": "WRI Power Database"
      }
    },
    {
      "type": "Feature",
      "geometry": {
        "type": "Point",
        "coordinates": [
          75.7985,
          33.3691
        ]
      },
      "properties": {
        "name": "DULHASTI",
        "type": "Power Plant (Hydro)",
        "category": "Thermal/Power Industry",
        "capacity_mw": 390.0,
        "lat": 33.3691,
        "lon": 75.7985,
        "source": "WRI Power Database"
      }
    },
    {
      "type": "Feature",
      "geometry": {
        "type": "Point",
        "coordinates": [
          81.2099,
          21.1878
        ]
      },
      "properties": {
        "name": "DURG SPONGE IRON",
        "type": "Power Plant (Coal)",
        "category": "Thermal/Power Industry",
        "capacity_mw": 12.8,
        "lat": 21.1878,
        "lon": 81.2099,
        "source": "WRI Power Database"
      }
    },
    {
      "type": "Feature",
      "geometry": {
        "type": "Point",
        "coordinates": [
          87.25,
          23.531
        ]
      },
      "properties": {
        "name": "DURGAPUR",
        "type": "Power Plant (Coal)",
        "category": "Thermal/Power Industry",
        "capacity_mw": 210.0,
        "lat": 23.531,
        "lon": 87.25,
        "source": "WRI Power Database"
      }
    },
    {
      "type": "Feature",
      "geometry": {
        "type": "Point",
        "coordinates": [
          87.2043,
          23.58
        ]
      },
      "properties": {
        "name": "DURGAPUR STEEL TPS",
        "type": "Power Plant (Coal)",
        "category": "Thermal/Power Industry",
        "capacity_mw": 1000.0,
        "lat": 23.58,
        "lon": 87.2043,
        "source": "WRI Power Database"
      }
    },
    {
      "type": "Feature",
      "geometry": {
        "type": "Point",
        "coordinates": [
          77.6099,
          28.5915
        ]
      },
      "properties": {
        "name": "Dadri ISCC",
        "type": "Power Plant (Solar)",
        "category": "Thermal/Power Industry",
        "capacity_mw": 14.0,
        "lat": 28.5915,
        "lon": 77.6099,
        "source": "WRI Power Database"
      }
    },
    {
      "type": "Feature",
      "geometry": {
        "type": "Point",
        "coordinates": [
          77.6314,
          28.5787
        ]
      },
      "properties": {
        "name": "Dadri Solar Power Plant",
        "type": "Power Plant (Solar)",
        "category": "Thermal/Power Industry",
        "capacity_mw": 5.0,
        "lat": 28.5787,
        "lon": 77.6314,
        "source": "WRI Power Database"
      }
    },
    {
      "type": "Feature",
      "geometry": {
        "type": "Point",
        "coordinates": [
          72.604,
          21.694
        ]
      },
      "properties": {
        "name": "Dahej",
        "type": "Power Plant (Solar)",
        "category": "Thermal/Power Industry",
        "capacity_mw": 10.0,
        "lat": 21.694,
        "lon": 72.604,
        "source": "WRI Power Database"
      }
    },
    {
      "type": "Feature",
      "geometry": {
        "type": "Point",
        "coordinates": [
          72.62,
          22.065
        ]
      },
      "properties": {
        "name": "Dahri",
        "type": "Power Plant (Solar)",
        "category": "Thermal/Power Industry",
        "capacity_mw": 25.0,
        "lat": 22.065,
        "lon": 72.62,
        "source": "WRI Power Database"
      }
    },
    {
      "type": "Feature",
      "geometry": {
        "type": "Point",
        "coordinates": [
          71.522,
          23.925
        ]
      },
      "properties": {
        "name": "Daisar",
        "type": "Power Plant (Solar)",
        "category": "Thermal/Power Industry",
        "capacity_mw": 20.0,
        "lat": 23.925,
        "lon": 71.522,
        "source": "WRI Power Database"
      }
    },
    {
      "type": "Feature",
      "geometry": {
        "type": "Point",
        "coordinates": [
          79.425,
          25.89
        ]
      },
      "properties": {
        "name": "Dakor",
        "type": "Power Plant (Solar)",
        "category": "Thermal/Power Industry",
        "capacity_mw": 40.0,
        "lat": 25.89,
        "lon": 79.425,
        "source": "WRI Power Database"
      }
    },
    {
      "type": "Feature",
      "geometry": {
        "type": "Point",
        "coordinates": [
          75.327,
          23.982
        ]
      },
      "properties": {
        "name": "Dammakhedi",
        "type": "Power Plant (Solar)",
        "category": "Thermal/Power Industry",
        "capacity_mw": 45.4,
        "lat": 23.982,
        "lon": 75.327,
        "source": "WRI Power Database"
      }
    },
    {
      "type": "Feature",
      "geometry": {
        "type": "Point",
        "coordinates": [
          75.336,
          23.98
        ]
      },
      "properties": {
        "name": "Dammakhedi Fixed",
        "type": "Power Plant (Solar)",
        "category": "Thermal/Power Industry",
        "capacity_mw": 20.0,
        "lat": 23.98,
        "lon": 75.336,
        "source": "WRI Power Database"
      }
    },
    {
      "type": "Feature",
      "geometry": {
        "type": "Point",
        "coordinates": [
          75.327,
          23.982
        ]
      },
      "properties": {
        "name": "Dammakhedi Tracker",
        "type": "Power Plant (Solar)",
        "category": "Thermal/Power Industry",
        "capacity_mw": 31.0,
        "lat": 23.982,
        "lon": 75.327,
        "source": "WRI Power Database"
      }
    },
    {
      "type": "Feature",
      "geometry": {
        "type": "Point",
        "coordinates": [
          74.6283,
          15.2529
        ]
      },
      "properties": {
        "name": "Dandeli Mill",
        "type": "Power Plant (Gas)",
        "category": "Thermal/Power Industry",
        "capacity_mw": 20.0,
        "lat": 15.2529,
        "lon": 74.6283,
        "source": "WRI Power Database"
      }
    },
    {
      "type": "Feature",
      "geometry": {
        "type": "Point",
        "coordinates": [
          74.132,
          24.954
        ]
      },
      "properties": {
        "name": "Dariba",
        "type": "Power Plant (Solar)",
        "category": "Thermal/Power Industry",
        "capacity_mw": 4.8,
        "lat": 24.954,
        "lon": 74.132,
        "source": "WRI Power Database"
      }
    },
    {
      "type": "Feature",
      "geometry": {
        "type": "Point",
        "coordinates": [
          84.686,
          24.599
        ]
      },
      "properties": {
        "name": "Daudpur",
        "type": "Power Plant (Solar)",
        "category": "Thermal/Power Industry",
        "capacity_mw": 25.0,
        "lat": 24.599,
        "lon": 84.686,
        "source": "WRI Power Database"
      }
    },
    {
      "type": "Feature",
      "geometry": {
        "type": "Point",
        "coordinates": [
          74.039,
          30.087
        ]
      },
      "properties": {
        "name": "Daulat Pura",
        "type": "Power Plant (Solar)",
        "category": "Thermal/Power Industry",
        "capacity_mw": 25.0,
        "lat": 30.087,
        "lon": 74.039,
        "source": "WRI Power Database"
      }
    },
    {
      "type": "Feature",
      "geometry": {
        "type": "Point",
        "coordinates": [
          73.821,
          24.6
        ]
      },
      "properties": {
        "name": "Debari",
        "type": "Power Plant (Solar)",
        "category": "Thermal/Power Industry",
        "capacity_mw": 12.0,
        "lat": 24.6,
        "lon": 73.821,
        "source": "WRI Power Database"
      }
    },
    {
      "type": "Feature",
      "geometry": {
        "type": "Point",
        "coordinates": [
          72.958,
          27.894
        ]
      },
      "properties": {
        "name": "Deh OWM",
        "type": "Power Plant (Solar)",
        "category": "Thermal/Power Industry",
        "capacity_mw": 5.0,
        "lat": 27.894,
        "lon": 72.958,
        "source": "WRI Power Database"
      }
    },
    {
      "type": "Feature",
      "geometry": {
        "type": "Point",
        "coordinates": [
          72.8899,
          27.9253
        ]
      },
      "properties": {
        "name": "Deh Solar Power Plant",
        "type": "Power Plant (Solar)",
        "category": "Thermal/Power Industry",
        "capacity_mw": 2.0,
        "lat": 27.9253,
        "lon": 72.8899,
        "source": "WRI Power Database"
      }
    },
    {
      "type": "Feature",
      "geometry": {
        "type": "Point",
        "coordinates": [
          72.953,
          27.907
        ]
      },
      "properties": {
        "name": "Deh Welspun",
        "type": "Power Plant (Solar)",
        "category": "Thermal/Power Industry",
        "capacity_mw": 5.0,
        "lat": 27.907,
        "lon": 72.953,
        "source": "WRI Power Database"
      }
    },
    {
      "type": "Feature",
      "geometry": {
        "type": "Point",
        "coordinates": [
          76.023,
          23.985
        ]
      },
      "properties": {
        "name": "Dehriya Susner",
        "type": "Power Plant (Solar)",
        "category": "Thermal/Power Industry",
        "capacity_mw": 10.0,
        "lat": 23.985,
        "lon": 76.023,
        "source": "WRI Power Database"
      }
    },
    {
      "type": "Feature",
      "geometry": {
        "type": "Point",
        "coordinates": [
          77.085,
          28.555
        ]
      },
      "properties": {
        "name": "Delhi DEL II",
        "type": "Power Plant (Solar)",
        "category": "Thermal/Power Industry",
        "capacity_mw": 5.7,
        "lat": 28.555,
        "lon": 77.085,
        "source": "WRI Power Database"
      }
    },
    {
      "type": "Feature",
      "geometry": {
        "type": "Point",
        "coordinates": [
          75.33,
          31.545
        ]
      },
      "properties": {
        "name": "Dera Baba Jaimal Singh",
        "type": "Power Plant (Solar)",
        "category": "Thermal/Power Industry",
        "capacity_mw": 12.0,
        "lat": 31.545,
        "lon": 75.33,
        "source": "WRI Power Database"
      }
    },
    {
      "type": "Feature",
      "geometry": {
        "type": "Point",
        "coordinates": [
          77.107,
          16.406
        ]
      },
      "properties": {
        "name": "Devadurga",
        "type": "Power Plant (Solar)",
        "category": "Thermal/Power Industry",
        "capacity_mw": 20.0,
        "lat": 16.406,
        "lon": 77.107,
        "source": "WRI Power Database"
      }
    },
    {
      "type": "Feature",
      "geometry": {
        "type": "Point",
        "coordinates": [
          74.6215,
          23.964
        ]
      },
      "properties": {
        "name": "Devgarh Wind Farm",
        "type": "Power Plant (Wind)",
        "category": "Thermal/Power Industry",
        "capacity_mw": 37.5,
        "lat": 23.964,
        "lon": 74.6215,
        "source": "WRI Power Database"
      }
    },
    {
      "type": "Feature",
      "geometry": {
        "type": "Point",
        "coordinates": [
          75.8988,
          23.8267
        ]
      },
      "properties": {
        "name": "Dhabla Sondhya Solar Power Plant",
        "type": "Power Plant (Solar)",
        "category": "Thermal/Power Industry",
        "capacity_mw": 28.2,
        "lat": 23.8267,
        "lon": 75.8988,
        "source": "WRI Power Database"
      }
    },
    {
      "type": "Feature",
      "geometry": {
        "type": "Point",
        "coordinates": [
          71.661,
          23.382
        ]
      },
      "properties": {
        "name": "Dhama",
        "type": "Power Plant (Solar)",
        "category": "Thermal/Power Industry",
        "capacity_mw": 9.3,
        "lat": 23.382,
        "lon": 71.661,
        "source": "WRI Power Database"
      }
    },
    {
      "type": "Feature",
      "geometry": {
        "type": "Point",
        "coordinates": [
          71.6593,
          23.3754
        ]
      },
      "properties": {
        "name": "Dhama Azure",
        "type": "Power Plant (Solar)",
        "category": "Thermal/Power Industry",
        "capacity_mw": 5.0,
        "lat": 23.3754,
        "lon": 71.6593,
        "source": "WRI Power Database"
      }
    },
    {
      "type": "Feature",
      "geometry": {
        "type": "Point",
        "coordinates": [
          71.651,
          23.374
        ]
      },
      "properties": {
        "name": "Dhama ESP",
        "type": "Power Plant (Solar)",
        "category": "Thermal/Power Industry",
        "capacity_mw": 5.0,
        "lat": 23.374,
        "lon": 71.651,
        "source": "WRI Power Database"
      }
    },
    {
      "type": "Feature",
      "geometry": {
        "type": "Point",
        "coordinates": [
          70.906,
          22.357
        ]
      },
      "properties": {
        "name": "Dhamalpur",
        "type": "Power Plant (Solar)",
        "category": "Thermal/Power Industry",
        "capacity_mw": 6.0,
        "lat": 22.357,
        "lon": 70.906,
        "source": "WRI Power Database"
      }
    },
    {
      "type": "Feature",
      "geometry": {
        "type": "Point",
        "coordinates": [
          72.1999,
          24.5216
        ]
      },
      "properties": {
        "name": "Dhanera Solar Power Plant",
        "type": "Power Plant (Solar)",
        "category": "Thermal/Power Industry",
        "capacity_mw": 25.0,
        "lat": 24.5216,
        "lon": 72.1999,
        "source": "WRI Power Database"
      }
    },
    {
      "type": "Feature",
      "geometry": {
        "type": "Point",
        "coordinates": [
          70.0773,
          21.7766
        ]
      },
      "properties": {
        "name": "Dhank - Aravali Solar Power Plant",
        "type": "Power Plant (Solar)",
        "category": "Thermal/Power Industry",
        "capacity_mw": 5.0,
        "lat": 21.7766,
        "lon": 70.0773,
        "source": "WRI Power Database"
      }
    },
    {
      "type": "Feature",
      "geometry": {
        "type": "Point",
        "coordinates": [
          70.099,
          21.748
        ]
      },
      "properties": {
        "name": "Dhank CSTPL",
        "type": "Power Plant (Solar)",
        "category": "Thermal/Power Industry",
        "capacity_mw": 10.0,
        "lat": 21.748,
        "lon": 70.099,
        "source": "WRI Power Database"
      }
    },
    {
      "type": "Feature",
      "geometry": {
        "type": "Point",
        "coordinates": [
          70.102,
          21.741
        ]
      },
      "properties": {
        "name": "Dhank GGEPL",
        "type": "Power Plant (Solar)",
        "category": "Thermal/Power Industry",
        "capacity_mw": 25.0,
        "lat": 21.741,
        "lon": 70.102,
        "source": "WRI Power Database"
      }
    },
    {
      "type": "Feature",
      "geometry": {
        "type": "Point",
        "coordinates": [
          72.0083,
          26.7846
        ]
      },
      "properties": {
        "name": "Dhursar",
        "type": "Power Plant (Solar)",
        "category": "Thermal/Power Industry",
        "capacity_mw": 125.0,
        "lat": 26.7846,
        "lon": 72.0083,
        "source": "WRI Power Database"
      }
    },
    {
      "type": "Feature",
      "geometry": {
        "type": "Point",
        "coordinates": [
          78.24,
          18.635
        ]
      },
      "properties": {
        "name": "Dichpally",
        "type": "Power Plant (Solar)",
        "category": "Thermal/Power Industry",
        "capacity_mw": 143.0,
        "lat": 18.635,
        "lon": 78.24,
        "source": "WRI Power Database"
      }
    },
    {
      "type": "Feature",
      "geometry": {
        "type": "Point",
        "coordinates": [
          71.442,
          22.725
        ]
      },
      "properties": {
        "name": "Digsar A",
        "type": "Power Plant (Solar)",
        "category": "Thermal/Power Industry",
        "capacity_mw": 25.0,
        "lat": 22.725,
        "lon": 71.442,
        "source": "WRI Power Database"
      }
    },
    {
      "type": "Feature",
      "geometry": {
        "type": "Point",
        "coordinates": [
          70.954,
          20.707
        ]
      },
      "properties": {
        "name": "Diu",
        "type": "Power Plant (Solar)",
        "category": "Thermal/Power Industry",
        "capacity_mw": 9.0,
        "lat": 20.707,
        "lon": 70.954,
        "source": "WRI Power Database"
      }
    },
    {
      "type": "Feature",
      "geometry": {
        "type": "Point",
        "coordinates": [
          71.6917,
          27.7355
        ]
      },
      "properties": {
        "name": "Diwakar",
        "type": "Power Plant (Solar)",
        "category": "Thermal/Power Industry",
        "capacity_mw": 100.0,
        "lat": 27.7355,
        "lon": 71.6917,
        "source": "WRI Power Database"
      }
    },
    {
      "type": "Feature",
      "geometry": {
        "type": "Point",
        "coordinates": [
          78.469,
          18.276
        ]
      },
      "properties": {
        "name": "Domagunda Mytrah",
        "type": "Power Plant (Solar)",
        "category": "Thermal/Power Industry",
        "capacity_mw": 15.0,
        "lat": 18.276,
        "lon": 78.469,
        "source": "WRI Power Database"
      }
    },
    {
      "type": "Feature",
      "geometry": {
        "type": "Point",
        "coordinates": [
          78.084,
          16.887
        ]
      },
      "properties": {
        "name": "Dondlapalle",
        "type": "Power Plant (Solar)",
        "category": "Thermal/Power Industry",
        "capacity_mw": 25.0,
        "lat": 16.887,
        "lon": 78.084,
        "source": "WRI Power Database"
      }
    },
    {
      "type": "Feature",
      "geometry": {
        "type": "Point",
        "coordinates": [
          72.651,
          26.2776
        ]
      },
      "properties": {
        "name": "Dugar Solar Power Plant",
        "type": "Power Plant (Solar)",
        "category": "Thermal/Power Industry",
        "capacity_mw": 1.0,
        "lat": 26.2776,
        "lon": 72.651,
        "source": "WRI Power Database"
      }
    },
    {
      "type": "Feature",
      "geometry": {
        "type": "Point",
        "coordinates": [
          81.275,
          21.523
        ]
      },
      "properties": {
        "name": "Durg",
        "type": "Power Plant (Solar)",
        "category": "Thermal/Power Industry",
        "capacity_mw": 10.0,
        "lat": 21.523,
        "lon": 81.275,
        "source": "WRI Power Database"
      }
    },
    {
      "type": "Feature",
      "geometry": {
        "type": "Point",
        "coordinates": [
          81.275,
          21.523
        ]
      },
      "properties": {
        "name": "Durg II",
        "type": "Power Plant (Solar)",
        "category": "Thermal/Power Industry",
        "capacity_mw": 10.0,
        "lat": 21.523,
        "lon": 81.275,
        "source": "WRI Power Database"
      }
    },
    {
      "type": "Feature",
      "geometry": {
        "type": "Point",
        "coordinates": [
          81.275,
          21.523
        ]
      },
      "properties": {
        "name": "Durg III",
        "type": "Power Plant (Solar)",
        "category": "Thermal/Power Industry",
        "capacity_mw": 10.0,
        "lat": 21.523,
        "lon": 81.275,
        "source": "WRI Power Database"
      }
    },
    {
      "type": "Feature",
      "geometry": {
        "type": "Point",
        "coordinates": [
          81.275,
          21.523
        ]
      },
      "properties": {
        "name": "Durg IV",
        "type": "Power Plant (Solar)",
        "category": "Thermal/Power Industry",
        "capacity_mw": 30.0,
        "lat": 21.523,
        "lon": 81.275,
        "source": "WRI Power Database"
      }
    },
    {
      "type": "Feature",
      "geometry": {
        "type": "Point",
        "coordinates": [
          71.995,
          27.348
        ]
      },
      "properties": {
        "name": "Durjani A",
        "type": "Power Plant (Solar)",
        "category": "Thermal/Power Industry",
        "capacity_mw": 20.0,
        "lat": 27.348,
        "lon": 71.995,
        "source": "WRI Power Database"
      }
    },
    {
      "type": "Feature",
      "geometry": {
        "type": "Point",
        "coordinates": [
          76.733,
          19.7197
        ]
      },
      "properties": {
        "name": "ELDARI",
        "type": "Power Plant (Hydro)",
        "category": "Thermal/Power Industry",
        "capacity_mw": 22.5,
        "lat": 19.7197,
        "lon": 76.733,
        "source": "WRI Power Database"
      }
    },
    {
      "type": "Feature",
      "geometry": {
        "type": "Point",
        "coordinates": [
          73.9269,
          16.8265
        ]
      },
      "properties": {
        "name": "EMCO Sonurle Wind Farm",
        "type": "Power Plant (Wind)",
        "category": "Thermal/Power Industry",
        "capacity_mw": 9.0,
        "lat": 16.8265,
        "lon": 73.9269,
        "source": "WRI Power Database"
      }
    },
    {
      "type": "Feature",
      "geometry": {
        "type": "Point",
        "coordinates": [
          72.655,
          21.111
        ]
      },
      "properties": {
        "name": "ESSAR GT IMP.",
        "type": "Power Plant (Gas)",
        "category": "Thermal/Power Industry",
        "capacity_mw": 515.0,
        "lat": 21.111,
        "lon": 72.655,
        "source": "WRI Power Database"
      }
    },
    {
      "type": "Feature",
      "geometry": {
        "type": "Point",
        "coordinates": [
          78.335,
          16.78
        ]
      },
      "properties": {
        "name": "Eenadu",
        "type": "Power Plant (Solar)",
        "category": "Thermal/Power Industry",
        "capacity_mw": 6.5,
        "lat": 16.78,
        "lon": 78.335,
        "source": "WRI Power Database"
      }
    },
    {
      "type": "Feature",
      "geometry": {
        "type": "Point",
        "coordinates": [
          77.689,
          10.134
        ]
      },
      "properties": {
        "name": "Eluvanampatty",
        "type": "Power Plant (Solar)",
        "category": "Thermal/Power Industry",
        "capacity_mw": 30.0,
        "lat": 10.134,
        "lon": 77.689,
        "source": "WRI Power Database"
      }
    },
    {
      "type": "Feature",
      "geometry": {
        "type": "Point",
        "coordinates": [
          69.8442,
          22.1421
        ]
      },
      "properties": {
        "name": "Enercon Babarzar Wind Farm",
        "type": "Power Plant (Wind)",
        "category": "Thermal/Power Industry",
        "capacity_mw": 11.2,
        "lat": 22.1421,
        "lon": 69.8442,
        "source": "WRI Power Database"
      }
    },
    {
      "type": "Feature",
      "geometry": {
        "type": "Point",
        "coordinates": [
          76.5137,
          13.7276
        ]
      },
      "properties": {
        "name": "Enercon Chitradurga Wind Farm",
        "type": "Power Plant (Wind)",
        "category": "Thermal/Power Industry",
        "capacity_mw": 68.8,
        "lat": 13.7276,
        "lon": 76.5137,
        "source": "WRI Power Database"
      }
    },
    {
      "type": "Feature",
      "geometry": {
        "type": "Point",
        "coordinates": [
          73.7839,
          19.6274
        ]
      },
      "properties": {
        "name": "Enercon Sonoshi Wind Farm",
        "type": "Power Plant (Wind)",
        "category": "Thermal/Power Industry",
        "capacity_mw": 20.0,
        "lat": 19.6274,
        "lon": 73.7839,
        "source": "WRI Power Database"
      }
    },
    {
      "type": "Feature",
      "geometry": {
        "type": "Point",
        "coordinates": [
          77.605,
          8.853
        ]
      },
      "properties": {
        "name": "Ettankulam",
        "type": "Power Plant (Solar)",
        "category": "Thermal/Power Industry",
        "capacity_mw": 20.0,
        "lat": 8.853,
        "lon": 77.605,
        "source": "WRI Power Database"
      }
    },
    {
      "type": "Feature",
      "geometry": {
        "type": "Point",
        "coordinates": [
          87.894,
          24.772
        ]
      },
      "properties": {
        "name": "FARAKKA STPS",
        "type": "Power Plant (Coal)",
        "category": "Thermal/Power Industry",
        "capacity_mw": 2100.0,
        "lat": 24.772,
        "lon": 87.894,
        "source": "WRI Power Database"
      }
    },
    {
      "type": "Feature",
      "geometry": {
        "type": "Point",
        "coordinates": [
          77.3615,
          28.3452
        ]
      },
      "properties": {
        "name": "F_BAD CCGT",
        "type": "Power Plant (Gas)",
        "category": "Thermal/Power Industry",
        "capacity_mw": 431.586,
        "lat": 28.3452,
        "lon": 77.3615,
        "source": "WRI Power Database"
      }
    },
    {
      "type": "Feature",
      "geometry": {
        "type": "Point",
        "coordinates": [
          71.639,
          23.396
        ]
      },
      "properties": {
        "name": "Fatepur Emco",
        "type": "Power Plant (Solar)",
        "category": "Thermal/Power Industry",
        "capacity_mw": 5.0,
        "lat": 23.396,
        "lon": 71.639,
        "source": "WRI Power Database"
      }
    },
    {
      "type": "Feature",
      "geometry": {
        "type": "Point",
        "coordinates": [
          71.62,
          23.419
        ]
      },
      "properties": {
        "name": "Fatepur MySolar",
        "type": "Power Plant (Solar)",
        "category": "Thermal/Power Industry",
        "capacity_mw": 30.0,
        "lat": 23.419,
        "lon": 71.62,
        "source": "WRI Power Database"
      }
    },
    {
      "type": "Feature",
      "geometry": {
        "type": "Point",
        "coordinates": [
          77.6458,
          9.1269
        ]
      },
      "properties": {
        "name": "Frost International Palankottai Wind Farm",
        "type": "Power Plant (Wind)",
        "category": "Thermal/Power Industry",
        "capacity_mw": 4.25,
        "lat": 9.1269,
        "lon": 77.6458,
        "source": "WRI Power Database"
      }
    },
    {
      "type": "Feature",
      "geometry": {
        "type": "Point",
        "coordinates": [
          73.1017,
          22.3758
        ]
      },
      "properties": {
        "name": "G.I.P.C.L. GT",
        "type": "Power Plant (Gas)",
        "category": "Thermal/Power Industry",
        "capacity_mw": 310.0,
        "lat": 22.3758,
        "lon": 73.1017,
        "source": "WRI Power Database"
      }
    },
    {
      "type": "Feature",
      "geometry": {
        "type": "Point",
        "coordinates": [
          69.9494,
          23.0272
        ]
      },
      "properties": {
        "name": "GACL Kutch Wind Farm",
        "type": "Power Plant (Wind)",
        "category": "Thermal/Power Industry",
        "capacity_mw": 39.0,
        "lat": 23.0272,
        "lon": 69.9494,
        "source": "WRI Power Database"
      }
    },
    {
      "type": "Feature",
      "geometry": {
        "type": "Point",
        "coordinates": [
          78.8648,
          22.8618
        ]
      },
      "properties": {
        "name": "GADARWARA",
        "type": "Power Plant (Coal)",
        "category": "Thermal/Power Industry",
        "capacity_mw": 800.0,
        "lat": 22.8618,
        "lon": 78.8648,
        "source": "WRI Power Database"
      }
    },
    {
      "type": "Feature",
      "geometry": {
        "type": "Point",
        "coordinates": [
          76.182,
          25.1521
        ]
      },
      "properties": {
        "name": "GADEPAN WORKS",
        "type": "Power Plant (Gas)",
        "category": "Thermal/Power Industry",
        "capacity_mw": 35.0,
        "lat": 25.1521,
        "lon": 76.182,
        "source": "WRI Power Database"
      }
    },
    {
      "type": "Feature",
      "geometry": {
        "type": "Point",
        "coordinates": [
          76.2787,
          32.2417
        ]
      },
      "properties": {
        "name": "GAJ",
        "type": "Power Plant (Hydro)",
        "category": "Thermal/Power Industry",
        "capacity_mw": 10.5,
        "lat": 32.2417,
        "lon": 76.2787,
        "source": "WRI Power Database"
      }
    },
    {
      "type": "Feature",
      "geometry": {
        "type": "Point",
        "coordinates": [
          78.9632,
          29.1411
        ]
      },
      "properties": {
        "name": "GAMA CCPP  Module - 1",
        "type": "Power Plant (Gas)",
        "category": "Thermal/Power Industry",
        "capacity_mw": 225.0,
        "lat": 29.1411,
        "lon": 78.9632,
        "source": "WRI Power Database"
      }
    },
    {
      "type": "Feature",
      "geometry": {
        "type": "Point",
        "coordinates": [
          73.1136,
          21.8242
        ]
      },
      "properties": {
        "name": "GANDHAR GT",
        "type": "Power Plant (Gas)",
        "category": "Thermal/Power Industry",
        "capacity_mw": 648.0,
        "lat": 21.8242,
        "lon": 73.1136,
        "source": "WRI Power Database"
      }
    },
    {
      "type": "Feature",
      "geometry": {
        "type": "Point",
        "coordinates": [
          74.7781,
          34.2236
        ]
      },
      "properties": {
        "name": "GANDHARBAL",
        "type": "Power Plant (Hydro)",
        "category": "Thermal/Power Industry",
        "capacity_mw": 15.0,
        "lat": 34.2236,
        "lon": 74.7781,
        "source": "WRI Power Database"
      }
    },
    {
      "type": "Feature",
      "geometry": {
        "type": "Point",
        "coordinates": [
          72.6765,
          25.2502
        ]
      },
      "properties": {
        "name": "GANDHI NAGAR",
        "type": "Power Plant (Coal)",
        "category": "Thermal/Power Industry",
        "capacity_mw": 630.0,
        "lat": 25.2502,
        "lon": 72.6765,
        "source": "WRI Power Database"
      }
    },
    {
      "type": "Feature",
      "geometry": {
        "type": "Point",
        "coordinates": [
          75.5529,
          24.6997
        ]
      },
      "properties": {
        "name": "GANDHI SAGAR",
        "type": "Power Plant (Hydro)",
        "category": "Thermal/Power Industry",
        "capacity_mw": 115.0,
        "lat": 24.6997,
        "lon": 75.5529,
        "source": "WRI Power Database"
      }
    },
    {
      "type": "Feature",
      "geometry": {
        "type": "Point",
        "coordinates": [
          76.492,
          31.268
        ]
      },
      "properties": {
        "name": "GANGUWAL",
        "type": "Power Plant (Hydro)",
        "category": "Thermal/Power Industry",
        "capacity_mw": 77.65,
        "lat": 31.268,
        "lon": 76.492,
        "source": "WRI Power Database"
      }
    },
    {
      "type": "Feature",
      "geometry": {
        "type": "Point",
        "coordinates": [
          82.1286,
          17.0386
        ]
      },
      "properties": {
        "name": "GAUTAMI CCCP",
        "type": "Power Plant (Gas)",
        "category": "Thermal/Power Industry",
        "capacity_mw": 468.57,
        "lat": 17.0386,
        "lon": 82.1286,
        "source": "WRI Power Database"
      }
    },
    {
      "type": "Feature",
      "geometry": {
        "type": "Point",
        "coordinates": [
          79.104,
          19.9324
        ]
      },
      "properties": {
        "name": "GEPL",
        "type": "Power Plant (Coal)",
        "category": "Thermal/Power Industry",
        "capacity_mw": 120.0,
        "lat": 19.9324,
        "lon": 79.104,
        "source": "WRI Power Database"
      }
    },
    {
      "type": "Feature",
      "geometry": {
        "type": "Point",
        "coordinates": [
          73.9765,
          17.1309
        ]
      },
      "properties": {
        "name": "GFL Gudhepanchgani",
        "type": "Power Plant (Wind)",
        "category": "Thermal/Power Industry",
        "capacity_mw": 23.1,
        "lat": 17.1309,
        "lon": 73.9765,
        "source": "WRI Power Database"
      }
    },
    {
      "type": "Feature",
      "geometry": {
        "type": "Point",
        "coordinates": [
          77.7786,
          31.5425
        ]
      },
      "properties": {
        "name": "GHANVI",
        "type": "Power Plant (Hydro)",
        "category": "Thermal/Power Industry",
        "capacity_mw": 22.5,
        "lat": 31.5425,
        "lon": 77.7786,
        "source": "WRI Power Database"
      }
    },
    {
      "type": "Feature",
      "geometry": {
        "type": "Point",
        "coordinates": [
          74.6447,
          16.1424
        ]
      },
      "properties": {
        "name": "GHAT PRABHA",
        "type": "Power Plant (Hydro)",
        "category": "Thermal/Power Industry",
        "capacity_mw": 32.0,
        "lat": 16.1424,
        "lon": 74.6447,
        "source": "WRI Power Database"
      }
    },
    {
      "type": "Feature",
      "geometry": {
        "type": "Point",
        "coordinates": [
          73.6509,
          19.5334
        ]
      },
      "properties": {
        "name": "GHATGHAR PSS",
        "type": "Power Plant (Hydro)",
        "category": "Thermal/Power Industry",
        "capacity_mw": 250.0,
        "lat": 19.5334,
        "lon": 73.6509,
        "source": "WRI Power Database"
      }
    },
    {
      "type": "Feature",
      "geometry": {
        "type": "Point",
        "coordinates": [
          75.1661,
          30.2666
        ]
      },
      "properties": {
        "name": "GHTP (LEH.MOH.)",
        "type": "Power Plant (Coal)",
        "category": "Thermal/Power Industry",
        "capacity_mw": 920.0,
        "lat": 30.2666,
        "lon": 75.1661,
        "source": "WRI Power Database"
      }
    },
    {
      "type": "Feature",
      "geometry": {
        "type": "Point",
        "coordinates": [
          79.12,
          19.9306
        ]
      },
      "properties": {
        "name": "GHUGUS LMEL",
        "type": "Power Plant (Coal)",
        "category": "Thermal/Power Industry",
        "capacity_mw": 30.0,
        "lat": 19.9306,
        "lon": 79.12,
        "source": "WRI Power Database"
      }
    },
    {
      "type": "Feature",
      "geometry": {
        "type": "Point",
        "coordinates": [
          77.4968,
          30.5307
        ]
      },
      "properties": {
        "name": "GIRI BATA",
        "type": "Power Plant (Hydro)",
        "category": "Thermal/Power Industry",
        "capacity_mw": 60.0,
        "lat": 30.5307,
        "lon": 77.4968,
        "source": "WRI Power Database"
      }
    },
    {
      "type": "Feature",
      "geometry": {
        "type": "Point",
        "coordinates": [
          75.8613,
          14.6534
        ]
      },
      "properties": {
        "name": "GIWPP Telagi",
        "type": "Power Plant (Wind)",
        "category": "Thermal/Power Industry",
        "capacity_mw": 23.1,
        "lat": 14.6534,
        "lon": 75.8613,
        "source": "WRI Power Database"
      }
    },
    {
      "type": "Feature",
      "geometry": {
        "type": "Point",
        "coordinates": [
          78.9793,
          20.2723
        ]
      },
      "properties": {
        "name": "GMR WARORA TPP",
        "type": "Power Plant (Coal)",
        "category": "Thermal/Power Industry",
        "capacity_mw": 600.0,
        "lat": 20.2723,
        "lon": 78.9793,
        "source": "WRI Power Database"
      }
    },
    {
      "type": "Feature",
      "geometry": {
        "type": "Point",
        "coordinates": [
          82.3097,
          17.0587
        ]
      },
      "properties": {
        "name": "GODAVARI GT",
        "type": "Power Plant (Gas)",
        "category": "Thermal/Power Industry",
        "capacity_mw": 205.24,
        "lat": 17.0587,
        "lon": 82.3097,
        "source": "WRI Power Database"
      }
    },
    {
      "type": "Feature",
      "geometry": {
        "type": "Point",
        "coordinates": [
          75.1464,
          31.3841
        ]
      },
      "properties": {
        "name": "GOINDWAL SAHIB TPP",
        "type": "Power Plant (Coal)",
        "category": "Thermal/Power Industry",
        "capacity_mw": 540.0,
        "lat": 31.3841,
        "lon": 75.1464,
        "source": "WRI Power Database"
      }
    },
    {
      "type": "Feature",
      "geometry": {
        "type": "Point",
        "coordinates": [
          79.1845,
          20.0058
        ]
      },
      "properties": {
        "name": "GRACE INDUSTRIES",
        "type": "Power Plant (Coal)",
        "category": "Thermal/Power Industry",
        "capacity_mw": 25.0,
        "lat": 20.0058,
        "lon": 79.1845,
        "source": "WRI Power Database"
      }
    },
    {
      "type": "Feature",
      "geometry": {
        "type": "Point",
        "coordinates": [
          81.8111,
          16.9248
        ]
      },
      "properties": {
        "name": "GREL CCPP (RAJAMUNDRY)",
        "type": "Power Plant (Gas)",
        "category": "Thermal/Power Industry",
        "capacity_mw": 768.0,
        "lat": 16.9248,
        "lon": 81.8111,
        "source": "WRI Power Database"
      }
    },
    {
      "type": "Feature",
      "geometry": {
        "type": "Point",
        "coordinates": [
          78.053,
          9.442
        ]
      },
      "properties": {
        "name": "GRT 6",
        "type": "Power Plant (Solar)",
        "category": "Thermal/Power Industry",
        "capacity_mw": 5.0,
        "lat": 9.442,
        "lon": 78.053,
        "source": "WRI Power Database"
      }
    },
    {
      "type": "Feature",
      "geometry": {
        "type": "Point",
        "coordinates": [
          77.1325,
          17.1084
        ]
      },
      "properties": {
        "name": "GULBARGA CEMENT",
        "type": "Power Plant (Coal)",
        "category": "Thermal/Power Industry",
        "capacity_mw": 55.0,
        "lat": 17.1084,
        "lon": 77.1325,
        "source": "WRI Power Database"
      }
    },
    {
      "type": "Feature",
      "geometry": {
        "type": "Point",
        "coordinates": [
          91.8223,
          23.4263
        ]
      },
      "properties": {
        "name": "GUMTI",
        "type": "Power Plant (Hydro)",
        "category": "Thermal/Power Industry",
        "capacity_mw": 15.0,
        "lat": 23.4263,
        "lon": 91.8223,
        "source": "WRI Power Database"
      }
    },
    {
      "type": "Feature",
      "geometry": {
        "type": "Point",
        "coordinates": [
          75.5868,
          15.3418
        ]
      },
      "properties": {
        "name": "Gadag Wind Farm",
        "type": "Power Plant (Wind)",
        "category": "Thermal/Power Industry",
        "capacity_mw": 25.6,
        "lat": 15.3418,
        "lon": 75.5868,
        "source": "WRI Power Database"
      }
    },
    {
      "type": "Feature",
      "geometry": {
        "type": "Point",
        "coordinates": [
          77.56,
          17.96
        ]
      },
      "properties": {
        "name": "Gadagi",
        "type": "Power Plant (Solar)",
        "category": "Thermal/Power Industry",
        "capacity_mw": 10.0,
        "lat": 17.96,
        "lon": 77.56,
        "source": "WRI Power Database"
      }
    },
    {
      "type": "Feature",
      "geometry": {
        "type": "Point",
        "coordinates": [
          79.197,
          29.065
        ]
      },
      "properties": {
        "name": "Gadarpur Punj 1",
        "type": "Power Plant (Solar)",
        "category": "Thermal/Power Industry",
        "capacity_mw": 10.0,
        "lat": 29.065,
        "lon": 79.197,
        "source": "WRI Power Database"
      }
    },
    {
      "type": "Feature",
      "geometry": {
        "type": "Point",
        "coordinates": [
          79.187,
          29.052
        ]
      },
      "properties": {
        "name": "Gadarpur Punj 2",
        "type": "Power Plant (Solar)",
        "category": "Thermal/Power Industry",
        "capacity_mw": 10.0,
        "lat": 29.052,
        "lon": 79.187,
        "source": "WRI Power Database"
      }
    },
    {
      "type": "Feature",
      "geometry": {
        "type": "Point",
        "coordinates": [
          79.283,
          29.085
        ]
      },
      "properties": {
        "name": "Gadarpur Punj 3",
        "type": "Power Plant (Solar)",
        "category": "Thermal/Power Industry",
        "capacity_mw": 10.0,
        "lat": 29.085,
        "lon": 79.283,
        "source": "WRI Power Database"
      }
    },
    {
      "type": "Feature",
      "geometry": {
        "type": "Point",
        "coordinates": [
          79.22,
          29.05
        ]
      },
      "properties": {
        "name": "Gadarpur Sugar Mill",
        "type": "Power Plant (Solar)",
        "category": "Thermal/Power Industry",
        "capacity_mw": 12.5,
        "lat": 29.05,
        "lon": 79.22,
        "source": "WRI Power Database"
      }
    },
    {
      "type": "Feature",
      "geometry": {
        "type": "Point",
        "coordinates": [
          72.388,
          27.475
        ]
      },
      "properties": {
        "name": "Gadhna",
        "type": "Power Plant (Solar)",
        "category": "Thermal/Power Industry",
        "capacity_mw": 5.0,
        "lat": 27.475,
        "lon": 72.388,
        "source": "WRI Power Database"
      }
    },
    {
      "type": "Feature",
      "geometry": {
        "type": "Point",
        "coordinates": [
          72.3896,
          27.4269
        ]
      },
      "properties": {
        "name": "Gadna 1 Solar Power Plant",
        "type": "Power Plant (Solar)",
        "category": "Thermal/Power Industry",
        "capacity_mw": 3.0,
        "lat": 27.4269,
        "lon": 72.3896,
        "source": "WRI Power Database"
      }
    },
    {
      "type": "Feature",
      "geometry": {
        "type": "Point",
        "coordinates": [
          72.3969,
          27.4296
        ]
      },
      "properties": {
        "name": "Gadna 2 Solar Power Plant",
        "type": "Power Plant (Solar)",
        "category": "Thermal/Power Industry",
        "capacity_mw": 5.0,
        "lat": 27.4296,
        "lon": 72.3969,
        "source": "WRI Power Database"
      }
    },
    {
      "type": "Feature",
      "geometry": {
        "type": "Point",
        "coordinates": [
          77.779,
          16.266
        ]
      },
      "properties": {
        "name": "Gadwal Mytrah",
        "type": "Power Plant (Solar)",
        "category": "Thermal/Power Industry",
        "capacity_mw": 15.0,
        "lat": 16.266,
        "lon": 77.779,
        "source": "WRI Power Database"
      }
    },
    {
      "type": "Feature",
      "geometry": {
        "type": "Point",
        "coordinates": [
          77.763,
          16.152
        ]
      },
      "properties": {
        "name": "Gadwal Vogt",
        "type": "Power Plant (Solar)",
        "category": "Thermal/Power Industry",
        "capacity_mw": 10.0,
        "lat": 16.152,
        "lon": 77.763,
        "source": "WRI Power Database"
      }
    },
    {
      "type": "Feature",
      "geometry": {
        "type": "Point",
        "coordinates": [
          73.052,
          27.953
        ]
      },
      "properties": {
        "name": "Gajner BMD",
        "type": "Power Plant (Solar)",
        "category": "Thermal/Power Industry",
        "capacity_mw": 5.9,
        "lat": 27.953,
        "lon": 73.052,
        "source": "WRI Power Database"
      }
    },
    {
      "type": "Feature",
      "geometry": {
        "type": "Point",
        "coordinates": [
          73.038,
          27.979
        ]
      },
      "properties": {
        "name": "Gajner Fonroche",
        "type": "Power Plant (Solar)",
        "category": "Thermal/Power Industry",
        "capacity_mw": 20.0,
        "lat": 27.979,
        "lon": 73.038,
        "source": "WRI Power Database"
      }
    },
    {
      "type": "Feature",
      "geometry": {
        "type": "Point",
        "coordinates": [
          73.065,
          27.97
        ]
      },
      "properties": {
        "name": "Gajner LEPL 10",
        "type": "Power Plant (Solar)",
        "category": "Thermal/Power Industry",
        "capacity_mw": 10.0,
        "lat": 27.97,
        "lon": 73.065,
        "source": "WRI Power Database"
      }
    },
    {
      "type": "Feature",
      "geometry": {
        "type": "Point",
        "coordinates": [
          75.523,
          29.796
        ]
      },
      "properties": {
        "name": "Gamiwala 1",
        "type": "Power Plant (Solar)",
        "category": "Thermal/Power Industry",
        "capacity_mw": 21.0,
        "lat": 29.796,
        "lon": 75.523,
        "source": "WRI Power Database"
      }
    },
    {
      "type": "Feature",
      "geometry": {
        "type": "Point",
        "coordinates": [
          75.52,
          29.802
        ]
      },
      "properties": {
        "name": "Gamiwala 2",
        "type": "Power Plant (Solar)",
        "category": "Thermal/Power Industry",
        "capacity_mw": 20.0,
        "lat": 29.802,
        "lon": 75.52,
        "source": "WRI Power Database"
      }
    },
    {
      "type": "Feature",
      "geometry": {
        "type": "Point",
        "coordinates": [
          72.669,
          23.1534
        ]
      },
      "properties": {
        "name": "Gandhinagar Solar Power Plant",
        "type": "Power Plant (Solar)",
        "category": "Thermal/Power Industry",
        "capacity_mw": 1.0,
        "lat": 23.1534,
        "lon": 72.669,
        "source": "WRI Power Database"
      }
    },
    {
      "type": "Feature",
      "geometry": {
        "type": "Point",
        "coordinates": [
          76.695,
          18.975
        ]
      },
      "properties": {
        "name": "Gangakhed",
        "type": "Power Plant (Solar)",
        "category": "Thermal/Power Industry",
        "capacity_mw": 40.0,
        "lat": 18.975,
        "lon": 76.695,
        "source": "WRI Power Database"
      }
    },
    {
      "type": "Feature",
      "geometry": {
        "type": "Point",
        "coordinates": [
          72.891,
          27.925
        ]
      },
      "properties": {
        "name": "Gangapura",
        "type": "Power Plant (Solar)",
        "category": "Thermal/Power Industry",
        "capacity_mw": 7.0,
        "lat": 27.925,
        "lon": 72.891,
        "source": "WRI Power Database"
      }
    },
    {
      "type": "Feature",
      "geometry": {
        "type": "Point",
        "coordinates": [
          76.58,
          15.45
        ]
      },
      "properties": {
        "name": "Gangavati",
        "type": "Power Plant (Solar)",
        "category": "Thermal/Power Industry",
        "capacity_mw": 20.0,
        "lat": 15.45,
        "lon": 76.58,
        "source": "WRI Power Database"
      }
    },
    {
      "type": "Feature",
      "geometry": {
        "type": "Point",
        "coordinates": [
          92.7109,
          11.6117
        ]
      },
      "properties": {
        "name": "Garacharma Solar Power Plant",
        "type": "Power Plant (Solar)",
        "category": "Thermal/Power Industry",
        "capacity_mw": 5.0,
        "lat": 11.6117,
        "lon": 92.7109,
        "source": "WRI Power Database"
      }
    },
    {
      "type": "Feature",
      "geometry": {
        "type": "Point",
        "coordinates": [
          75.772,
          29.894
        ]
      },
      "properties": {
        "name": "Ghaggar Branch Canal",
        "type": "Power Plant (Solar)",
        "category": "Thermal/Power Industry",
        "capacity_mw": 7.6,
        "lat": 29.894,
        "lon": 75.772,
        "source": "WRI Power Database"
      }
    },
    {
      "type": "Feature",
      "geometry": {
        "type": "Point",
        "coordinates": [
          76.34,
          30.503
        ]
      },
      "properties": {
        "name": "Ghaggar Link Canal",
        "type": "Power Plant (Solar)",
        "category": "Thermal/Power Industry",
        "capacity_mw": 7.6,
        "lat": 30.503,
        "lon": 76.34,
        "source": "WRI Power Database"
      }
    },
    {
      "type": "Feature",
      "geometry": {
        "type": "Point",
        "coordinates": [
          78.044,
          16.624
        ]
      },
      "properties": {
        "name": "Ghanapur Solarpack",
        "type": "Power Plant (Solar)",
        "category": "Thermal/Power Industry",
        "capacity_mw": 15.0,
        "lat": 16.624,
        "lon": 78.044,
        "source": "WRI Power Database"
      }
    },
    {
      "type": "Feature",
      "geometry": {
        "type": "Point",
        "coordinates": [
          74.77,
          16.23
        ]
      },
      "properties": {
        "name": "Ghataprabha",
        "type": "Power Plant (Solar)",
        "category": "Thermal/Power Industry",
        "capacity_mw": 40.0,
        "lat": 16.23,
        "lon": 74.77,
        "source": "WRI Power Database"
      }
    },
    {
      "type": "Feature",
      "geometry": {
        "type": "Point",
        "coordinates": [
          77.558,
          16.133
        ]
      },
      "properties": {
        "name": "Ghattu",
        "type": "Power Plant (Solar)",
        "category": "Thermal/Power Industry",
        "capacity_mw": 39.0,
        "lat": 16.133,
        "lon": 77.558,
        "source": "WRI Power Database"
      }
    },
    {
      "type": "Feature",
      "geometry": {
        "type": "Point",
        "coordinates": [
          72.2241,
          27.6003
        ]
      },
      "properties": {
        "name": "Godawari",
        "type": "Power Plant (Solar)",
        "category": "Thermal/Power Industry",
        "capacity_mw": 50.0,
        "lat": 27.6003,
        "lon": 72.2241,
        "source": "WRI Power Database"
      }
    },
    {
      "type": "Feature",
      "geometry": {
        "type": "Point",
        "coordinates": [
          72.5377,
          26.6532
        ]
      },
      "properties": {
        "name": "Godelai Solar Power Plant",
        "type": "Power Plant (Solar)",
        "category": "Thermal/Power Industry",
        "capacity_mw": 1.0,
        "lat": 26.6532,
        "lon": 72.5377,
        "source": "WRI Power Database"
      }
    },
    {
      "type": "Feature",
      "geometry": {
        "type": "Point",
        "coordinates": [
          81.359,
          16.859
        ]
      },
      "properties": {
        "name": "Gollagudem",
        "type": "Power Plant (Solar)",
        "category": "Thermal/Power Industry",
        "capacity_mw": 5.0,
        "lat": 16.859,
        "lon": 81.359,
        "source": "WRI Power Database"
      }
    },
    {
      "type": "Feature",
      "geometry": {
        "type": "Point",
        "coordinates": [
          76.6551,
          18.3055
        ]
      },
      "properties": {
        "name": "Gondri Solar Power Plant",
        "type": "Power Plant (Solar)",
        "category": "Thermal/Power Industry",
        "capacity_mw": 5.0,
        "lat": 18.3055,
        "lon": 76.6551,
        "source": "WRI Power Database"
      }
    },
    {
      "type": "Feature",
      "geometry": {
        "type": "Point",
        "coordinates": [
          69.9187,
          21.3131
        ]
      },
      "properties": {
        "name": "Gorsar Wind Farm",
        "type": "Power Plant (Wind)",
        "category": "Thermal/Power Industry",
        "capacity_mw": 7.5,
        "lat": 21.3131,
        "lon": 69.9187,
        "source": "WRI Power Database"
      }
    },
    {
      "type": "Feature",
      "geometry": {
        "type": "Point",
        "coordinates": [
          79.439,
          25.415
        ]
      },
      "properties": {
        "name": "Govindpura A",
        "type": "Power Plant (Solar)",
        "category": "Thermal/Power Industry",
        "capacity_mw": 25.0,
        "lat": 25.415,
        "lon": 79.439,
        "source": "WRI Power Database"
      }
    },
    {
      "type": "Feature",
      "geometry": {
        "type": "Point",
        "coordinates": [
          77.54,
          13.615
        ]
      },
      "properties": {
        "name": "Gowribidanuru",
        "type": "Power Plant (Solar)",
        "category": "Thermal/Power Industry",
        "capacity_mw": 20.0,
        "lat": 13.615,
        "lon": 77.54,
        "source": "WRI Power Database"
      }
    },
    {
      "type": "Feature",
      "geometry": {
        "type": "Point",
        "coordinates": [
          77.5527,
          13.7482
        ]
      },
      "properties": {
        "name": "Gowriganipalli BGC",
        "type": "Power Plant (Solar)",
        "category": "Thermal/Power Industry",
        "capacity_mw": 4.0,
        "lat": 13.7482,
        "lon": 77.5527,
        "source": "WRI Power Database"
      }
    },
    {
      "type": "Feature",
      "geometry": {
        "type": "Point",
        "coordinates": [
          77.562,
          13.727
        ]
      },
      "properties": {
        "name": "Gowriganipalli MV10",
        "type": "Power Plant (Solar)",
        "category": "Thermal/Power Industry",
        "capacity_mw": 10.9,
        "lat": 13.727,
        "lon": 77.562,
        "source": "WRI Power Database"
      }
    },
    {
      "type": "Feature",
      "geometry": {
        "type": "Point",
        "coordinates": [
          77.562,
          13.726
        ]
      },
      "properties": {
        "name": "Gowriganipalli MV5",
        "type": "Power Plant (Solar)",
        "category": "Thermal/Power Industry",
        "capacity_mw": 5.0,
        "lat": 13.726,
        "lon": 77.562,
        "source": "WRI Power Database"
      }
    },
    {
      "type": "Feature",
      "geometry": {
        "type": "Point",
        "coordinates": [
          75.64,
          23.748
        ]
      },
      "properties": {
        "name": "Goyalkhedi",
        "type": "Power Plant (Solar)",
        "category": "Thermal/Power Industry",
        "capacity_mw": 32.0,
        "lat": 23.748,
        "lon": 75.64,
        "source": "WRI Power Database"
      }
    },
    {
      "type": "Feature",
      "geometry": {
        "type": "Point",
        "coordinates": [
          72.988,
          27.95
        ]
      },
      "properties": {
        "name": "Goyalri",
        "type": "Power Plant (Solar)",
        "category": "Thermal/Power Industry",
        "capacity_mw": 60.0,
        "lat": 27.95,
        "lon": 72.988,
        "source": "WRI Power Database"
      }
    },
    {
      "type": "Feature",
      "geometry": {
        "type": "Point",
        "coordinates": [
          74.6188,
          30.4613
        ]
      },
      "properties": {
        "name": "Grewal Solar Power Plant",
        "type": "Power Plant (Solar)",
        "category": "Thermal/Power Industry",
        "capacity_mw": 1.8,
        "lat": 30.4613,
        "lon": 74.6188,
        "source": "WRI Power Database"
      }
    },
    {
      "type": "Feature",
      "geometry": {
        "type": "Point",
        "coordinates": [
          74.6567,
          25.86
        ]
      },
      "properties": {
        "name": "Gulabpura Solar Power Plant",
        "type": "Power Plant (Solar)",
        "category": "Thermal/Power Industry",
        "capacity_mw": 5.0,
        "lat": 25.86,
        "lon": 74.6567,
        "source": "WRI Power Database"
      }
    },
    {
      "type": "Feature",
      "geometry": {
        "type": "Point",
        "coordinates": [
          76.67,
          11.805
        ]
      },
      "properties": {
        "name": "Gundlupet",
        "type": "Power Plant (Solar)",
        "category": "Thermal/Power Industry",
        "capacity_mw": 20.0,
        "lat": 11.805,
        "lon": 76.67,
        "source": "WRI Power Database"
      }
    },
    {
      "type": "Feature",
      "geometry": {
        "type": "Point",
        "coordinates": [
          77.835,
          16.27
        ]
      },
      "properties": {
        "name": "Guntipally",
        "type": "Power Plant (Solar)",
        "category": "Thermal/Power Industry",
        "capacity_mw": 15.0,
        "lat": 16.27,
        "lon": 77.835,
        "source": "WRI Power Database"
      }
    },
    {
      "type": "Feature",
      "geometry": {
        "type": "Point",
        "coordinates": [
          72.841,
          27.859
        ]
      },
      "properties": {
        "name": "Gurha SM",
        "type": "Power Plant (Solar)",
        "category": "Thermal/Power Industry",
        "capacity_mw": 10.0,
        "lat": 27.859,
        "lon": 72.841,
        "source": "WRI Power Database"
      }
    },
    {
      "type": "Feature",
      "geometry": {
        "type": "Point",
        "coordinates": [
          72.926,
          27.9
        ]
      },
      "properties": {
        "name": "Gurha VS",
        "type": "Power Plant (Solar)",
        "category": "Thermal/Power Industry",
        "capacity_mw": 10.0,
        "lat": 27.9,
        "lon": 72.926,
        "source": "WRI Power Database"
      }
    },
    {
      "type": "Feature",
      "geometry": {
        "type": "Point",
        "coordinates": [
          77.845,
          29.685
        ]
      },
      "properties": {
        "name": "Gurukul Narsan",
        "type": "Power Plant (Solar)",
        "category": "Thermal/Power Industry",
        "capacity_mw": 5.0,
        "lat": 29.685,
        "lon": 77.845,
        "source": "WRI Power Database"
      }
    },
    {
      "type": "Feature",
      "geometry": {
        "type": "Point",
        "coordinates": [
          75.27,
          16.135
        ]
      },
      "properties": {
        "name": "Guttigoli",
        "type": "Power Plant (Solar)",
        "category": "Thermal/Power Industry",
        "capacity_mw": 135.0,
        "lat": 16.135,
        "lon": 75.27,
        "source": "WRI Power Database"
      }
    },
    {
      "type": "Feature",
      "geometry": {
        "type": "Point",
        "coordinates": [
          77.1596,
          28.4272
        ]
      },
      "properties": {
        "name": "Gwal Pahari Solar Power Plant",
        "type": "Power Plant (Solar)",
        "category": "Thermal/Power Industry",
        "capacity_mw": 3.0,
        "lat": 28.4272,
        "lon": 77.1596,
        "source": "WRI Power Database"
      }
    },
    {
      "type": "Feature",
      "geometry": {
        "type": "Point",
        "coordinates": [
          88.1764,
          22.1042
        ]
      },
      "properties": {
        "name": "HALDIA",
        "type": "Power Plant (Coal)",
        "category": "Thermal/Power Industry",
        "capacity_mw": 600.0,
        "lat": 22.1042,
        "lon": 88.1764,
        "source": "WRI Power Database"
      }
    },
    {
      "type": "Feature",
      "geometry": {
        "type": "Point",
        "coordinates": [
          76.3379,
          15.2615
        ]
      },
      "properties": {
        "name": "HAMPI",
        "type": "Power Plant (Hydro)",
        "category": "Thermal/Power Industry",
        "capacity_mw": 36.0,
        "lat": 15.2615,
        "lon": 76.3379,
        "source": "WRI Power Database"
      }
    },
    {
      "type": "Feature",
      "geometry": {
        "type": "Point",
        "coordinates": [
          74.4045,
          16.6038
        ]
      },
      "properties": {
        "name": "HAPURI MILL",
        "type": "Power Plant (Biomass)",
        "category": "Thermal/Power Industry",
        "capacity_mw": 24.0,
        "lat": 16.6038,
        "lon": 74.4045,
        "source": "WRI Power Database"
      }
    },
    {
      "type": "Feature",
      "geometry": {
        "type": "Point",
        "coordinates": [
          82.5977,
          22.604
        ]
      },
      "properties": {
        "name": "HASDEOBANGO",
        "type": "Power Plant (Hydro)",
        "category": "Thermal/Power Industry",
        "capacity_mw": 120.0,
        "lat": 22.604,
        "lon": 82.5977,
        "source": "WRI Power Database"
      }
    },
    {
      "type": "Feature",
      "geometry": {
        "type": "Point",
        "coordinates": [
          76.4004,
          17.1202
        ]
      },
      "properties": {
        "name": "HAVALGA SUGAR",
        "type": "Power Plant (Biomass)",
        "category": "Thermal/Power Industry",
        "capacity_mw": 25.5,
        "lat": 17.1202,
        "lon": 76.4004,
        "source": "WRI Power Database"
      }
    },
    {
      "type": "Feature",
      "geometry": {
        "type": "Point",
        "coordinates": [
          69.7399,
          22.3256
        ]
      },
      "properties": {
        "name": "HAZIRA CCCP",
        "type": "Power Plant (Gas)",
        "category": "Thermal/Power Industry",
        "capacity_mw": 156.1,
        "lat": 22.3256,
        "lon": 69.7399,
        "source": "WRI Power Database"
      }
    },
    {
      "type": "Feature",
      "geometry": {
        "type": "Point",
        "coordinates": [
          72.6613,
          21.1652
        ]
      },
      "properties": {
        "name": "HAZIRA-GSECL",
        "type": "Power Plant (Gas)",
        "category": "Thermal/Power Industry",
        "capacity_mw": 351.43,
        "lat": 21.1652,
        "lon": 72.6613,
        "source": "WRI Power Database"
      }
    },
    {
      "type": "Feature",
      "geometry": {
        "type": "Point",
        "coordinates": [
          77.1384,
          19.2829
        ]
      },
      "properties": {
        "name": "HINGOLI MILL",
        "type": "Power Plant (Biomass)",
        "category": "Thermal/Power Industry",
        "capacity_mw": 18.9,
        "lat": 19.2829,
        "lon": 77.1384,
        "source": "WRI Power Database"
      }
    },
    {
      "type": "Feature",
      "geometry": {
        "type": "Point",
        "coordinates": [
          83.8754,
          21.5337
        ]
      },
      "properties": {
        "name": "HIRAKUD I&II",
        "type": "Power Plant (Hydro)",
        "category": "Thermal/Power Industry",
        "capacity_mw": 347.5,
        "lat": 21.5337,
        "lon": 83.8754,
        "source": "WRI Power Database"
      }
    },
    {
      "type": "Feature",
      "geometry": {
        "type": "Point",
        "coordinates": [
          76.6279,
          13.9808
        ]
      },
      "properties": {
        "name": "HIRIYUR BIOMASS",
        "type": "Power Plant (Biomass)",
        "category": "Thermal/Power Industry",
        "capacity_mw": 25.0,
        "lat": 13.9808,
        "lon": 76.6279,
        "source": "WRI Power Database"
      }
    },
    {
      "type": "Feature",
      "geometry": {
        "type": "Point",
        "coordinates": [
          75.5639,
          15.3654
        ]
      },
      "properties": {
        "name": "HZL Gadag Wind Farm",
        "type": "Power Plant (Wind)",
        "category": "Thermal/Power Industry",
        "capacity_mw": 34.4,
        "lat": 15.3654,
        "lon": 75.5639,
        "source": "WRI Power Database"
      }
    },
    {
      "type": "Feature",
      "geometry": {
        "type": "Point",
        "coordinates": [
          74.3091,
          21.3027
        ]
      },
      "properties": {
        "name": "HZL Nandurbar Maharashtra",
        "type": "Power Plant (Wind)",
        "category": "Thermal/Power Industry",
        "capacity_mw": 25.5,
        "lat": 21.3027,
        "lon": 74.3091,
        "source": "WRI Power Database"
      }
    },
    {
      "type": "Feature",
      "geometry": {
        "type": "Point",
        "coordinates": [
          77.4588,
          10.8674
        ]
      },
      "properties": {
        "name": "HZL Palladum Wind Farm",
        "type": "Power Plant (Wind)",
        "category": "Thermal/Power Industry",
        "capacity_mw": 21.0,
        "lat": 10.8674,
        "lon": 77.4588,
        "source": "WRI Power Database"
      }
    },
    {
      "type": "Feature",
      "geometry": {
        "type": "Point",
        "coordinates": [
          70.6722,
          27.2492
        ]
      },
      "properties": {
        "name": "HZL Parewar Wind Farm",
        "type": "Power Plant (Wind)",
        "category": "Thermal/Power Industry",
        "capacity_mw": 27.3,
        "lat": 27.2492,
        "lon": 70.6722,
        "source": "WRI Power Database"
      }
    },
    {
      "type": "Feature",
      "geometry": {
        "type": "Point",
        "coordinates": [
          70.2313,
          22.0335
        ]
      },
      "properties": {
        "name": "HZL Samana Wind Farm",
        "type": "Power Plant (Wind)",
        "category": "Thermal/Power Industry",
        "capacity_mw": 88.8,
        "lat": 22.0335,
        "lon": 70.2313,
        "source": "WRI Power Database"
      }
    },
    {
      "type": "Feature",
      "geometry": {
        "type": "Point",
        "coordinates": [
          78.1326,
          28.0179
        ]
      },
      "properties": {
        "name": "H_GANJ B",
        "type": "Power Plant (Coal)",
        "category": "Thermal/Power Industry",
        "capacity_mw": 605.0,
        "lat": 28.0179,
        "lon": 78.1326,
        "source": "WRI Power Database"
      }
    },
    {
      "type": "Feature",
      "geometry": {
        "type": "Point",
        "coordinates": [
          77.215,
          12.15
        ]
      },
      "properties": {
        "name": "Hanur",
        "type": "Power Plant (Solar)",
        "category": "Thermal/Power Industry",
        "capacity_mw": 20.0,
        "lat": 12.15,
        "lon": 77.215,
        "source": "WRI Power Database"
      }
    },
    {
      "type": "Feature",
      "geometry": {
        "type": "Point",
        "coordinates": [
          76.1265,
          14.8062
        ]
      },
      "properties": {
        "name": "Harapanahalli GSC",
        "type": "Power Plant (Solar)",
        "category": "Thermal/Power Industry",
        "capacity_mw": 4.0,
        "lat": 14.8062,
        "lon": 76.1265,
        "source": "WRI Power Database"
      }
    },
    {
      "type": "Feature",
      "geometry": {
        "type": "Point",
        "coordinates": [
          76.085,
          14.792
        ]
      },
      "properties": {
        "name": "Harapanahalli RBW",
        "type": "Power Plant (Solar)",
        "category": "Thermal/Power Industry",
        "capacity_mw": 14.0,
        "lat": 14.792,
        "lon": 76.085,
        "source": "WRI Power Database"
      }
    },
    {
      "type": "Feature",
      "geometry": {
        "type": "Point",
        "coordinates": [
          73.199,
          26.73
        ]
      },
      "properties": {
        "name": "Hardhani 100",
        "type": "Power Plant (Solar)",
        "category": "Thermal/Power Industry",
        "capacity_mw": 82.0,
        "lat": 26.73,
        "lon": 73.199,
        "source": "WRI Power Database"
      }
    },
    {
      "type": "Feature",
      "geometry": {
        "type": "Point",
        "coordinates": [
          73.199,
          26.73
        ]
      },
      "properties": {
        "name": "Hardhani 20",
        "type": "Power Plant (Solar)",
        "category": "Thermal/Power Industry",
        "capacity_mw": 20.0,
        "lat": 26.73,
        "lon": 73.199,
        "source": "WRI Power Database"
      }
    },
    {
      "type": "Feature",
      "geometry": {
        "type": "Point",
        "coordinates": [
          73.199,
          26.73
        ]
      },
      "properties": {
        "name": "Hardhani 40A",
        "type": "Power Plant (Solar)",
        "category": "Thermal/Power Industry",
        "capacity_mw": 40.0,
        "lat": 26.73,
        "lon": 73.199,
        "source": "WRI Power Database"
      }
    },
    {
      "type": "Feature",
      "geometry": {
        "type": "Point",
        "coordinates": [
          73.199,
          26.73
        ]
      },
      "properties": {
        "name": "Hardhani 40B",
        "type": "Power Plant (Solar)",
        "category": "Thermal/Power Industry",
        "capacity_mw": 40.0,
        "lat": 26.73,
        "lon": 73.199,
        "source": "WRI Power Database"
      }
    },
    {
      "type": "Feature",
      "geometry": {
        "type": "Point",
        "coordinates": [
          71.875,
          23.715
        ]
      },
      "properties": {
        "name": "Harij",
        "type": "Power Plant (Solar)",
        "category": "Thermal/Power Industry",
        "capacity_mw": 30.0,
        "lat": 23.715,
        "lon": 71.875,
        "source": "WRI Power Database"
      }
    },
    {
      "type": "Feature",
      "geometry": {
        "type": "Point",
        "coordinates": [
          76.695,
          14.131
        ]
      },
      "properties": {
        "name": "Harthikote",
        "type": "Power Plant (Solar)",
        "category": "Thermal/Power Industry",
        "capacity_mw": 10.0,
        "lat": 14.131,
        "lon": 76.695,
        "source": "WRI Power Database"
      }
    },
    {
      "type": "Feature",
      "geometry": {
        "type": "Point",
        "coordinates": [
          76.682,
          14.144
        ]
      },
      "properties": {
        "name": "Harthikote A",
        "type": "Power Plant (Solar)",
        "category": "Thermal/Power Industry",
        "capacity_mw": 100.0,
        "lat": 14.144,
        "lon": 76.682,
        "source": "WRI Power Database"
      }
    },
    {
      "type": "Feature",
      "geometry": {
        "type": "Point",
        "coordinates": [
          70.02,
          21.697
        ]
      },
      "properties": {
        "name": "Hilabeli",
        "type": "Power Plant (Solar)",
        "category": "Thermal/Power Industry",
        "capacity_mw": 10.0,
        "lat": 21.697,
        "lon": 70.02,
        "source": "WRI Power Database"
      }
    },
    {
      "type": "Feature",
      "geometry": {
        "type": "Point",
        "coordinates": [
          85.185,
          20.62
        ]
      },
      "properties": {
        "name": "Hindol",
        "type": "Power Plant (Solar)",
        "category": "Thermal/Power Industry",
        "capacity_mw": 40.0,
        "lat": 20.62,
        "lon": 85.185,
        "source": "WRI Power Database"
      }
    },
    {
      "type": "Feature",
      "geometry": {
        "type": "Point",
        "coordinates": [
          75.762,
          15.1997
        ]
      },
      "properties": {
        "name": "Hirewaddatti Wind Farm",
        "type": "Power Plant (Wind)",
        "category": "Thermal/Power Industry",
        "capacity_mw": 49.0,
        "lat": 15.1997,
        "lon": 75.762,
        "source": "WRI Power Database"
      }
    },
    {
      "type": "Feature",
      "geometry": {
        "type": "Point",
        "coordinates": [
          76.372,
          13.99
        ]
      },
      "properties": {
        "name": "Holalkere",
        "type": "Power Plant (Solar)",
        "category": "Thermal/Power Industry",
        "capacity_mw": 20.0,
        "lat": 13.99,
        "lon": 76.372,
        "source": "WRI Power Database"
      }
    },
    {
      "type": "Feature",
      "geometry": {
        "type": "Point",
        "coordinates": [
          76.204,
          12.755
        ]
      },
      "properties": {
        "name": "Holenarasipura",
        "type": "Power Plant (Solar)",
        "category": "Thermal/Power Industry",
        "capacity_mw": 20.0,
        "lat": 12.755,
        "lon": 76.204,
        "source": "WRI Power Database"
      }
    },
    {
      "type": "Feature",
      "geometry": {
        "type": "Point",
        "coordinates": [
          75.63,
          14.235
        ]
      },
      "properties": {
        "name": "Honnali JK",
        "type": "Power Plant (Solar)",
        "category": "Thermal/Power Industry",
        "capacity_mw": 10.0,
        "lat": 14.235,
        "lon": 75.63,
        "source": "WRI Power Database"
      }
    },
    {
      "type": "Feature",
      "geometry": {
        "type": "Point",
        "coordinates": [
          76.3224,
          17.9054
        ]
      },
      "properties": {
        "name": "Horti Solar Power Plant",
        "type": "Power Plant (Solar)",
        "category": "Thermal/Power Industry",
        "capacity_mw": 20.0,
        "lat": 17.9054,
        "lon": 76.3224,
        "source": "WRI Power Database"
      }
    },
    {
      "type": "Feature",
      "geometry": {
        "type": "Point",
        "coordinates": [
          77.571,
          17.613
        ]
      },
      "properties": {
        "name": "Hothi",
        "type": "Power Plant (Solar)",
        "category": "Thermal/Power Industry",
        "capacity_mw": 16.2,
        "lat": 17.613,
        "lon": 77.571,
        "source": "WRI Power Database"
      }
    },
    {
      "type": "Feature",
      "geometry": {
        "type": "Point",
        "coordinates": [
          77.211,
          17.733
        ]
      },
      "properties": {
        "name": "Humnabad",
        "type": "Power Plant (Solar)",
        "category": "Thermal/Power Industry",
        "capacity_mw": 20.0,
        "lat": 17.733,
        "lon": 77.211,
        "source": "WRI Power Database"
      }
    },
    {
      "type": "Feature",
      "geometry": {
        "type": "Point",
        "coordinates": [
          76.04,
          16.008
        ]
      },
      "properties": {
        "name": "Hunagund",
        "type": "Power Plant (Solar)",
        "category": "Thermal/Power Industry",
        "capacity_mw": 15.0,
        "lat": 16.008,
        "lon": 76.04,
        "source": "WRI Power Database"
      }
    },
    {
      "type": "Feature",
      "geometry": {
        "type": "Point",
        "coordinates": [
          78.4016,
          17.2465
        ]
      },
      "properties": {
        "name": "Hyderabad HYD",
        "type": "Power Plant (Solar)",
        "category": "Thermal/Power Industry",
        "capacity_mw": 5.0,
        "lat": 17.2465,
        "lon": 78.4016,
        "source": "WRI Power Database"
      }
    },
    {
      "type": "Feature",
      "geometry": {
        "type": "Point",
        "coordinates": [
          78.4049,
          17.2464
        ]
      },
      "properties": {
        "name": "Hyderabad II",
        "type": "Power Plant (Solar)",
        "category": "Thermal/Power Industry",
        "capacity_mw": 5.0,
        "lat": 17.2464,
        "lon": 78.4049,
        "source": "WRI Power Database"
      }
    },
    {
      "type": "Feature",
      "geometry": {
        "type": "Point",
        "coordinates": [
          83.86,
          21.6872
        ]
      },
      "properties": {
        "name": "I.B.VALLEY",
        "type": "Power Plant (Coal)",
        "category": "Thermal/Power Industry",
        "capacity_mw": 420.0,
        "lat": 21.6872,
        "lon": 83.86,
        "source": "WRI Power Database"
      }
    },
    {
      "type": "Feature",
      "geometry": {
        "type": "Point",
        "coordinates": [
          77.2504,
          28.6194
        ]
      },
      "properties": {
        "name": "I.P.GT",
        "type": "Power Plant (Gas)",
        "category": "Thermal/Power Industry",
        "capacity_mw": 270.0,
        "lat": 28.6194,
        "lon": 77.2504,
        "source": "WRI Power Database"
      }
    },
    {
      "type": "Feature",
      "geometry": {
        "type": "Point",
        "coordinates": [
          76.7137,
          10.207
        ]
      },
      "properties": {
        "name": "IDAMALAYAR",
        "type": "Power Plant (Hydro)",
        "category": "Thermal/Power Industry",
        "capacity_mw": 75.0,
        "lat": 10.207,
        "lon": 76.7137,
        "source": "WRI Power Database"
      }
    },
    {
      "type": "Feature",
      "geometry": {
        "type": "Point",
        "coordinates": [
          77.0555,
          9.8503
        ]
      },
      "properties": {
        "name": "IDUKKI",
        "type": "Power Plant (Hydro)",
        "category": "Thermal/Power Industry",
        "capacity_mw": 780.0,
        "lat": 9.8503,
        "lon": 77.0555,
        "source": "WRI Power Database"
      }
    },
    {
      "type": "Feature",
      "geometry": {
        "type": "Point",
        "coordinates": [
          79.0556,
          20.8102
        ]
      },
      "properties": {
        "name": "IEPL  BELA TPP",
        "type": "Power Plant (Coal)",
        "category": "Thermal/Power Industry",
        "capacity_mw": 270.0,
        "lat": 20.8102,
        "lon": 79.0556,
        "source": "WRI Power Database"
      }
    },
    {
      "type": "Feature",
      "geometry": {
        "type": "Point",
        "coordinates": [
          76.1906,
          22.8396
        ]
      },
      "properties": {
        "name": "IL&FS Kaladeh Wind Farm",
        "type": "Power Plant (Wind)",
        "category": "Thermal/Power Industry",
        "capacity_mw": 24.0,
        "lat": 22.8396,
        "lon": 76.1906,
        "source": "WRI Power Database"
      }
    },
    {
      "type": "Feature",
      "geometry": {
        "type": "Point",
        "coordinates": [
          83.92,
          21.658
        ]
      },
      "properties": {
        "name": "IND BARATH TPP",
        "type": "Power Plant (Coal)",
        "category": "Thermal/Power Industry",
        "capacity_mw": 350.0,
        "lat": 21.658,
        "lon": 83.92,
        "source": "WRI Power Database"
      }
    },
    {
      "type": "Feature",
      "geometry": {
        "type": "Point",
        "coordinates": [
          88.0995,
          22.0774
        ]
      },
      "properties": {
        "name": "INDIA POWER TPP(HALDIA  HIRANMAYE )",
        "type": "Power Plant (Coal)",
        "category": "Thermal/Power Industry",
        "capacity_mw": 300.0,
        "lat": 22.0774,
        "lon": 88.0995,
        "source": "WRI Power Database"
      }
    },
    {
      "type": "Feature",
      "geometry": {
        "type": "Point",
        "coordinates": [
          76.4728,
          22.2791
        ]
      },
      "properties": {
        "name": "INDIRA SAGAR",
        "type": "Power Plant (Hydro)",
        "category": "Thermal/Power Industry",
        "capacity_mw": 1000.0,
        "lat": 22.2791,
        "lon": 76.4728,
        "source": "WRI Power Database"
      }
    },
    {
      "type": "Feature",
      "geometry": {
        "type": "Point",
        "coordinates": [
          76.3754,
          28.4849
        ]
      },
      "properties": {
        "name": "INDRA GANDHI STPP",
        "type": "Power Plant (Coal)",
        "category": "Thermal/Power Industry",
        "capacity_mw": 1500.0,
        "lat": 28.4849,
        "lon": 76.3754,
        "source": "WRI Power Database"
      }
    },
    {
      "type": "Feature",
      "geometry": {
        "type": "Point",
        "coordinates": [
          79.7515,
          11.5214
        ]
      },
      "properties": {
        "name": "ITPCL TPP",
        "type": "Power Plant (Coal)",
        "category": "Thermal/Power Industry",
        "capacity_mw": 1200.0,
        "lat": 11.5214,
        "lon": 79.7515,
        "source": "WRI Power Database"
      }
    },
    {
      "type": "Feature",
      "geometry": {
        "type": "Point",
        "coordinates": [
          77.06,
          23.033
        ]
      },
      "properties": {
        "name": "Icchawar",
        "type": "Power Plant (Solar)",
        "category": "Thermal/Power Industry",
        "capacity_mw": 9.0,
        "lat": 23.033,
        "lon": 77.06,
        "source": "WRI Power Database"
      }
    },
    {
      "type": "Feature",
      "geometry": {
        "type": "Point",
        "coordinates": [
          77.34,
          13.833
        ]
      },
      "properties": {
        "name": "Idihalli AF",
        "type": "Power Plant (Solar)",
        "category": "Thermal/Power Industry",
        "capacity_mw": 10.0,
        "lat": 13.833,
        "lon": 77.34,
        "source": "WRI Power Database"
      }
    },
    {
      "type": "Feature",
      "geometry": {
        "type": "Point",
        "coordinates": [
          77.33,
          13.81
        ]
      },
      "properties": {
        "name": "Idihalli CMS",
        "type": "Power Plant (Solar)",
        "category": "Thermal/Power Industry",
        "capacity_mw": 30.0,
        "lat": 13.81,
        "lon": 77.33,
        "source": "WRI Power Database"
      }
    },
    {
      "type": "Feature",
      "geometry": {
        "type": "Point",
        "coordinates": [
          75.827,
          17.024
        ]
      },
      "properties": {
        "name": "Indi Essel",
        "type": "Power Plant (Solar)",
        "category": "Thermal/Power Industry",
        "capacity_mw": 20.0,
        "lat": 17.024,
        "lon": 75.827,
        "source": "WRI Power Database"
      }
    },
    {
      "type": "Feature",
      "geometry": {
        "type": "Point",
        "coordinates": [
          75.93,
          17.17
        ]
      },
      "properties": {
        "name": "Indi Rays",
        "type": "Power Plant (Solar)",
        "category": "Thermal/Power Industry",
        "capacity_mw": 5.0,
        "lat": 17.17,
        "lon": 75.93,
        "source": "WRI Power Database"
      }
    },
    {
      "type": "Feature",
      "geometry": {
        "type": "Point",
        "coordinates": [
          77.44,
          14.178
        ]
      },
      "properties": {
        "name": "Indiranagar",
        "type": "Power Plant (Solar)",
        "category": "Thermal/Power Industry",
        "capacity_mw": 7.0,
        "lat": 14.178,
        "lon": 77.44,
        "source": "WRI Power Database"
      }
    },
    {
      "type": "Feature",
      "geometry": {
        "type": "Point",
        "coordinates": [
          76.0223,
          16.6208
        ]
      },
      "properties": {
        "name": "Ingaleshwar Wind Farm",
        "type": "Power Plant (Wind)",
        "category": "Thermal/Power Industry",
        "capacity_mw": 100.8,
        "lat": 16.6208,
        "lon": 76.0223,
        "source": "WRI Power Database"
      }
    },
    {
      "type": "Feature",
      "geometry": {
        "type": "Point",
        "coordinates": [
          72.5235,
          22.4809
        ]
      },
      "properties": {
        "name": "Isanpur Solar Power Plant",
        "type": "Power Plant (Solar)",
        "category": "Thermal/Power Industry",
        "capacity_mw": 1.0,
        "lat": 22.4809,
        "lon": 72.5235,
        "source": "WRI Power Database"
      }
    },
    {
      "type": "Feature",
      "geometry": {
        "type": "Point",
        "coordinates": [
          75.94,
          19.715
        ]
      },
      "properties": {
        "name": "Islamwadi",
        "type": "Power Plant (Solar)",
        "category": "Thermal/Power Industry",
        "capacity_mw": 50.0,
        "lat": 19.715,
        "lon": 75.94,
        "source": "WRI Power Database"
      }
    },
    {
      "type": "Feature",
      "geometry": {
        "type": "Point",
        "coordinates": [
          74.6641,
          16.4018
        ]
      },
      "properties": {
        "name": "Itnal Solar Power Plant",
        "type": "Power Plant (Solar)",
        "category": "Thermal/Power Industry",
        "capacity_mw": 3.0,
        "lat": 16.4018,
        "lon": 74.6641,
        "source": "WRI Power Database"
      }
    },
    {
      "type": "Feature",
      "geometry": {
        "type": "Point",
        "coordinates": [
          76.045,
          14.96
        ]
      },
      "properties": {
        "name": "Ittagi Hero",
        "type": "Power Plant (Solar)",
        "category": "Thermal/Power Industry",
        "capacity_mw": 40.0,
        "lat": 14.96,
        "lon": 76.045,
        "source": "WRI Power Database"
      }
    },
    {
      "type": "Feature",
      "geometry": {
        "type": "Point",
        "coordinates": [
          76.112,
          14.91
        ]
      },
      "properties": {
        "name": "Ittigi Hartek",
        "type": "Power Plant (Solar)",
        "category": "Thermal/Power Industry",
        "capacity_mw": 50.0,
        "lat": 14.91,
        "lon": 76.112,
        "source": "WRI Power Database"
      }
    },
    {
      "type": "Feature",
      "geometry": {
        "type": "Point",
        "coordinates": [
          78.345,
          10.88
        ]
      },
      "properties": {
        "name": "Iyyermalai",
        "type": "Power Plant (Solar)",
        "category": "Thermal/Power Industry",
        "capacity_mw": 75.0,
        "lat": 10.88,
        "lon": 78.345,
        "source": "WRI Power Database"
      }
    },
    {
      "type": "Feature",
      "geometry": {
        "type": "Point",
        "coordinates": [
          75.6778,
          25.0369
        ]
      },
      "properties": {
        "name": "J.SAGAR",
        "type": "Power Plant (Hydro)",
        "category": "Thermal/Power Industry",
        "capacity_mw": 99.0,
        "lat": 25.0369,
        "lon": 75.6778,
        "source": "WRI Power Database"
      }
    },
    {
      "type": "Feature",
      "geometry": {
        "type": "Point",
        "coordinates": [
          72.2242,
          27.601
        ]
      },
      "properties": {
        "name": "JAISALMER GODAWARI",
        "type": "Power Plant (Biomass)",
        "category": "Thermal/Power Industry",
        "capacity_mw": 50.0,
        "lat": 27.601,
        "lon": 72.2242,
        "source": "WRI Power Database"
      }
    },
    {
      "type": "Feature",
      "geometry": {
        "type": "Point",
        "coordinates": [
          88.8747,
          27.0297
        ]
      },
      "properties": {
        "name": "JALDHAKA I&II",
        "type": "Power Plant (Hydro)",
        "category": "Thermal/Power Industry",
        "capacity_mw": 36.0,
        "lat": 27.0297,
        "lon": 88.8747,
        "source": "WRI Power Database"
      }
    },
    {
      "type": "Feature",
      "geometry": {
        "type": "Point",
        "coordinates": [
          71.3236,
          25.8888
        ]
      },
      "properties": {
        "name": "JALLIPPA KAPURDI TPP",
        "type": "Power Plant (Coal)",
        "category": "Thermal/Power Industry",
        "capacity_mw": 1080.0,
        "lat": 25.8888,
        "lon": 71.3236,
        "source": "WRI Power Database"
      }
    },
    {
      "type": "Feature",
      "geometry": {
        "type": "Point",
        "coordinates": [
          73.0017,
          24.6963
        ]
      },
      "properties": {
        "name": "JAYKAYPURAM PLANT",
        "type": "Power Plant (Coal)",
        "category": "Thermal/Power Industry",
        "capacity_mw": 66.0,
        "lat": 24.6963,
        "lon": 73.0017,
        "source": "WRI Power Database"
      }
    },
    {
      "type": "Feature",
      "geometry": {
        "type": "Point",
        "coordinates": [
          81.1698,
          24.5286
        ]
      },
      "properties": {
        "name": "JAYPEE BELA CEMENT",
        "type": "Power Plant (Coal)",
        "category": "Thermal/Power Industry",
        "capacity_mw": 63.5,
        "lat": 24.5286,
        "lon": 81.1698,
        "source": "WRI Power Database"
      }
    },
    {
      "type": "Feature",
      "geometry": {
        "type": "Point",
        "coordinates": [
          81.1748,
          24.565
        ]
      },
      "properties": {
        "name": "JAYPEE REWA CEMENT",
        "type": "Power Plant (Coal)",
        "category": "Thermal/Power Industry",
        "capacity_mw": 54.5,
        "lat": 24.565,
        "lon": 81.1748,
        "source": "WRI Power Database"
      }
    },
    {
      "type": "Feature",
      "geometry": {
        "type": "Point",
        "coordinates": [
          81.3293,
          24.3272
        ]
      },
      "properties": {
        "name": "JAYPEE SIDHI CEMENT",
        "type": "Power Plant (Coal)",
        "category": "Thermal/Power Industry",
        "capacity_mw": 155.0,
        "lat": 24.3272,
        "lon": 81.3293,
        "source": "WRI Power Database"
      }
    },
    {
      "type": "Feature",
      "geometry": {
        "type": "Point",
        "coordinates": [
          81.86,
          16.9312
        ]
      },
      "properties": {
        "name": "JEGURUPADU GT",
        "type": "Power Plant (Gas)",
        "category": "Thermal/Power Industry",
        "capacity_mw": 445.674,
        "lat": 16.9312,
        "lon": 81.86,
        "source": "WRI Power Database"
      }
    },
    {
      "type": "Feature",
      "geometry": {
        "type": "Point",
        "coordinates": [
          74.7994,
          14.2273
        ]
      },
      "properties": {
        "name": "JOG",
        "type": "Power Plant (Hydro)",
        "category": "Thermal/Power Industry",
        "capacity_mw": 139.2,
        "lat": 14.2273,
        "lon": 74.7994,
        "source": "WRI Power Database"
      }
    },
    {
      "type": "Feature",
      "geometry": {
        "type": "Point",
        "coordinates": [
          86.2491,
          22.7554
        ]
      },
      "properties": {
        "name": "JOJBERA",
        "type": "Power Plant (Coal)",
        "category": "Thermal/Power Industry",
        "capacity_mw": 427.5,
        "lat": 22.7554,
        "lon": 86.2491,
        "source": "WRI Power Database"
      }
    },
    {
      "type": "Feature",
      "geometry": {
        "type": "Point",
        "coordinates": [
          88.2924,
          27.1598
        ]
      },
      "properties": {
        "name": "JORETHANG LOOP",
        "type": "Power Plant (Hydro)",
        "category": "Thermal/Power Industry",
        "capacity_mw": 96.0,
        "lat": 27.1598,
        "lon": 88.2924,
        "source": "WRI Power Database"
      }
    },
    {
      "type": "Feature",
      "geometry": {
        "type": "Point",
        "coordinates": [
          73.212,
          17.297
        ]
      },
      "properties": {
        "name": "JSW RATNAGIRI TPP",
        "type": "Power Plant (Coal)",
        "category": "Thermal/Power Industry",
        "capacity_mw": 1200.0,
        "lat": 17.297,
        "lon": 73.212,
        "source": "WRI Power Database"
      }
    },
    {
      "type": "Feature",
      "geometry": {
        "type": "Point",
        "coordinates": [
          71.2801,
          20.8772
        ]
      },
      "properties": {
        "name": "Jafrabad Solar Power Plant",
        "type": "Power Plant (Solar)",
        "category": "Thermal/Power Industry",
        "capacity_mw": 15.0,
        "lat": 20.8772,
        "lon": 71.2801,
        "source": "WRI Power Database"
      }
    },
    {
      "type": "Feature",
      "geometry": {
        "type": "Point",
        "coordinates": [
          79.104,
          18.824
        ]
      },
      "properties": {
        "name": "Jagtial",
        "type": "Power Plant (Solar)",
        "category": "Thermal/Power Industry",
        "capacity_mw": 30.0,
        "lat": 18.824,
        "lon": 79.104,
        "source": "WRI Power Database"
      }
    },
    {
      "type": "Feature",
      "geometry": {
        "type": "Point",
        "coordinates": [
          77.318,
          28.282
        ]
      },
      "properties": {
        "name": "Jajru",
        "type": "Power Plant (Solar)",
        "category": "Thermal/Power Industry",
        "capacity_mw": 5.0,
        "lat": 28.282,
        "lon": 77.318,
        "source": "WRI Power Database"
      }
    },
    {
      "type": "Feature",
      "geometry": {
        "type": "Point",
        "coordinates": [
          79.52,
          26.27
        ]
      },
      "properties": {
        "name": "Jalaun SD",
        "type": "Power Plant (Solar)",
        "category": "Thermal/Power Industry",
        "capacity_mw": 75.0,
        "lat": 26.27,
        "lon": 79.52,
        "source": "WRI Power Database"
      }
    },
    {
      "type": "Feature",
      "geometry": {
        "type": "Point",
        "coordinates": [
          78.105,
          20.775
        ]
      },
      "properties": {
        "name": "Jalgaon Arvi",
        "type": "Power Plant (Solar)",
        "category": "Thermal/Power Industry",
        "capacity_mw": 20.0,
        "lat": 20.775,
        "lon": 78.105,
        "source": "WRI Power Database"
      }
    },
    {
      "type": "Feature",
      "geometry": {
        "type": "Point",
        "coordinates": [
          77.78,
          9.81
        ]
      },
      "properties": {
        "name": "Jambalapuram",
        "type": "Power Plant (Solar)",
        "category": "Thermal/Power Industry",
        "capacity_mw": 20.0,
        "lat": 9.81,
        "lon": 77.78,
        "source": "WRI Power Database"
      }
    },
    {
      "type": "Feature",
      "geometry": {
        "type": "Point",
        "coordinates": [
          87.0695,
          23.7162
        ]
      },
      "properties": {
        "name": "Jamuria Solar Power Plant",
        "type": "Power Plant (Solar)",
        "category": "Thermal/Power Industry",
        "capacity_mw": 2.0,
        "lat": 23.7162,
        "lon": 87.0695,
        "source": "WRI Power Database"
      }
    },
    {
      "type": "Feature",
      "geometry": {
        "type": "Point",
        "coordinates": [
          70.509,
          23.2409
        ]
      },
      "properties": {
        "name": "Jangi Wind Farm",
        "type": "Power Plant (Wind)",
        "category": "Thermal/Power Industry",
        "capacity_mw": 91.8,
        "lat": 23.2409,
        "lon": 70.509,
        "source": "WRI Power Database"
      }
    },
    {
      "type": "Feature",
      "geometry": {
        "type": "Point",
        "coordinates": [
          70.5465,
          23.208
        ]
      },
      "properties": {
        "name": "Jangi village wind farm",
        "type": "Power Plant (Wind)",
        "category": "Thermal/Power Industry",
        "capacity_mw": 10.5,
        "lat": 23.208,
        "lon": 70.5465,
        "source": "WRI Power Database"
      }
    },
    {
      "type": "Feature",
      "geometry": {
        "type": "Point",
        "coordinates": [
          72.779,
          27.117
        ]
      },
      "properties": {
        "name": "Jatisara",
        "type": "Power Plant (Solar)",
        "category": "Thermal/Power Industry",
        "capacity_mw": 5.0,
        "lat": 27.117,
        "lon": 72.779,
        "source": "WRI Power Database"
      }
    },
    {
      "type": "Feature",
      "geometry": {
        "type": "Point",
        "coordinates": [
          78.428,
          17.572
        ]
      },
      "properties": {
        "name": "Jeedimetla",
        "type": "Power Plant (Solar)",
        "category": "Thermal/Power Industry",
        "capacity_mw": 10.0,
        "lat": 17.572,
        "lon": 78.428,
        "source": "WRI Power Database"
      }
    },
    {
      "type": "Feature",
      "geometry": {
        "type": "Point",
        "coordinates": [
          72.7629,
          26.5255
        ]
      },
      "properties": {
        "name": "Jeloo Wind Farm",
        "type": "Power Plant (Wind)",
        "category": "Thermal/Power Industry",
        "capacity_mw": 29.6,
        "lat": 26.5255,
        "lon": 72.7629,
        "source": "WRI Power Database"
      }
    },
    {
      "type": "Feature",
      "geometry": {
        "type": "Point",
        "coordinates": [
          72.715,
          26.86
        ]
      },
      "properties": {
        "name": "Jodhpur SP",
        "type": "Power Plant (Solar)",
        "category": "Thermal/Power Industry",
        "capacity_mw": 50.0,
        "lat": 26.86,
        "lon": 72.715,
        "source": "WRI Power Database"
      }
    },
    {
      "type": "Feature",
      "geometry": {
        "type": "Point",
        "coordinates": [
          70.3961,
          22.7532
        ]
      },
      "properties": {
        "name": "Jodiya Wind Farm",
        "type": "Power Plant (Wind)",
        "category": "Thermal/Power Industry",
        "capacity_mw": 33.0,
        "lat": 22.7532,
        "lon": 70.3961,
        "source": "WRI Power Database"
      }
    },
    {
      "type": "Feature",
      "geometry": {
        "type": "Point",
        "coordinates": [
          78.016,
          17.866
        ]
      },
      "properties": {
        "name": "Jogipet",
        "type": "Power Plant (Solar)",
        "category": "Thermal/Power Industry",
        "capacity_mw": 8.4,
        "lat": 17.866,
        "lon": 78.016,
        "source": "WRI Power Database"
      }
    },
    {
      "type": "Feature",
      "geometry": {
        "type": "Point",
        "coordinates": [
          74.2393,
          21.2261
        ]
      },
      "properties": {
        "name": "K.N. Ram Kaltek Wind Farm",
        "type": "Power Plant (Wind)",
        "category": "Thermal/Power Industry",
        "capacity_mw": 10.25,
        "lat": 21.2261,
        "lon": 74.2393,
        "source": "WRI Power Database"
      }
    },
    {
      "type": "Feature",
      "geometry": {
        "type": "Point",
        "coordinates": [
          77.0435,
          10.4104
        ]
      },
      "properties": {
        "name": "KADAMPARI",
        "type": "Power Plant (Hydro)",
        "category": "Thermal/Power Industry",
        "capacity_mw": 400.0,
        "lat": 10.4104,
        "lon": 77.0435,
        "source": "WRI Power Database"
      }
    },
    {
      "type": "Feature",
      "geometry": {
        "type": "Point",
        "coordinates": [
          73.8254,
          23.3045
        ]
      },
      "properties": {
        "name": "KADANA",
        "type": "Power Plant (Hydro)",
        "category": "Thermal/Power Industry",
        "capacity_mw": 240.0,
        "lat": 23.3045,
        "lon": 73.8254,
        "source": "WRI Power Database"
      }
    },
    {
      "type": "Feature",
      "geometry": {
        "type": "Point",
        "coordinates": [
          74.3916,
          14.8901
        ]
      },
      "properties": {
        "name": "KADRA",
        "type": "Power Plant (Hydro)",
        "category": "Thermal/Power Industry",
        "capacity_mw": 150.0,
        "lat": 14.8901,
        "lon": 74.3916,
        "source": "WRI Power Database"
      }
    },
    {
      "type": "Feature",
      "geometry": {
        "type": "Point",
        "coordinates": [
          87.2635,
          25.2349
        ]
      },
      "properties": {
        "name": "KAHALGAON",
        "type": "Power Plant (Coal)",
        "category": "Thermal/Power Industry",
        "capacity_mw": 2340.0,
        "lat": 25.2349,
        "lon": 87.2635,
        "source": "WRI Power Database"
      }
    },
    {
      "type": "Feature",
      "geometry": {
        "type": "Point",
        "coordinates": [
          74.4385,
          14.865
        ]
      },
      "properties": {
        "name": "KAIGA",
        "type": "Power Plant (Nuclear)",
        "category": "Thermal/Power Industry",
        "capacity_mw": 880.0,
        "lat": 14.865,
        "lon": 74.4385,
        "source": "WRI Power Database"
      }
    },
    {
      "type": "Feature",
      "geometry": {
        "type": "Point",
        "coordinates": [
          79.8265,
          18.3835
        ]
      },
      "properties": {
        "name": "KAKATIYA TPP",
        "type": "Power Plant (Coal)",
        "category": "Thermal/Power Industry",
        "capacity_mw": 1100.0,
        "lat": 18.3835,
        "lon": 79.8265,
        "source": "WRI Power Database"
      }
    },
    {
      "type": "Feature",
      "geometry": {
        "type": "Point",
        "coordinates": [
          76.9717,
          9.3275
        ]
      },
      "properties": {
        "name": "KAKKAD",
        "type": "Power Plant (Hydro)",
        "category": "Thermal/Power Industry",
        "capacity_mw": 50.0,
        "lat": 9.3275,
        "lon": 76.9717,
        "source": "WRI Power Database"
      }
    },
    {
      "type": "Feature",
      "geometry": {
        "type": "Point",
        "coordinates": [
          73.3489,
          21.2384
        ]
      },
      "properties": {
        "name": "KAKRAPARA",
        "type": "Power Plant (Nuclear)",
        "category": "Thermal/Power Industry",
        "capacity_mw": 440.0,
        "lat": 21.2384,
        "lon": 73.3489,
        "source": "WRI Power Database"
      }
    },
    {
      "type": "Feature",
      "geometry": {
        "type": "Point",
        "coordinates": [
          74.5268,
          15.2761
        ]
      },
      "properties": {
        "name": "KALINADI",
        "type": "Power Plant (Hydro)",
        "category": "Thermal/Power Industry",
        "capacity_mw": 855.0,
        "lat": 15.2761,
        "lon": 74.5268,
        "source": "WRI Power Database"
      }
    },
    {
      "type": "Feature",
      "geometry": {
        "type": "Point",
        "coordinates": [
          74.5268,
          15.2761
        ]
      },
      "properties": {
        "name": "KALINADI SUPA",
        "type": "Power Plant (Hydro)",
        "category": "Thermal/Power Industry",
        "capacity_mw": 100.0,
        "lat": 15.2761,
        "lon": 74.5268,
        "source": "WRI Power Database"
      }
    },
    {
      "type": "Feature",
      "geometry": {
        "type": "Point",
        "coordinates": [
          76.0986,
          24.5295
        ]
      },
      "properties": {
        "name": "KALISINDH",
        "type": "Power Plant (Coal)",
        "category": "Thermal/Power Industry",
        "capacity_mw": 1200.0,
        "lat": 24.5295,
        "lon": 76.0986,
        "source": "WRI Power Database"
      }
    },
    {
      "type": "Feature",
      "geometry": {
        "type": "Point",
        "coordinates": [
          77.0697,
          8.9553
        ]
      },
      "properties": {
        "name": "KALLADA",
        "type": "Power Plant (Hydro)",
        "category": "Thermal/Power Industry",
        "capacity_mw": 15.0,
        "lat": 8.9553,
        "lon": 77.0697,
        "source": "WRI Power Database"
      }
    },
    {
      "type": "Feature",
      "geometry": {
        "type": "Point",
        "coordinates": [
          77.4389,
          17.3821
        ]
      },
      "properties": {
        "name": "KALLUR GRINDING",
        "type": "Power Plant (Coal)",
        "category": "Thermal/Power Industry",
        "capacity_mw": 30.0,
        "lat": 17.3821,
        "lon": 77.4389,
        "source": "WRI Power Database"
      }
    },
    {
      "type": "Feature",
      "geometry": {
        "type": "Point",
        "coordinates": [
          80.831,
          24.6266
        ]
      },
      "properties": {
        "name": "KAMAL SPONGE",
        "type": "Power Plant (Coal)",
        "category": "Thermal/Power Industry",
        "capacity_mw": 12.0,
        "lat": 24.6266,
        "lon": 80.831,
        "source": "WRI Power Database"
      }
    },
    {
      "type": "Feature",
      "geometry": {
        "type": "Point",
        "coordinates": [
          85.2671,
          20.87
        ]
      },
      "properties": {
        "name": "KAMALANGA",
        "type": "Power Plant (Coal)",
        "category": "Thermal/Power Industry",
        "capacity_mw": 1050.0,
        "lat": 20.87,
        "lon": 85.2671,
        "source": "WRI Power Database"
      }
    },
    {
      "type": "Feature",
      "geometry": {
        "type": "Point",
        "coordinates": [
          73.917,
          17.7384
        ]
      },
      "properties": {
        "name": "KANHER",
        "type": "Power Plant (Hydro)",
        "category": "Thermal/Power Industry",
        "capacity_mw": 4.0,
        "lat": 17.7384,
        "lon": 73.917,
        "source": "WRI Power Database"
      }
    },
    {
      "type": "Feature",
      "geometry": {
        "type": "Point",
        "coordinates": [
          74.2459,
          17.1657
        ]
      },
      "properties": {
        "name": "KARAD MILL",
        "type": "Power Plant (Biomass)",
        "category": "Thermal/Power Industry",
        "capacity_mw": 16.0,
        "lat": 17.1657,
        "lon": 74.2459,
        "source": "WRI Power Database"
      }
    },
    {
      "type": "Feature",
      "geometry": {
        "type": "Point",
        "coordinates": [
          79.8216,
          10.9325
        ]
      },
      "properties": {
        "name": "KARAIKAL",
        "type": "Power Plant (Gas)",
        "category": "Thermal/Power Industry",
        "capacity_mw": 32.5,
        "lat": 10.9325,
        "lon": 79.8216,
        "source": "WRI Power Database"
      }
    },
    {
      "type": "Feature",
      "geometry": {
        "type": "Point",
        "coordinates": [
          92.5171,
          25.9552
        ]
      },
      "properties": {
        "name": "KARBI LANGPI",
        "type": "Power Plant (Hydro)",
        "category": "Thermal/Power Industry",
        "capacity_mw": 100.0,
        "lat": 25.9552,
        "lon": 92.5171,
        "source": "WRI Power Database"
      }
    },
    {
      "type": "Feature",
      "geometry": {
        "type": "Point",
        "coordinates": [
          78.1073,
          31.5156
        ]
      },
      "properties": {
        "name": "KARCHAM WANGTOO",
        "type": "Power Plant (Hydro)",
        "category": "Thermal/Power Industry",
        "capacity_mw": 1000.0,
        "lat": 31.5156,
        "lon": 78.1073,
        "source": "WRI Power Database"
      }
    },
    {
      "type": "Feature",
      "geometry": {
        "type": "Point",
        "coordinates": [
          76.1299,
          34.5605
        ]
      },
      "properties": {
        "name": "KARGIL",
        "type": "Power Plant (Hydro)",
        "category": "Thermal/Power Industry",
        "capacity_mw": 3.75,
        "lat": 34.5605,
        "lon": 76.1299,
        "source": "WRI Power Database"
      }
    },
    {
      "type": "Feature",
      "geometry": {
        "type": "Point",
        "coordinates": [
          79.5287,
          11.1208
        ]
      },
      "properties": {
        "name": "KARUPPUR GT",
        "type": "Power Plant (Gas)",
        "category": "Thermal/Power Industry",
        "capacity_mw": 119.8,
        "lat": 11.1208,
        "lon": 79.5287,
        "source": "WRI Power Database"
      }
    },
    {
      "type": "Feature",
      "geometry": {
        "type": "Point",
        "coordinates": [
          82.5549,
          22.389
        ]
      },
      "properties": {
        "name": "KASAIPALLI",
        "type": "Power Plant (Coal)",
        "category": "Thermal/Power Industry",
        "capacity_mw": 270.0,
        "lat": 22.389,
        "lon": 82.5549,
        "source": "WRI Power Database"
      }
    },
    {
      "type": "Feature",
      "geometry": {
        "type": "Point",
        "coordinates": [
          74.9929,
          12.4837
        ]
      },
      "properties": {
        "name": "KASARGODE DG",
        "type": "Power Plant (Oil)",
        "category": "Thermal/Power Industry",
        "capacity_mw": 21.84,
        "lat": 12.4837,
        "lon": 74.9929,
        "source": "WRI Power Database"
      }
    },
    {
      "type": "Feature",
      "geometry": {
        "type": "Point",
        "coordinates": [
          75.4568,
          22.1335
        ]
      },
      "properties": {
        "name": "KASRAWAD FACTORY",
        "type": "Power Plant (Coal)",
        "category": "Thermal/Power Industry",
        "capacity_mw": 10.0,
        "lat": 22.1335,
        "lon": 75.4568,
        "source": "WRI Power Database"
      }
    },
    {
      "type": "Feature",
      "geometry": {
        "type": "Point",
        "coordinates": [
          95.408,
          27.341
        ]
      },
      "properties": {
        "name": "KATHALGURI GT",
        "type": "Power Plant (Gas)",
        "category": "Thermal/Power Industry",
        "capacity_mw": 291.0,
        "lat": 27.341,
        "lon": 95.408,
        "source": "WRI Power Database"
      }
    },
    {
      "type": "Feature",
      "geometry": {
        "type": "Point",
        "coordinates": [
          76.737,
          24.7773
        ]
      },
      "properties": {
        "name": "KAWAI TPP",
        "type": "Power Plant (Coal)",
        "category": "Thermal/Power Industry",
        "capacity_mw": 1320.0,
        "lat": 24.7773,
        "lon": 76.737,
        "source": "WRI Power Database"
      }
    },
    {
      "type": "Feature",
      "geometry": {
        "type": "Point",
        "coordinates": [
          72.6879,
          21.175
        ]
      },
      "properties": {
        "name": "KAWAS GT",
        "type": "Power Plant (Gas)",
        "category": "Thermal/Power Industry",
        "capacity_mw": 645.0,
        "lat": 21.175,
        "lon": 72.6879,
        "source": "WRI Power Database"
      }
    },
    {
      "type": "Feature",
      "geometry": {
        "type": "Point",
        "coordinates": [
          76.4283,
          9.2404
        ]
      },
      "properties": {
        "name": "KAYAM KULAM GT",
        "type": "Power Plant (Gas)",
        "category": "Thermal/Power Industry",
        "capacity_mw": 350.0,
        "lat": 9.2404,
        "lon": 76.4283,
        "source": "WRI Power Database"
      }
    },
    {
      "type": "Feature",
      "geometry": {
        "type": "Point",
        "coordinates": [
          75.3131,
          14.7753
        ]
      },
      "properties": {
        "name": "KCSF SANGUR",
        "type": "Power Plant (Biomass)",
        "category": "Thermal/Power Industry",
        "capacity_mw": 18.0,
        "lat": 14.7753,
        "lon": 75.3131,
        "source": "WRI Power Database"
      }
    },
    {
      "type": "Feature",
      "geometry": {
        "type": "Point",
        "coordinates": [
          73.6116,
          18.3803
        ]
      },
      "properties": {
        "name": "KHADAVASLA I&II",
        "type": "Power Plant (Hydro)",
        "category": "Thermal/Power Industry",
        "capacity_mw": 16.0,
        "lat": 18.3803,
        "lon": 73.6116,
        "source": "WRI Power Database"
      }
    },
    {
      "type": "Feature",
      "geometry": {
        "type": "Point",
        "coordinates": [
          80.8307,
          28.017
        ]
      },
      "properties": {
        "name": "KHAMBERKHERA IPP",
        "type": "Power Plant (Coal)",
        "category": "Thermal/Power Industry",
        "capacity_mw": 90.0,
        "lat": 28.017,
        "lon": 80.8307,
        "source": "WRI Power Database"
      }
    },
    {
      "type": "Feature",
      "geometry": {
        "type": "Point",
        "coordinates": [
          92.6679,
          25.5177
        ]
      },
      "properties": {
        "name": "KHANDONG",
        "type": "Power Plant (Hydro)",
        "category": "Thermal/Power Industry",
        "capacity_mw": 50.0,
        "lat": 25.5177,
        "lon": 92.6679,
        "source": "WRI Power Database"
      }
    },
    {
      "type": "Feature",
      "geometry": {
        "type": "Point",
        "coordinates": [
          77.6017,
          30.3508
        ]
      },
      "properties": {
        "name": "KHARA",
        "type": "Power Plant (Hydro)",
        "category": "Thermal/Power Industry",
        "capacity_mw": 72.0,
        "lat": 30.3508,
        "lon": 77.6017,
        "source": "WRI Power Database"
      }
    },
    {
      "type": "Feature",
      "geometry": {
        "type": "Point",
        "coordinates": [
          80.0243,
          28.9232
        ]
      },
      "properties": {
        "name": "KHATIMA",
        "type": "Power Plant (Hydro)",
        "category": "Thermal/Power Industry",
        "capacity_mw": 41.4,
        "lat": 28.9232,
        "lon": 80.0243,
        "source": "WRI Power Database"
      }
    },
    {
      "type": "Feature",
      "geometry": {
        "type": "Point",
        "coordinates": [
          77.8001,
          30.5085
        ]
      },
      "properties": {
        "name": "KHODRI",
        "type": "Power Plant (Hydro)",
        "category": "Thermal/Power Industry",
        "capacity_mw": 120.0,
        "lat": 30.5085,
        "lon": 77.8001,
        "source": "WRI Power Database"
      }
    },
    {
      "type": "Feature",
      "geometry": {
        "type": "Point",
        "coordinates": [
          73.3558,
          18.7817
        ]
      },
      "properties": {
        "name": "KHOPOLI",
        "type": "Power Plant (Hydro)",
        "category": "Thermal/Power Industry",
        "capacity_mw": 72.0,
        "lat": 18.7817,
        "lon": 73.3558,
        "source": "WRI Power Database"
      }
    },
    {
      "type": "Feature",
      "geometry": {
        "type": "Point",
        "coordinates": [
          73.259,
          18.7712
        ]
      },
      "properties": {
        "name": "KHOPOLI WORKS",
        "type": "Power Plant (Coal)",
        "category": "Thermal/Power Industry",
        "capacity_mw": 60.0,
        "lat": 18.7712,
        "lon": 73.259,
        "source": "WRI Power Database"
      }
    },
    {
      "type": "Feature",
      "geometry": {
        "type": "Point",
        "coordinates": [
          74.7514,
          34.649
        ]
      },
      "properties": {
        "name": "KISHENGANGA",
        "type": "Power Plant (Hydro)",
        "category": "Thermal/Power Industry",
        "capacity_mw": 330.0,
        "lat": 34.649,
        "lon": 74.7514,
        "source": "WRI Power Database"
      }
    },
    {
      "type": "Feature",
      "geometry": {
        "type": "Point",
        "coordinates": [
          77.0411,
          12.4806
        ]
      },
      "properties": {
        "name": "KM DODDI SUGAR",
        "type": "Power Plant (Biomass)",
        "category": "Thermal/Power Industry",
        "capacity_mw": 26.0,
        "lat": 12.4806,
        "lon": 77.0411,
        "source": "WRI Power Database"
      }
    },
    {
      "type": "Feature",
      "geometry": {
        "type": "Point",
        "coordinates": [
          74.5904,
          14.955
        ]
      },
      "properties": {
        "name": "KODASALI",
        "type": "Power Plant (Hydro)",
        "category": "Thermal/Power Industry",
        "capacity_mw": 120.0,
        "lat": 14.955,
        "lon": 74.5904,
        "source": "WRI Power Database"
      }
    },
    {
      "type": "Feature",
      "geometry": {
        "type": "Point",
        "coordinates": [
          77.3125,
          8.5319
        ]
      },
      "properties": {
        "name": "KODAYAR-I&II",
        "type": "Power Plant (Hydro)",
        "category": "Thermal/Power Industry",
        "capacity_mw": 100.0,
        "lat": 8.5319,
        "lon": 77.3125,
        "source": "WRI Power Database"
      }
    },
    {
      "type": "Feature",
      "geometry": {
        "type": "Point",
        "coordinates": [
          85.5517,
          24.3858
        ]
      },
      "properties": {
        "name": "KODERMA",
        "type": "Power Plant (Coal)",
        "category": "Thermal/Power Industry",
        "capacity_mw": 1000.0,
        "lat": 24.3858,
        "lon": 85.5517,
        "source": "WRI Power Database"
      }
    },
    {
      "type": "Feature",
      "geometry": {
        "type": "Point",
        "coordinates": [
          75.8067,
          11.2054
        ]
      },
      "properties": {
        "name": "KOJIKODE DG",
        "type": "Power Plant (Oil)",
        "category": "Thermal/Power Industry",
        "capacity_mw": 96.0,
        "lat": 11.2054,
        "lon": 75.8067,
        "source": "WRI Power Database"
      }
    },
    {
      "type": "Feature",
      "geometry": {
        "type": "Point",
        "coordinates": [
          87.8713,
          22.4157
        ]
      },
      "properties": {
        "name": "KOLAGHAT",
        "type": "Power Plant (Coal)",
        "category": "Thermal/Power Industry",
        "capacity_mw": 1260.0,
        "lat": 22.4157,
        "lon": 87.8713,
        "source": "WRI Power Database"
      }
    },
    {
      "type": "Feature",
      "geometry": {
        "type": "Point",
        "coordinates": [
          76.8761,
          31.382
        ]
      },
      "properties": {
        "name": "KOLDAM",
        "type": "Power Plant (Hydro)",
        "category": "Thermal/Power Industry",
        "capacity_mw": 800.0,
        "lat": 31.382,
        "lon": 76.8761,
        "source": "WRI Power Database"
      }
    },
    {
      "type": "Feature",
      "geometry": {
        "type": "Point",
        "coordinates": [
          74.4583,
          16.0327
        ]
      },
      "properties": {
        "name": "KOLHAPUR HEMARUS",
        "type": "Power Plant (Biomass)",
        "category": "Thermal/Power Industry",
        "capacity_mw": 20.0,
        "lat": 16.0327,
        "lon": 74.4583,
        "source": "WRI Power Database"
      }
    },
    {
      "type": "Feature",
      "geometry": {
        "type": "Point",
        "coordinates": [
          74.2993,
          16.589
        ]
      },
      "properties": {
        "name": "KOLHAPUR KAGAL",
        "type": "Power Plant (Biomass)",
        "category": "Thermal/Power Industry",
        "capacity_mw": 20.0,
        "lat": 16.589,
        "lon": 74.2993,
        "source": "WRI Power Database"
      }
    },
    {
      "type": "Feature",
      "geometry": {
        "type": "Point",
        "coordinates": [
          74.1201,
          16.689
        ]
      },
      "properties": {
        "name": "KOLHAPUR KUMBHI",
        "type": "Power Plant (Biomass)",
        "category": "Thermal/Power Industry",
        "capacity_mw": 17.5,
        "lat": 16.689,
        "lon": 74.1201,
        "source": "WRI Power Database"
      }
    },
    {
      "type": "Feature",
      "geometry": {
        "type": "Point",
        "coordinates": [
          76.7606,
          12.1056
        ]
      },
      "properties": {
        "name": "KOLLEGAL SUGAR",
        "type": "Power Plant (Biomass)",
        "category": "Thermal/Power Industry",
        "capacity_mw": 16.0,
        "lat": 12.1056,
        "lon": 76.7606,
        "source": "WRI Power Database"
      }
    },
    {
      "type": "Feature",
      "geometry": {
        "type": "Point",
        "coordinates": [
          81.8622,
          16.7346
        ]
      },
      "properties": {
        "name": "KONASEEMA CCCP",
        "type": "Power Plant (Gas)",
        "category": "Thermal/Power Industry",
        "capacity_mw": 445.0,
        "lat": 16.7346,
        "lon": 81.8622,
        "source": "WRI Power Database"
      }
    },
    {
      "type": "Feature",
      "geometry": {
        "type": "Point",
        "coordinates": [
          80.5504,
          16.64
        ]
      },
      "properties": {
        "name": "KONDAPALLI GT",
        "type": "Power Plant (Gas)",
        "category": "Thermal/Power Industry",
        "capacity_mw": 1458.0,
        "lat": 16.64,
        "lon": 80.5504,
        "source": "WRI Power Database"
      }
    },
    {
      "type": "Feature",
      "geometry": {
        "type": "Point",
        "coordinates": [
          92.6679,
          25.5177
        ]
      },
      "properties": {
        "name": "KOPILI",
        "type": "Power Plant (Hydro)",
        "category": "Thermal/Power Industry",
        "capacity_mw": 200.0,
        "lat": 25.5177,
        "lon": 92.6679,
        "source": "WRI Power Database"
      }
    },
    {
      "type": "Feature",
      "geometry": {
        "type": "Point",
        "coordinates": [
          76.9787,
          12.702
        ]
      },
      "properties": {
        "name": "KOPPA SUGAR",
        "type": "Power Plant (Biomass)",
        "category": "Thermal/Power Industry",
        "capacity_mw": 26.0,
        "lat": 12.702,
        "lon": 76.9787,
        "source": "WRI Power Database"
      }
    },
    {
      "type": "Feature",
      "geometry": {
        "type": "Point",
        "coordinates": [
          76.2507,
          15.316
        ]
      },
      "properties": {
        "name": "KOPPAL HKMP",
        "type": "Power Plant (Coal)",
        "category": "Thermal/Power Industry",
        "capacity_mw": 12.0,
        "lat": 15.316,
        "lon": 76.2507,
        "source": "WRI Power Database"
      }
    },
    {
      "type": "Feature",
      "geometry": {
        "type": "Point",
        "coordinates": [
          79.096,
          21.2414
        ]
      },
      "properties": {
        "name": "KORADI",
        "type": "Power Plant (Coal)",
        "category": "Thermal/Power Industry",
        "capacity_mw": 2400.0,
        "lat": 21.2414,
        "lon": 79.096,
        "source": "WRI Power Database"
      }
    },
    {
      "type": "Feature",
      "geometry": {
        "type": "Point",
        "coordinates": [
          82.6858,
          22.3881
        ]
      },
      "properties": {
        "name": "KORBA STPS",
        "type": "Power Plant (Coal)",
        "category": "Thermal/Power Industry",
        "capacity_mw": 2600.0,
        "lat": 22.3881,
        "lon": 82.6858,
        "source": "WRI Power Database"
      }
    },
    {
      "type": "Feature",
      "geometry": {
        "type": "Point",
        "coordinates": [
          82.7188,
          22.3828
        ]
      },
      "properties": {
        "name": "KORBA-EAST",
        "type": "Power Plant (Coal)",
        "category": "Thermal/Power Industry",
        "capacity_mw": 890.0,
        "lat": 22.3828,
        "lon": 82.7188,
        "source": "WRI Power Database"
      }
    },
    {
      "type": "Feature",
      "geometry": {
        "type": "Point",
        "coordinates": [
          82.6888,
          22.4118
        ]
      },
      "properties": {
        "name": "KORBA-WEST",
        "type": "Power Plant (Coal)",
        "category": "Thermal/Power Industry",
        "capacity_mw": 1340.0,
        "lat": 22.4118,
        "lon": 82.6888,
        "source": "WRI Power Database"
      }
    },
    {
      "type": "Feature",
      "geometry": {
        "type": "Point",
        "coordinates": [
          86.9549,
          26.497
        ]
      },
      "properties": {
        "name": "KOSI",
        "type": "Power Plant (Hydro)",
        "category": "Thermal/Power Industry",
        "capacity_mw": 20.0,
        "lat": 26.497,
        "lon": 86.9549,
        "source": "WRI Power Database"
      }
    },
    {
      "type": "Feature",
      "geometry": {
        "type": "Point",
        "coordinates": [
          75.8171,
          25.1712
        ]
      },
      "properties": {
        "name": "KOTA",
        "type": "Power Plant (Coal)",
        "category": "Thermal/Power Industry",
        "capacity_mw": 1240.0,
        "lat": 25.1712,
        "lon": 75.8171,
        "source": "WRI Power Database"
      }
    },
    {
      "type": "Feature",
      "geometry": {
        "type": "Point",
        "coordinates": [
          75.8883,
          25.1386
        ]
      },
      "properties": {
        "name": "KOTA COMPLEX",
        "type": "Power Plant (Coal)",
        "category": "Thermal/Power Industry",
        "capacity_mw": 125.0,
        "lat": 25.1386,
        "lon": 75.8883,
        "source": "WRI Power Database"
      }
    },
    {
      "type": "Feature",
      "geometry": {
        "type": "Point",
        "coordinates": [
          78.4971,
          30.2594
        ]
      },
      "properties": {
        "name": "KOTESHWAR",
        "type": "Power Plant (Hydro)",
        "category": "Thermal/Power Industry",
        "capacity_mw": 400.0,
        "lat": 30.2594,
        "lon": 78.4971,
        "source": "WRI Power Database"
      }
    },
    {
      "type": "Feature",
      "geometry": {
        "type": "Point",
        "coordinates": [
          76.492,
          31.268
        ]
      },
      "properties": {
        "name": "KOTLA",
        "type": "Power Plant (Hydro)",
        "category": "Thermal/Power Industry",
        "capacity_mw": 77.65,
        "lat": 31.268,
        "lon": 76.492,
        "source": "WRI Power Database"
      }
    },
    {
      "type": "Feature",
      "geometry": {
        "type": "Point",
        "coordinates": [
          79.4507,
          10.5415
        ]
      },
      "properties": {
        "name": "KOVILKALAPPAL",
        "type": "Power Plant (Gas)",
        "category": "Thermal/Power Industry",
        "capacity_mw": 107.88,
        "lat": 10.5415,
        "lon": 79.4507,
        "source": "WRI Power Database"
      }
    },
    {
      "type": "Feature",
      "geometry": {
        "type": "Point",
        "coordinates": [
          73.684,
          17.4599
        ]
      },
      "properties": {
        "name": "KOYNA COMPLEX",
        "type": "Power Plant (Hydro)",
        "category": "Thermal/Power Industry",
        "capacity_mw": 1956.0,
        "lat": 17.4599,
        "lon": 73.684,
        "source": "WRI Power Database"
      }
    },
    {
      "type": "Feature",
      "geometry": {
        "type": "Point",
        "coordinates": [
          77.0912,
          10.9328
        ]
      },
      "properties": {
        "name": "KS Oils Chinnakuyili Wind Farm",
        "type": "Power Plant (Wind)",
        "category": "Thermal/Power Industry",
        "capacity_mw": 12.0,
        "lat": 10.9328,
        "lon": 77.0912,
        "source": "WRI Power Database"
      }
    },
    {
      "type": "Feature",
      "geometry": {
        "type": "Point",
        "coordinates": [
          75.8349,
          16.4994
        ]
      },
      "properties": {
        "name": "KUDGI",
        "type": "Power Plant (Coal)",
        "category": "Thermal/Power Industry",
        "capacity_mw": 2400.0,
        "lat": 16.4994,
        "lon": 75.8349,
        "source": "WRI Power Database"
      }
    },
    {
      "type": "Feature",
      "geometry": {
        "type": "Point",
        "coordinates": [
          77.6296,
          30.4289
        ]
      },
      "properties": {
        "name": "KULHAL",
        "type": "Power Plant (Hydro)",
        "category": "Thermal/Power Industry",
        "capacity_mw": 30.0,
        "lat": 30.4289,
        "lon": 77.6296,
        "source": "WRI Power Database"
      }
    },
    {
      "type": "Feature",
      "geometry": {
        "type": "Point",
        "coordinates": [
          78.289,
          15.658
        ]
      },
      "properties": {
        "name": "KUMSP} Adani",
        "type": "Power Plant (Solar)",
        "category": "Thermal/Power Industry",
        "capacity_mw": 50.0,
        "lat": 15.658,
        "lon": 78.289,
        "source": "WRI Power Database"
      }
    },
    {
      "type": "Feature",
      "geometry": {
        "type": "Point",
        "coordinates": [
          78.277,
          15.655
        ]
      },
      "properties": {
        "name": "KUMSP} Azure",
        "type": "Power Plant (Solar)",
        "category": "Thermal/Power Industry",
        "capacity_mw": 100.0,
        "lat": 15.655,
        "lon": 78.277,
        "source": "WRI Power Database"
      }
    },
    {
      "type": "Feature",
      "geometry": {
        "type": "Point",
        "coordinates": [
          78.274,
          15.679
        ]
      },
      "properties": {
        "name": "KUMSP} Greenko",
        "type": "Power Plant (Solar)",
        "category": "Thermal/Power Industry",
        "capacity_mw": 500.0,
        "lat": 15.679,
        "lon": 78.274,
        "source": "WRI Power Database"
      }
    },
    {
      "type": "Feature",
      "geometry": {
        "type": "Point",
        "coordinates": [
          78.257,
          15.662
        ]
      },
      "properties": {
        "name": "KUMSP} Greenko 1",
        "type": "Power Plant (Solar)",
        "category": "Thermal/Power Industry",
        "capacity_mw": 50.0,
        "lat": 15.662,
        "lon": 78.257,
        "source": "WRI Power Database"
      }
    },
    {
      "type": "Feature",
      "geometry": {
        "type": "Point",
        "coordinates": [
          78.257,
          15.662
        ]
      },
      "properties": {
        "name": "KUMSP} Greenko 10",
        "type": "Power Plant (Solar)",
        "category": "Thermal/Power Industry",
        "capacity_mw": 50.0,
        "lat": 15.662,
        "lon": 78.257,
        "source": "WRI Power Database"
      }
    },
    {
      "type": "Feature",
      "geometry": {
        "type": "Point",
        "coordinates": [
          78.257,
          15.662
        ]
      },
      "properties": {
        "name": "KUMSP} Greenko 2",
        "type": "Power Plant (Solar)",
        "category": "Thermal/Power Industry",
        "capacity_mw": 50.0,
        "lat": 15.662,
        "lon": 78.257,
        "source": "WRI Power Database"
      }
    },
    {
      "type": "Feature",
      "geometry": {
        "type": "Point",
        "coordinates": [
          78.257,
          15.662
        ]
      },
      "properties": {
        "name": "KUMSP} Greenko 3",
        "type": "Power Plant (Solar)",
        "category": "Thermal/Power Industry",
        "capacity_mw": 50.0,
        "lat": 15.662,
        "lon": 78.257,
        "source": "WRI Power Database"
      }
    },
    {
      "type": "Feature",
      "geometry": {
        "type": "Point",
        "coordinates": [
          78.257,
          15.662
        ]
      },
      "properties": {
        "name": "KUMSP} Greenko 4",
        "type": "Power Plant (Solar)",
        "category": "Thermal/Power Industry",
        "capacity_mw": 50.0,
        "lat": 15.662,
        "lon": 78.257,
        "source": "WRI Power Database"
      }
    },
    {
      "type": "Feature",
      "geometry": {
        "type": "Point",
        "coordinates": [
          78.257,
          15.662
        ]
      },
      "properties": {
        "name": "KUMSP} Greenko 5",
        "type": "Power Plant (Solar)",
        "category": "Thermal/Power Industry",
        "capacity_mw": 50.0,
        "lat": 15.662,
        "lon": 78.257,
        "source": "WRI Power Database"
      }
    },
    {
      "type": "Feature",
      "geometry": {
        "type": "Point",
        "coordinates": [
          78.257,
          15.662
        ]
      },
      "properties": {
        "name": "KUMSP} Greenko 6",
        "type": "Power Plant (Solar)",
        "category": "Thermal/Power Industry",
        "capacity_mw": 50.0,
        "lat": 15.662,
        "lon": 78.257,
        "source": "WRI Power Database"
      }
    },
    {
      "type": "Feature",
      "geometry": {
        "type": "Point",
        "coordinates": [
          78.257,
          15.662
        ]
      },
      "properties": {
        "name": "KUMSP} Greenko 7",
        "type": "Power Plant (Solar)",
        "category": "Thermal/Power Industry",
        "capacity_mw": 50.0,
        "lat": 15.662,
        "lon": 78.257,
        "source": "WRI Power Database"
      }
    },
    {
      "type": "Feature",
      "geometry": {
        "type": "Point",
        "coordinates": [
          78.257,
          15.662
        ]
      },
      "properties": {
        "name": "KUMSP} Greenko 8",
        "type": "Power Plant (Solar)",
        "category": "Thermal/Power Industry",
        "capacity_mw": 50.0,
        "lat": 15.662,
        "lon": 78.257,
        "source": "WRI Power Database"
      }
    },
    {
      "type": "Feature",
      "geometry": {
        "type": "Point",
        "coordinates": [
          78.257,
          15.662
        ]
      },
      "properties": {
        "name": "KUMSP} Greenko 9",
        "type": "Power Plant (Solar)",
        "category": "Thermal/Power Industry",
        "capacity_mw": 50.0,
        "lat": 15.662,
        "lon": 78.257,
        "source": "WRI Power Database"
      }
    },
    {
      "type": "Feature",
      "geometry": {
        "type": "Point",
        "coordinates": [
          78.257,
          15.662
        ]
      },
      "properties": {
        "name": "KUMSP} Softbank",
        "type": "Power Plant (Solar)",
        "category": "Thermal/Power Industry",
        "capacity_mw": 350.0,
        "lat": 15.662,
        "lon": 78.257,
        "source": "WRI Power Database"
      }
    },
    {
      "type": "Feature",
      "geometry": {
        "type": "Point",
        "coordinates": [
          76.6511,
          11.2861
        ]
      },
      "properties": {
        "name": "KUNDAH I-V",
        "type": "Power Plant (Hydro)",
        "category": "Thermal/Power Industry",
        "capacity_mw": 555.0,
        "lat": 11.2861,
        "lon": 76.6511,
        "source": "WRI Power Database"
      }
    },
    {
      "type": "Feature",
      "geometry": {
        "type": "Point",
        "coordinates": [
          77.1327,
          8.1691
        ]
      },
      "properties": {
        "name": "KUNDANKULAM",
        "type": "Power Plant (Nuclear)",
        "category": "Thermal/Power Industry",
        "capacity_mw": 2000.0,
        "lat": 8.1691,
        "lon": 77.1327,
        "source": "WRI Power Database"
      }
    },
    {
      "type": "Feature",
      "geometry": {
        "type": "Point",
        "coordinates": [
          75.5302,
          16.2651
        ]
      },
      "properties": {
        "name": "KUNDARGI MILL",
        "type": "Power Plant (Biomass)",
        "category": "Thermal/Power Industry",
        "capacity_mw": 16.5,
        "lat": 16.2651,
        "lon": 75.5302,
        "source": "WRI Power Database"
      }
    },
    {
      "type": "Feature",
      "geometry": {
        "type": "Point",
        "coordinates": [
          82.0841,
          27.0786
        ]
      },
      "properties": {
        "name": "KUNDARKI TPP",
        "type": "Power Plant (Coal)",
        "category": "Thermal/Power Industry",
        "capacity_mw": 90.0,
        "lat": 27.0786,
        "lon": 82.0841,
        "source": "WRI Power Database"
      }
    },
    {
      "type": "Feature",
      "geometry": {
        "type": "Point",
        "coordinates": [
          68.7843,
          23.6626
        ]
      },
      "properties": {
        "name": "KUTCH LIG.",
        "type": "Power Plant (Coal)",
        "category": "Thermal/Power Industry",
        "capacity_mw": 290.0,
        "lat": 23.6626,
        "lon": 68.7843,
        "source": "WRI Power Database"
      }
    },
    {
      "type": "Feature",
      "geometry": {
        "type": "Point",
        "coordinates": [
          77.1068,
          9.9356
        ]
      },
      "properties": {
        "name": "KUTHUNGAL",
        "type": "Power Plant (Hydro)",
        "category": "Thermal/Power Industry",
        "capacity_mw": 21.0,
        "lat": 9.9356,
        "lon": 77.1068,
        "source": "WRI Power Database"
      }
    },
    {
      "type": "Feature",
      "geometry": {
        "type": "Point",
        "coordinates": [
          79.57,
          11.076
        ]
      },
      "properties": {
        "name": "KUTTALAM GT",
        "type": "Power Plant (Gas)",
        "category": "Thermal/Power Industry",
        "capacity_mw": 101.0,
        "lat": 11.076,
        "lon": 79.57,
        "source": "WRI Power Database"
      }
    },
    {
      "type": "Feature",
      "geometry": {
        "type": "Point",
        "coordinates": [
          75.8988,
          11.5484
        ]
      },
      "properties": {
        "name": "KUTTIADI",
        "type": "Power Plant (Hydro)",
        "category": "Thermal/Power Industry",
        "capacity_mw": 125.0,
        "lat": 11.5484,
        "lon": 75.8988,
        "source": "WRI Power Database"
      }
    },
    {
      "type": "Feature",
      "geometry": {
        "type": "Point",
        "coordinates": [
          75.8988,
          11.5484
        ]
      },
      "properties": {
        "name": "KUTTIYADI Add ext",
        "type": "Power Plant (Hydro)",
        "category": "Thermal/Power Industry",
        "capacity_mw": 100.0,
        "lat": 11.5484,
        "lon": 75.8988,
        "source": "WRI Power Database"
      }
    },
    {
      "type": "Feature",
      "geometry": {
        "type": "Point",
        "coordinates": [
          80.6144,
          24.0529
        ]
      },
      "properties": {
        "name": "KYMORE",
        "type": "Power Plant (Coal)",
        "category": "Thermal/Power Industry",
        "capacity_mw": 50.0,
        "lat": 24.0529,
        "lon": 80.6144,
        "source": "WRI Power Database"
      }
    },
    {
      "type": "Feature",
      "geometry": {
        "type": "Point",
        "coordinates": [
          91.7895,
          25.7848
        ]
      },
      "properties": {
        "name": "KYREDEMKULAI",
        "type": "Power Plant (Hydro)",
        "category": "Thermal/Power Industry",
        "capacity_mw": 60.0,
        "lat": 25.7848,
        "lon": 91.7895,
        "source": "WRI Power Database"
      }
    },
    {
      "type": "Feature",
      "geometry": {
        "type": "Point",
        "coordinates": [
          80.6936,
          17.6219
        ]
      },
      "properties": {
        "name": "K_GUDEM",
        "type": "Power Plant (Coal)",
        "category": "Thermal/Power Industry",
        "capacity_mw": 720.0,
        "lat": 17.6219,
        "lon": 80.6936,
        "source": "WRI Power Database"
      }
    },
    {
      "type": "Feature",
      "geometry": {
        "type": "Point",
        "coordinates": [
          80.6936,
          17.6219
        ]
      },
      "properties": {
        "name": "K_GUDEM NEW",
        "type": "Power Plant (Coal)",
        "category": "Thermal/Power Industry",
        "capacity_mw": 1800.0,
        "lat": 17.6219,
        "lon": 80.6936,
        "source": "WRI Power Database"
      }
    },
    {
      "type": "Feature",
      "geometry": {
        "type": "Point",
        "coordinates": [
          79.116,
          21.2818
        ]
      },
      "properties": {
        "name": "K_KHEDA II",
        "type": "Power Plant (Coal)",
        "category": "Thermal/Power Industry",
        "capacity_mw": 1340.0,
        "lat": 21.2818,
        "lon": 79.116,
        "source": "WRI Power Database"
      }
    },
    {
      "type": "Feature",
      "geometry": {
        "type": "Point",
        "coordinates": [
          75.899,
          23.885
        ]
      },
      "properties": {
        "name": "Kachalia I+II",
        "type": "Power Plant (Solar)",
        "category": "Thermal/Power Industry",
        "capacity_mw": 40.0,
        "lat": 23.885,
        "lon": 75.899,
        "source": "WRI Power Database"
      }
    },
    {
      "type": "Feature",
      "geometry": {
        "type": "Point",
        "coordinates": [
          85.295,
          20.76
        ]
      },
      "properties": {
        "name": "Kadala",
        "type": "Power Plant (Solar)",
        "category": "Thermal/Power Industry",
        "capacity_mw": 40.0,
        "lat": 20.76,
        "lon": 85.295,
        "source": "WRI Power Database"
      }
    },
    {
      "type": "Feature",
      "geometry": {
        "type": "Point",
        "coordinates": [
          78.144,
          14.164
        ]
      },
      "properties": {
        "name": "Kadiri",
        "type": "Power Plant (Solar)",
        "category": "Thermal/Power Industry",
        "capacity_mw": 5.0,
        "lat": 14.164,
        "lon": 78.144,
        "source": "WRI Power Database"
      }
    },
    {
      "type": "Feature",
      "geometry": {
        "type": "Point",
        "coordinates": [
          77.486,
          15.667
        ]
      },
      "properties": {
        "name": "Kadivella",
        "type": "Power Plant (Solar)",
        "category": "Thermal/Power Industry",
        "capacity_mw": 30.0,
        "lat": 15.667,
        "lon": 77.486,
        "source": "WRI Power Database"
      }
    },
    {
      "type": "Feature",
      "geometry": {
        "type": "Point",
        "coordinates": [
          76.159,
          23.511
        ]
      },
      "properties": {
        "name": "Kadodiya",
        "type": "Power Plant (Solar)",
        "category": "Thermal/Power Industry",
        "capacity_mw": 10.0,
        "lat": 23.511,
        "lon": 76.159,
        "source": "WRI Power Database"
      }
    },
    {
      "type": "Feature",
      "geometry": {
        "type": "Point",
        "coordinates": [
          76.121,
          23.538
        ]
      },
      "properties": {
        "name": "Kadodiya A",
        "type": "Power Plant (Solar)",
        "category": "Thermal/Power Industry",
        "capacity_mw": 25.0,
        "lat": 23.538,
        "lon": 76.121,
        "source": "WRI Power Database"
      }
    },
    {
      "type": "Feature",
      "geometry": {
        "type": "Point",
        "coordinates": [
          76.1538,
          23.5064
        ]
      },
      "properties": {
        "name": "Kadodiya HE",
        "type": "Power Plant (Solar)",
        "category": "Thermal/Power Industry",
        "capacity_mw": 5.0,
        "lat": 23.5064,
        "lon": 76.1538,
        "source": "WRI Power Database"
      }
    },
    {
      "type": "Feature",
      "geometry": {
        "type": "Point",
        "coordinates": [
          77.587,
          16.884
        ]
      },
      "properties": {
        "name": "Kajipuram",
        "type": "Power Plant (Solar)",
        "category": "Thermal/Power Industry",
        "capacity_mw": 30.0,
        "lat": 16.884,
        "lon": 77.587,
        "source": "WRI Power Database"
      }
    },
    {
      "type": "Feature",
      "geometry": {
        "type": "Point",
        "coordinates": [
          79.19,
          17.281
        ]
      },
      "properties": {
        "name": "Kakarani",
        "type": "Power Plant (Solar)",
        "category": "Thermal/Power Industry",
        "capacity_mw": 115.9,
        "lat": 17.281,
        "lon": 79.19,
        "source": "WRI Power Database"
      }
    },
    {
      "type": "Feature",
      "geometry": {
        "type": "Point",
        "coordinates": [
          79.204,
          17.276
        ]
      },
      "properties": {
        "name": "Kakkireni Adani",
        "type": "Power Plant (Solar)",
        "category": "Thermal/Power Industry",
        "capacity_mw": 50.0,
        "lat": 17.276,
        "lon": 79.204,
        "source": "WRI Power Database"
      }
    },
    {
      "type": "Feature",
      "geometry": {
        "type": "Point",
        "coordinates": [
          70.9996,
          27.0931
        ]
      },
      "properties": {
        "name": "Kaladonger Wind Farm",
        "type": "Power Plant (Wind)",
        "category": "Thermal/Power Industry",
        "capacity_mw": 75.6,
        "lat": 27.0931,
        "lon": 70.9996,
        "source": "WRI Power Database"
      }
    },
    {
      "type": "Feature",
      "geometry": {
        "type": "Point",
        "coordinates": [
          76.758,
          14.109
        ]
      },
      "properties": {
        "name": "Kalamarahalli",
        "type": "Power Plant (Solar)",
        "category": "Thermal/Power Industry",
        "capacity_mw": 10.9,
        "lat": 14.109,
        "lon": 76.758,
        "source": "WRI Power Database"
      }
    },
    {
      "type": "Feature",
      "geometry": {
        "type": "Point",
        "coordinates": [
          73.1,
          18.882
        ]
      },
      "properties": {
        "name": "Kalhe",
        "type": "Power Plant (Solar)",
        "category": "Thermal/Power Industry",
        "capacity_mw": 5.0,
        "lat": 18.882,
        "lon": 73.1,
        "source": "WRI Power Database"
      }
    },
    {
      "type": "Feature",
      "geometry": {
        "type": "Point",
        "coordinates": [
          77.481,
          13.981
        ]
      },
      "properties": {
        "name": "Kalipi",
        "type": "Power Plant (Solar)",
        "category": "Thermal/Power Industry",
        "capacity_mw": 40.0,
        "lat": 13.981,
        "lon": 77.481,
        "source": "WRI Power Database"
      }
    },
    {
      "type": "Feature",
      "geometry": {
        "type": "Point",
        "coordinates": [
          78.15,
          9.446
        ]
      },
      "properties": {
        "name": "Kallurani Aadhavan",
        "type": "Power Plant (Solar)",
        "category": "Thermal/Power Industry",
        "capacity_mw": 50.0,
        "lat": 9.446,
        "lon": 78.15,
        "source": "WRI Power Database"
      }
    },
    {
      "type": "Feature",
      "geometry": {
        "type": "Point",
        "coordinates": [
          78.152,
          9.454
        ]
      },
      "properties": {
        "name": "Kallurani Phoebus",
        "type": "Power Plant (Solar)",
        "category": "Thermal/Power Industry",
        "capacity_mw": 50.0,
        "lat": 9.454,
        "lon": 78.152,
        "source": "WRI Power Database"
      }
    },
    {
      "type": "Feature",
      "geometry": {
        "type": "Point",
        "coordinates": [
          78.153,
          9.47
        ]
      },
      "properties": {
        "name": "Kallurani RT",
        "type": "Power Plant (Solar)",
        "category": "Thermal/Power Industry",
        "capacity_mw": 15.0,
        "lat": 9.47,
        "lon": 78.153,
        "source": "WRI Power Database"
      }
    },
    {
      "type": "Feature",
      "geometry": {
        "type": "Point",
        "coordinates": [
          78.489,
          16.696
        ]
      },
      "properties": {
        "name": "Kalwakurthy Haldiram",
        "type": "Power Plant (Solar)",
        "category": "Thermal/Power Industry",
        "capacity_mw": 10.0,
        "lat": 16.696,
        "lon": 78.489,
        "source": "WRI Power Database"
      }
    },
    {
      "type": "Feature",
      "geometry": {
        "type": "Point",
        "coordinates": [
          78.474,
          16.712
        ]
      },
      "properties": {
        "name": "Kalwakurthy Rays",
        "type": "Power Plant (Solar)",
        "category": "Thermal/Power Industry",
        "capacity_mw": 10.0,
        "lat": 16.712,
        "lon": 78.474,
        "source": "WRI Power Database"
      }
    },
    {
      "type": "Feature",
      "geometry": {
        "type": "Point",
        "coordinates": [
          78.103,
          9.119
        ]
      },
      "properties": {
        "name": "Kamalapuram",
        "type": "Power Plant (Solar)",
        "category": "Thermal/Power Industry",
        "capacity_mw": 10.0,
        "lat": 9.119,
        "lon": 78.103,
        "source": "WRI Power Database"
      }
    },
    {
      "type": "Feature",
      "geometry": {
        "type": "Point",
        "coordinates": [
          71.869,
          23.049
        ]
      },
      "properties": {
        "name": "Kamalpur SUTIP",
        "type": "Power Plant (Solar)",
        "category": "Thermal/Power Industry",
        "capacity_mw": 24.1,
        "lat": 23.049,
        "lon": 71.869,
        "source": "WRI Power Database"
      }
    },
    {
      "type": "Feature",
      "geometry": {
        "type": "Point",
        "coordinates": [
          71.862,
          23.049
        ]
      },
      "properties": {
        "name": "Kamalpur UPPL",
        "type": "Power Plant (Solar)",
        "category": "Thermal/Power Industry",
        "capacity_mw": 23.0,
        "lat": 23.049,
        "lon": 71.862,
        "source": "WRI Power Database"
      }
    },
    {
      "type": "Feature",
      "geometry": {
        "type": "Point",
        "coordinates": [
          78.213,
          18.363
        ]
      },
      "properties": {
        "name": "Kamareddy Mytrah",
        "type": "Power Plant (Solar)",
        "category": "Thermal/Power Industry",
        "capacity_mw": 50.0,
        "lat": 18.363,
        "lon": 78.213,
        "source": "WRI Power Database"
      }
    },
    {
      "type": "Feature",
      "geometry": {
        "type": "Point",
        "coordinates": [
          78.265,
          18.38
        ]
      },
      "properties": {
        "name": "Kamareddy SP",
        "type": "Power Plant (Solar)",
        "category": "Thermal/Power Industry",
        "capacity_mw": 34.0,
        "lat": 18.38,
        "lon": 78.265,
        "source": "WRI Power Database"
      }
    },
    {
      "type": "Feature",
      "geometry": {
        "type": "Point",
        "coordinates": [
          78.226,
          18.388
        ]
      },
      "properties": {
        "name": "Kamareddy Sky",
        "type": "Power Plant (Solar)",
        "category": "Thermal/Power Industry",
        "capacity_mw": 50.0,
        "lat": 18.388,
        "lon": 78.226,
        "source": "WRI Power Database"
      }
    },
    {
      "type": "Feature",
      "geometry": {
        "type": "Point",
        "coordinates": [
          77.204,
          14.392
        ]
      },
      "properties": {
        "name": "Kambadur",
        "type": "Power Plant (Solar)",
        "category": "Thermal/Power Industry",
        "capacity_mw": 11.2,
        "lat": 14.392,
        "lon": 77.204,
        "source": "WRI Power Database"
      }
    },
    {
      "type": "Feature",
      "geometry": {
        "type": "Point",
        "coordinates": [
          77.38,
          14.203
        ]
      },
      "properties": {
        "name": "Kambalahalli A",
        "type": "Power Plant (Solar)",
        "category": "Thermal/Power Industry",
        "capacity_mw": 30.0,
        "lat": 14.203,
        "lon": 77.38,
        "source": "WRI Power Database"
      }
    },
    {
      "type": "Feature",
      "geometry": {
        "type": "Point",
        "coordinates": [
          77.347,
          14.195
        ]
      },
      "properties": {
        "name": "Kambalahalli B",
        "type": "Power Plant (Solar)",
        "category": "Thermal/Power Industry",
        "capacity_mw": 30.0,
        "lat": 14.195,
        "lon": 77.347,
        "source": "WRI Power Database"
      }
    },
    {
      "type": "Feature",
      "geometry": {
        "type": "Point",
        "coordinates": [
          78.3917,
          9.3381
        ]
      },
      "properties": {
        "name": "Kamuthi Solar Power Plant",
        "type": "Power Plant (Solar)",
        "category": "Thermal/Power Industry",
        "capacity_mw": 648.0,
        "lat": 9.3381,
        "lon": 78.3917,
        "source": "WRI Power Database"
      }
    },
    {
      "type": "Feature",
      "geometry": {
        "type": "Point",
        "coordinates": [
          76.81,
          14.126
        ]
      },
      "properties": {
        "name": "Kanajanahalli",
        "type": "Power Plant (Solar)",
        "category": "Thermal/Power Industry",
        "capacity_mw": 20.0,
        "lat": 14.126,
        "lon": 76.81,
        "source": "WRI Power Database"
      }
    },
    {
      "type": "Feature",
      "geometry": {
        "type": "Point",
        "coordinates": [
          76.464,
          15.572
        ]
      },
      "properties": {
        "name": "Kanakagiri",
        "type": "Power Plant (Solar)",
        "category": "Thermal/Power Industry",
        "capacity_mw": 20.0,
        "lat": 15.572,
        "lon": 76.464,
        "source": "WRI Power Database"
      }
    },
    {
      "type": "Feature",
      "geometry": {
        "type": "Point",
        "coordinates": [
          76.43,
          15.552
        ]
      },
      "properties": {
        "name": "Kanakagiri A",
        "type": "Power Plant (Solar)",
        "category": "Thermal/Power Industry",
        "capacity_mw": 15.0,
        "lat": 15.552,
        "lon": 76.43,
        "source": "WRI Power Database"
      }
    },
    {
      "type": "Feature",
      "geometry": {
        "type": "Point",
        "coordinates": [
          79.597,
          17.271
        ]
      },
      "properties": {
        "name": "Kandagatla Keerthi",
        "type": "Power Plant (Solar)",
        "category": "Thermal/Power Industry",
        "capacity_mw": 8.0,
        "lat": 17.271,
        "lon": 79.597,
        "source": "WRI Power Database"
      }
    },
    {
      "type": "Feature",
      "geometry": {
        "type": "Point",
        "coordinates": [
          74.508,
          29.961
        ]
      },
      "properties": {
        "name": "Kandu Khera",
        "type": "Power Plant (Solar)",
        "category": "Thermal/Power Industry",
        "capacity_mw": 14.0,
        "lat": 29.961,
        "lon": 74.508,
        "source": "WRI Power Database"
      }
    },
    {
      "type": "Feature",
      "geometry": {
        "type": "Point",
        "coordinates": [
          74.707,
          22.334
        ]
      },
      "properties": {
        "name": "Kanheri Bhatyari",
        "type": "Power Plant (Solar)",
        "category": "Thermal/Power Industry",
        "capacity_mw": 20.0,
        "lat": 22.334,
        "lon": 74.707,
        "source": "WRI Power Database"
      }
    },
    {
      "type": "Feature",
      "geometry": {
        "type": "Point",
        "coordinates": [
          87.475,
          23.475
        ]
      },
      "properties": {
        "name": "Kanksha",
        "type": "Power Plant (Solar)",
        "category": "Thermal/Power Industry",
        "capacity_mw": 5.0,
        "lat": 23.475,
        "lon": 87.475,
        "source": "WRI Power Database"
      }
    },
    {
      "type": "Feature",
      "geometry": {
        "type": "Point",
        "coordinates": [
          76.118,
          23.457
        ]
      },
      "properties": {
        "name": "Kapeli",
        "type": "Power Plant (Solar)",
        "category": "Thermal/Power Industry",
        "capacity_mw": 10.2,
        "lat": 23.457,
        "lon": 76.118,
        "source": "WRI Power Database"
      }
    },
    {
      "type": "Feature",
      "geometry": {
        "type": "Point",
        "coordinates": [
          79.812,
          25.32
        ]
      },
      "properties": {
        "name": "Karahra Kalan",
        "type": "Power Plant (Solar)",
        "category": "Thermal/Power Industry",
        "capacity_mw": 10.0,
        "lat": 25.32,
        "lon": 79.812,
        "source": "WRI Power Database"
      }
    },
    {
      "type": "Feature",
      "geometry": {
        "type": "Point",
        "coordinates": [
          76.048,
          17.448
        ]
      },
      "properties": {
        "name": "Karajgi",
        "type": "Power Plant (Solar)",
        "category": "Thermal/Power Industry",
        "capacity_mw": 5.0,
        "lat": 17.448,
        "lon": 76.048,
        "source": "WRI Power Database"
      }
    },
    {
      "type": "Feature",
      "geometry": {
        "type": "Point",
        "coordinates": [
          70.388,
          23.35
        ]
      },
      "properties": {
        "name": "Karmaria Solar Power Plant",
        "type": "Power Plant (Solar)",
        "category": "Thermal/Power Industry",
        "capacity_mw": 15.0,
        "lat": 23.35,
        "lon": 70.388,
        "source": "WRI Power Database"
      }
    },
    {
      "type": "Feature",
      "geometry": {
        "type": "Point",
        "coordinates": [
          78.093,
          16.861
        ]
      },
      "properties": {
        "name": "Karoor",
        "type": "Power Plant (Solar)",
        "category": "Thermal/Power Industry",
        "capacity_mw": 10.0,
        "lat": 16.861,
        "lon": 78.093,
        "source": "WRI Power Database"
      }
    },
    {
      "type": "Feature",
      "geometry": {
        "type": "Point",
        "coordinates": [
          78.186,
          10.816
        ]
      },
      "properties": {
        "name": "Karur",
        "type": "Power Plant (Solar)",
        "category": "Thermal/Power Industry",
        "capacity_mw": 10.0,
        "lat": 10.816,
        "lon": 78.186,
        "source": "WRI Power Database"
      }
    },
    {
      "type": "Feature",
      "geometry": {
        "type": "Point",
        "coordinates": [
          77.6191,
          8.3091
        ]
      },
      "properties": {
        "name": "Karur Textile Park Wind Farm",
        "type": "Power Plant (Wind)",
        "category": "Thermal/Power Industry",
        "capacity_mw": 6.0,
        "lat": 8.3091,
        "lon": 77.6191,
        "source": "WRI Power Database"
      }
    },
    {
      "type": "Feature",
      "geometry": {
        "type": "Point",
        "coordinates": [
          75.15,
          12.34
        ]
      },
      "properties": {
        "name": "Kasaragod KSEB",
        "type": "Power Plant (Solar)",
        "category": "Thermal/Power Industry",
        "capacity_mw": 50.0,
        "lat": 12.34,
        "lon": 75.15,
        "source": "WRI Power Database"
      }
    },
    {
      "type": "Feature",
      "geometry": {
        "type": "Point",
        "coordinates": [
          74.2524,
          27.224
        ]
      },
      "properties": {
        "name": "Kathauti 1 Solar Power Plant",
        "type": "Power Plant (Solar)",
        "category": "Thermal/Power Industry",
        "capacity_mw": 5.0,
        "lat": 27.224,
        "lon": 74.2524,
        "source": "WRI Power Database"
      }
    },
    {
      "type": "Feature",
      "geometry": {
        "type": "Point",
        "coordinates": [
          74.2553,
          27.2089
        ]
      },
      "properties": {
        "name": "Kathauti 2 Solar Power Plant",
        "type": "Power Plant (Solar)",
        "category": "Thermal/Power Industry",
        "capacity_mw": 40.0,
        "lat": 27.2089,
        "lon": 74.2553,
        "source": "WRI Power Database"
      }
    },
    {
      "type": "Feature",
      "geometry": {
        "type": "Point",
        "coordinates": [
          74.254,
          27.204
        ]
      },
      "properties": {
        "name": "Kathauti Azure 20",
        "type": "Power Plant (Solar)",
        "category": "Thermal/Power Industry",
        "capacity_mw": 20.0,
        "lat": 27.204,
        "lon": 74.254,
        "source": "WRI Power Database"
      }
    },
    {
      "type": "Feature",
      "geometry": {
        "type": "Point",
        "coordinates": [
          78.6025,
          21.317
        ]
      },
      "properties": {
        "name": "Katol - Citra Solar Power Plant",
        "type": "Power Plant (Solar)",
        "category": "Thermal/Power Industry",
        "capacity_mw": 2.0,
        "lat": 21.317,
        "lon": 78.6025,
        "source": "WRI Power Database"
      }
    },
    {
      "type": "Feature",
      "geometry": {
        "type": "Point",
        "coordinates": [
          78.6001,
          21.3174
        ]
      },
      "properties": {
        "name": "Katol - Sepset Solar Power Plant",
        "type": "Power Plant (Solar)",
        "category": "Thermal/Power Industry",
        "capacity_mw": 2.0,
        "lat": 21.3174,
        "lon": 78.6001,
        "source": "WRI Power Database"
      }
    },
    {
      "type": "Feature",
      "geometry": {
        "type": "Point",
        "coordinates": [
          78.6021,
          21.3168
        ]
      },
      "properties": {
        "name": "Katol I",
        "type": "Power Plant (Solar)",
        "category": "Thermal/Power Industry",
        "capacity_mw": 4.0,
        "lat": 21.3168,
        "lon": 78.6021,
        "source": "WRI Power Database"
      }
    },
    {
      "type": "Feature",
      "geometry": {
        "type": "Point",
        "coordinates": [
          78.6,
          21.315
        ]
      },
      "properties": {
        "name": "Katol II",
        "type": "Power Plant (Solar)",
        "category": "Thermal/Power Industry",
        "capacity_mw": 40.0,
        "lat": 21.315,
        "lon": 78.6,
        "source": "WRI Power Database"
      }
    },
    {
      "type": "Feature",
      "geometry": {
        "type": "Point",
        "coordinates": [
          75.3,
          29.675
        ]
      },
      "properties": {
        "name": "Kauriwara",
        "type": "Power Plant (Solar)",
        "category": "Thermal/Power Industry",
        "capacity_mw": 24.0,
        "lat": 29.675,
        "lon": 75.3,
        "source": "WRI Power Database"
      }
    },
    {
      "type": "Feature",
      "geometry": {
        "type": "Point",
        "coordinates": [
          76.75,
          16.12
        ]
      },
      "properties": {
        "name": "Kavithal",
        "type": "Power Plant (Solar)",
        "category": "Thermal/Power Industry",
        "capacity_mw": 28.8,
        "lat": 16.12,
        "lon": 76.75,
        "source": "WRI Power Database"
      }
    },
    {
      "type": "Feature",
      "geometry": {
        "type": "Point",
        "coordinates": [
          77.746,
          8.913
        ]
      },
      "properties": {
        "name": "Kayanathar",
        "type": "Power Plant (Solar)",
        "category": "Thermal/Power Industry",
        "capacity_mw": 49.0,
        "lat": 8.913,
        "lon": 77.746,
        "source": "WRI Power Database"
      }
    },
    {
      "type": "Feature",
      "geometry": {
        "type": "Point",
        "coordinates": [
          83.25,
          20.205
        ]
      },
      "properties": {
        "name": "Kesinga",
        "type": "Power Plant (Solar)",
        "category": "Thermal/Power Industry",
        "capacity_mw": 10.0,
        "lat": 20.205,
        "lon": 83.25,
        "source": "WRI Power Database"
      }
    },
    {
      "type": "Feature",
      "geometry": {
        "type": "Point",
        "coordinates": [
          75.075,
          29.895
        ]
      },
      "properties": {
        "name": "Kewal",
        "type": "Power Plant (Solar)",
        "category": "Thermal/Power Industry",
        "capacity_mw": 20.0,
        "lat": 29.895,
        "lon": 75.075,
        "source": "WRI Power Database"
      }
    },
    {
      "type": "Feature",
      "geometry": {
        "type": "Point",
        "coordinates": [
          73.2014,
          23.443
        ]
      },
      "properties": {
        "name": "Khadoda Solar Power Plant",
        "type": "Power Plant (Solar)",
        "category": "Thermal/Power Industry",
        "capacity_mw": 10.0,
        "lat": 23.443,
        "lon": 73.2014,
        "source": "WRI Power Database"
      }
    },
    {
      "type": "Feature",
      "geometry": {
        "type": "Point",
        "coordinates": [
          75.264,
          29.658
        ]
      },
      "properties": {
        "name": "Khaira Khurad",
        "type": "Power Plant (Solar)",
        "category": "Thermal/Power Industry",
        "capacity_mw": 25.0,
        "lat": 29.658,
        "lon": 75.264,
        "source": "WRI Power Database"
      }
    },
    {
      "type": "Feature",
      "geometry": {
        "type": "Point",
        "coordinates": [
          75.0381,
          18.6051
        ]
      },
      "properties": {
        "name": "Khandala Solar Power Plant",
        "type": "Power Plant (Solar)",
        "category": "Thermal/Power Industry",
        "capacity_mw": 5.2,
        "lat": 18.6051,
        "lon": 75.0381,
        "source": "WRI Power Database"
      }
    },
    {
      "type": "Feature",
      "geometry": {
        "type": "Point",
        "coordinates": [
          78.665,
          24.865
        ]
      },
      "properties": {
        "name": "Khariya Mishar",
        "type": "Power Plant (Solar)",
        "category": "Thermal/Power Industry",
        "capacity_mw": 80.0,
        "lat": 24.865,
        "lon": 78.665,
        "source": "WRI Power Database"
      }
    },
    {
      "type": "Feature",
      "geometry": {
        "type": "Point",
        "coordinates": [
          76.88,
          30.81
        ]
      },
      "properties": {
        "name": "Khera",
        "type": "Power Plant (Solar)",
        "category": "Thermal/Power Industry",
        "capacity_mw": 5.0,
        "lat": 30.81,
        "lon": 76.88,
        "source": "WRI Power Database"
      }
    },
    {
      "type": "Feature",
      "geometry": {
        "type": "Point",
        "coordinates": [
          71.9951,
          27.3225
        ]
      },
      "properties": {
        "name": "Khetusar - Northern Solar Power Plant",
        "type": "Power Plant (Solar)",
        "category": "Thermal/Power Industry",
        "capacity_mw": 20.0,
        "lat": 27.3225,
        "lon": 71.9951,
        "source": "WRI Power Database"
      }
    },
    {
      "type": "Feature",
      "geometry": {
        "type": "Point",
        "coordinates": [
          71.991,
          27.3247
        ]
      },
      "properties": {
        "name": "Khetusar - Suryauday Solar Power Plant",
        "type": "Power Plant (Solar)",
        "category": "Thermal/Power Industry",
        "capacity_mw": 10.0,
        "lat": 27.3247,
        "lon": 71.991,
        "source": "WRI Power Database"
      }
    },
    {
      "type": "Feature",
      "geometry": {
        "type": "Point",
        "coordinates": [
          75.411,
          30.026
        ]
      },
      "properties": {
        "name": "Khialli Chahlian Wali",
        "type": "Power Plant (Solar)",
        "category": "Thermal/Power Industry",
        "capacity_mw": 15.0,
        "lat": 30.026,
        "lon": 75.411,
        "source": "WRI Power Database"
      }
    },
    {
      "type": "Feature",
      "geometry": {
        "type": "Point",
        "coordinates": [
          76.589,
          24.0682
        ]
      },
      "properties": {
        "name": "Khilchipur Solar Power Plant",
        "type": "Power Plant (Solar)",
        "category": "Thermal/Power Industry",
        "capacity_mw": 25.0,
        "lat": 24.0682,
        "lon": 76.589,
        "source": "WRI Power Database"
      }
    },
    {
      "type": "Feature",
      "geometry": {
        "type": "Point",
        "coordinates": [
          73.392,
          26.97
        ]
      },
      "properties": {
        "name": "Khimsar",
        "type": "Power Plant (Solar)",
        "category": "Thermal/Power Industry",
        "capacity_mw": 5.0,
        "lat": 26.97,
        "lon": 73.392,
        "source": "WRI Power Database"
      }
    },
    {
      "type": "Feature",
      "geometry": {
        "type": "Point",
        "coordinates": [
          70.0548,
          23.3578
        ]
      },
      "properties": {
        "name": "Khirsara - Unity Solar Power Plant",
        "type": "Power Plant (Solar)",
        "category": "Thermal/Power Industry",
        "capacity_mw": 5.0,
        "lat": 23.3578,
        "lon": 70.0548,
        "source": "WRI Power Database"
      }
    },
    {
      "type": "Feature",
      "geometry": {
        "type": "Point",
        "coordinates": [
          70.0536,
          23.3618
        ]
      },
      "properties": {
        "name": "Khirsara - Welspun Solar Power Plant",
        "type": "Power Plant (Solar)",
        "category": "Thermal/Power Industry",
        "capacity_mw": 15.0,
        "lat": 23.3618,
        "lon": 70.0536,
        "source": "WRI Power Database"
      }
    },
    {
      "type": "Feature",
      "geometry": {
        "type": "Point",
        "coordinates": [
          72.3236,
          27.301
        ]
      },
      "properties": {
        "name": "Khirwa Solar Power Plant",
        "type": "Power Plant (Solar)",
        "category": "Thermal/Power Industry",
        "capacity_mw": 1.0,
        "lat": 27.301,
        "lon": 72.3236,
        "source": "WRI Power Database"
      }
    },
    {
      "type": "Feature",
      "geometry": {
        "type": "Point",
        "coordinates": [
          74.3272,
          21.167
        ]
      },
      "properties": {
        "name": "Khori Wind Farm",
        "type": "Power Plant (Wind)",
        "category": "Thermal/Power Industry",
        "capacity_mw": 20.8,
        "lat": 21.167,
        "lon": 74.3272,
        "source": "WRI Power Database"
      }
    },
    {
      "type": "Feature",
      "geometry": {
        "type": "Point",
        "coordinates": [
          79.525,
          28.96
        ]
      },
      "properties": {
        "name": "Khurpia",
        "type": "Power Plant (Solar)",
        "category": "Thermal/Power Industry",
        "capacity_mw": 12.5,
        "lat": 28.96,
        "lon": 79.525,
        "source": "WRI Power Database"
      }
    },
    {
      "type": "Feature",
      "geometry": {
        "type": "Point",
        "coordinates": [
          78.877,
          10.57
        ]
      },
      "properties": {
        "name": "Killanur A",
        "type": "Power Plant (Solar)",
        "category": "Thermal/Power Industry",
        "capacity_mw": 4.5,
        "lat": 10.57,
        "lon": 78.877,
        "source": "WRI Power Database"
      }
    },
    {
      "type": "Feature",
      "geometry": {
        "type": "Point",
        "coordinates": [
          74.676,
          29.95
        ]
      },
      "properties": {
        "name": "Killianwali",
        "type": "Power Plant (Solar)",
        "category": "Thermal/Power Industry",
        "capacity_mw": 24.0,
        "lat": 29.95,
        "lon": 74.676,
        "source": "WRI Power Database"
      }
    },
    {
      "type": "Feature",
      "geometry": {
        "type": "Point",
        "coordinates": [
          72.936,
          27.901
        ]
      },
      "properties": {
        "name": "Kisnayat Budhan GT",
        "type": "Power Plant (Solar)",
        "category": "Thermal/Power Industry",
        "capacity_mw": 5.0,
        "lat": 27.901,
        "lon": 72.936,
        "source": "WRI Power Database"
      }
    },
    {
      "type": "Feature",
      "geometry": {
        "type": "Point",
        "coordinates": [
          72.94,
          27.905
        ]
      },
      "properties": {
        "name": "Kisnayat Budhan NVR",
        "type": "Power Plant (Solar)",
        "category": "Thermal/Power Industry",
        "capacity_mw": 10.0,
        "lat": 27.905,
        "lon": 72.94,
        "source": "WRI Power Database"
      }
    },
    {
      "type": "Feature",
      "geometry": {
        "type": "Point",
        "coordinates": [
          77.977,
          10.856
        ]
      },
      "properties": {
        "name": "Kodaiyur",
        "type": "Power Plant (Solar)",
        "category": "Thermal/Power Industry",
        "capacity_mw": 5.0,
        "lat": 10.856,
        "lon": 77.977,
        "source": "WRI Power Database"
      }
    },
    {
      "type": "Feature",
      "geometry": {
        "type": "Point",
        "coordinates": [
          77.628,
          17.155
        ]
      },
      "properties": {
        "name": "Kodangal",
        "type": "Power Plant (Solar)",
        "category": "Thermal/Power Industry",
        "capacity_mw": 15.0,
        "lat": 17.155,
        "lon": 77.628,
        "source": "WRI Power Database"
      }
    },
    {
      "type": "Feature",
      "geometry": {
        "type": "Point",
        "coordinates": [
          77.97,
          12.98
        ]
      },
      "properties": {
        "name": "Kodur",
        "type": "Power Plant (Solar)",
        "category": "Thermal/Power Industry",
        "capacity_mw": 50.0,
        "lat": 12.98,
        "lon": 77.97,
        "source": "WRI Power Database"
      }
    },
    {
      "type": "Feature",
      "geometry": {
        "type": "Point",
        "coordinates": [
          71.026,
          26.6797
        ]
      },
      "properties": {
        "name": "Kohinoor Wind Farm",
        "type": "Power Plant (Wind)",
        "category": "Thermal/Power Industry",
        "capacity_mw": 24.0,
        "lat": 26.6797,
        "lon": 71.026,
        "source": "WRI Power Database"
      }
    },
    {
      "type": "Feature",
      "geometry": {
        "type": "Point",
        "coordinates": [
          79.0307,
          17.6703
        ]
      },
      "properties": {
        "name": "Kolanpaka",
        "type": "Power Plant (Solar)",
        "category": "Thermal/Power Industry",
        "capacity_mw": 6.6,
        "lat": 17.6703,
        "lon": 79.0307,
        "source": "WRI Power Database"
      }
    },
    {
      "type": "Feature",
      "geometry": {
        "type": "Point",
        "coordinates": [
          76.207,
          15.575
        ]
      },
      "properties": {
        "name": "Kolihal I",
        "type": "Power Plant (Solar)",
        "category": "Thermal/Power Industry",
        "capacity_mw": 5.0,
        "lat": 15.575,
        "lon": 76.207,
        "source": "WRI Power Database"
      }
    },
    {
      "type": "Feature",
      "geometry": {
        "type": "Point",
        "coordinates": [
          76.191,
          15.587
        ]
      },
      "properties": {
        "name": "Kolihal II",
        "type": "Power Plant (Solar)",
        "category": "Thermal/Power Industry",
        "capacity_mw": 5.0,
        "lat": 15.587,
        "lon": 76.191,
        "source": "WRI Power Database"
      }
    },
    {
      "type": "Feature",
      "geometry": {
        "type": "Point",
        "coordinates": [
          79.5898,
          11.0118
        ]
      },
      "properties": {
        "name": "Komal West Solar Power Plant",
        "type": "Power Plant (Solar)",
        "category": "Thermal/Power Industry",
        "capacity_mw": 1.0,
        "lat": 11.0118,
        "lon": 79.5898,
        "source": "WRI Power Database"
      }
    },
    {
      "type": "Feature",
      "geometry": {
        "type": "Point",
        "coordinates": [
          73.93,
          19.62
        ]
      },
      "properties": {
        "name": "Kombhalne",
        "type": "Power Plant (Solar)",
        "category": "Thermal/Power Industry",
        "capacity_mw": 30.0,
        "lat": 19.62,
        "lon": 73.93,
        "source": "WRI Power Database"
      }
    },
    {
      "type": "Feature",
      "geometry": {
        "type": "Point",
        "coordinates": [
          77.956,
          8.768
        ]
      },
      "properties": {
        "name": "Kombukaranatham",
        "type": "Power Plant (Solar)",
        "category": "Thermal/Power Industry",
        "capacity_mw": 5.0,
        "lat": 8.768,
        "lon": 77.956,
        "source": "WRI Power Database"
      }
    },
    {
      "type": "Feature",
      "geometry": {
        "type": "Point",
        "coordinates": [
          77.24,
          13.51
        ]
      },
      "properties": {
        "name": "Koratagere",
        "type": "Power Plant (Solar)",
        "category": "Thermal/Power Industry",
        "capacity_mw": 20.0,
        "lat": 13.51,
        "lon": 77.24,
        "source": "WRI Power Database"
      }
    },
    {
      "type": "Feature",
      "geometry": {
        "type": "Point",
        "coordinates": [
          68.6988,
          23.3183
        ]
      },
      "properties": {
        "name": "Kosa Wind Farm",
        "type": "Power Plant (Wind)",
        "category": "Thermal/Power Industry",
        "capacity_mw": 33.0,
        "lat": 23.3183,
        "lon": 68.6988,
        "source": "WRI Power Database"
      }
    },
    {
      "type": "Feature",
      "geometry": {
        "type": "Point",
        "coordinates": [
          78.143,
          14.165
        ]
      },
      "properties": {
        "name": "Kotagulla",
        "type": "Power Plant (Solar)",
        "category": "Thermal/Power Industry",
        "capacity_mw": 5.0,
        "lat": 14.165,
        "lon": 78.143,
        "source": "WRI Power Database"
      }
    },
    {
      "type": "Feature",
      "geometry": {
        "type": "Point",
        "coordinates": [
          77.59,
          14.525
        ]
      },
      "properties": {
        "name": "Kothapalli Solar Park",
        "type": "Power Plant (Solar)",
        "category": "Thermal/Power Industry",
        "capacity_mw": 100.0,
        "lat": 14.525,
        "lon": 77.59,
        "source": "WRI Power Database"
      }
    },
    {
      "type": "Feature",
      "geometry": {
        "type": "Point",
        "coordinates": [
          73.069,
          28.022
        ]
      },
      "properties": {
        "name": "Kotra",
        "type": "Power Plant (Solar)",
        "category": "Thermal/Power Industry",
        "capacity_mw": 20.0,
        "lat": 28.022,
        "lon": 73.069,
        "source": "WRI Power Database"
      }
    },
    {
      "type": "Feature",
      "geometry": {
        "type": "Point",
        "coordinates": [
          77.2471,
          10.6558
        ]
      },
      "properties": {
        "name": "Kottamangalam Wind Farm",
        "type": "Power Plant (Wind)",
        "category": "Thermal/Power Industry",
        "capacity_mw": 56.25,
        "lat": 10.6558,
        "lon": 77.2471,
        "source": "WRI Power Database"
      }
    },
    {
      "type": "Feature",
      "geometry": {
        "type": "Point",
        "coordinates": [
          76.6709,
          11.0951
        ]
      },
      "properties": {
        "name": "Kottathara Village Wind Farm",
        "type": "Power Plant (Wind)",
        "category": "Thermal/Power Industry",
        "capacity_mw": 3.0,
        "lat": 11.0951,
        "lon": 76.6709,
        "source": "WRI Power Database"
      }
    },
    {
      "type": "Feature",
      "geometry": {
        "type": "Point",
        "coordinates": [
          78.689,
          11.122
        ]
      },
      "properties": {
        "name": "Kottathur",
        "type": "Power Plant (Solar)",
        "category": "Thermal/Power Industry",
        "capacity_mw": 10.0,
        "lat": 11.122,
        "lon": 78.689,
        "source": "WRI Power Database"
      }
    },
    {
      "type": "Feature",
      "geometry": {
        "type": "Point",
        "coordinates": [
          77.82,
          9.155
        ]
      },
      "properties": {
        "name": "Kovilpatti",
        "type": "Power Plant (Solar)",
        "category": "Thermal/Power Industry",
        "capacity_mw": 15.6,
        "lat": 9.155,
        "lon": 77.82,
        "source": "WRI Power Database"
      }
    },
    {
      "type": "Feature",
      "geometry": {
        "type": "Point",
        "coordinates": [
          77.7126,
          8.1689
        ]
      },
      "properties": {
        "name": "Kudankulam",
        "type": "Power Plant (Nuclear)",
        "category": "Thermal/Power Industry",
        "capacity_mw": 2000.0,
        "lat": 8.1689,
        "lon": 77.7126,
        "source": "WRI Power Database"
      }
    },
    {
      "type": "Feature",
      "geometry": {
        "type": "Point",
        "coordinates": [
          76.05,
          15.61
        ]
      },
      "properties": {
        "name": "Kudri Kotgi",
        "type": "Power Plant (Solar)",
        "category": "Thermal/Power Industry",
        "capacity_mw": 10.0,
        "lat": 15.61,
        "lon": 76.05,
        "source": "WRI Power Database"
      }
    },
    {
      "type": "Feature",
      "geometry": {
        "type": "Point",
        "coordinates": [
          79.605,
          26.099
        ]
      },
      "properties": {
        "name": "Kuhana",
        "type": "Power Plant (Solar)",
        "category": "Thermal/Power Industry",
        "capacity_mw": 50.0,
        "lat": 26.099,
        "lon": 79.605,
        "source": "WRI Power Database"
      }
    },
    {
      "type": "Feature",
      "geometry": {
        "type": "Point",
        "coordinates": [
          76.923,
          13.04
        ]
      },
      "properties": {
        "name": "Kunigal A",
        "type": "Power Plant (Solar)",
        "category": "Thermal/Power Industry",
        "capacity_mw": 5.5,
        "lat": 13.04,
        "lon": 76.923,
        "source": "WRI Power Database"
      }
    },
    {
      "type": "Feature",
      "geometry": {
        "type": "Point",
        "coordinates": [
          77.113,
          12.864
        ]
      },
      "properties": {
        "name": "Kunigal B",
        "type": "Power Plant (Solar)",
        "category": "Thermal/Power Industry",
        "capacity_mw": 6.0,
        "lat": 12.864,
        "lon": 77.113,
        "source": "WRI Power Database"
      }
    },
    {
      "type": "Feature",
      "geometry": {
        "type": "Point",
        "coordinates": [
          78.734,
          14.101
        ]
      },
      "properties": {
        "name": "Kuravapalli",
        "type": "Power Plant (Solar)",
        "category": "Thermal/Power Industry",
        "capacity_mw": 10.0,
        "lat": 14.101,
        "lon": 78.734,
        "source": "WRI Power Database"
      }
    },
    {
      "type": "Feature",
      "geometry": {
        "type": "Point",
        "coordinates": [
          77.128,
          16.134
        ]
      },
      "properties": {
        "name": "Kurdi Hero",
        "type": "Power Plant (Solar)",
        "category": "Thermal/Power Industry",
        "capacity_mw": 50.0,
        "lat": 16.134,
        "lon": 77.128,
        "source": "WRI Power Database"
      }
    },
    {
      "type": "Feature",
      "geometry": {
        "type": "Point",
        "coordinates": [
          78.868,
          16.772
        ]
      },
      "properties": {
        "name": "Kurmapally Gk",
        "type": "Power Plant (Solar)",
        "category": "Thermal/Power Industry",
        "capacity_mw": 48.0,
        "lat": 16.772,
        "lon": 78.868,
        "source": "WRI Power Database"
      }
    },
    {
      "type": "Feature",
      "geometry": {
        "type": "Point",
        "coordinates": [
          78.887,
          16.802
        ]
      },
      "properties": {
        "name": "Kurmapally Mytrah",
        "type": "Power Plant (Solar)",
        "category": "Thermal/Power Industry",
        "capacity_mw": 50.0,
        "lat": 16.802,
        "lon": 78.887,
        "source": "WRI Power Database"
      }
    },
    {
      "type": "Feature",
      "geometry": {
        "type": "Point",
        "coordinates": [
          78.956,
          16.837
        ]
      },
      "properties": {
        "name": "Kurmapally Sky",
        "type": "Power Plant (Solar)",
        "category": "Thermal/Power Industry",
        "capacity_mw": 50.0,
        "lat": 16.837,
        "lon": 78.956,
        "source": "WRI Power Database"
      }
    },
    {
      "type": "Feature",
      "geometry": {
        "type": "Point",
        "coordinates": [
          76.1901,
          25.6732
        ]
      },
      "properties": {
        "name": "LAKHERI CEMENT PLANT",
        "type": "Power Plant (Coal)",
        "category": "Thermal/Power Industry",
        "capacity_mw": 25.0,
        "lat": 25.6732,
        "lon": 76.1901,
        "source": "WRI Power Database"
      }
    },
    {
      "type": "Feature",
      "geometry": {
        "type": "Point",
        "coordinates": [
          94.8833,
          27.0221
        ]
      },
      "properties": {
        "name": "LAKWA GT",
        "type": "Power Plant (Gas)",
        "category": "Thermal/Power Industry",
        "capacity_mw": 211.955,
        "lat": 27.0221,
        "lon": 94.8833,
        "source": "WRI Power Database"
      }
    },
    {
      "type": "Feature",
      "geometry": {
        "type": "Point",
        "coordinates": [
          78.6463,
          24.7971
        ]
      },
      "properties": {
        "name": "LALITPUR TPP",
        "type": "Power Plant (Coal)",
        "category": "Thermal/Power Industry",
        "capacity_mw": 1980.0,
        "lat": 24.7971,
        "lon": 78.6463,
        "source": "WRI Power Database"
      }
    },
    {
      "type": "Feature",
      "geometry": {
        "type": "Point",
        "coordinates": [
          83.4573,
          21.757
        ]
      },
      "properties": {
        "name": "LARA",
        "type": "Power Plant (Coal)",
        "category": "Thermal/Power Industry",
        "capacity_mw": 800.0,
        "lat": 21.757,
        "lon": 83.4573,
        "source": "WRI Power Database"
      }
    },
    {
      "type": "Feature",
      "geometry": {
        "type": "Point",
        "coordinates": [
          77.212,
          31.7196
        ]
      },
      "properties": {
        "name": "LARGI",
        "type": "Power Plant (Hydro)",
        "category": "Thermal/Power Industry",
        "capacity_mw": 126.0,
        "lat": 31.7196,
        "lon": 77.212,
        "source": "WRI Power Database"
      }
    },
    {
      "type": "Feature",
      "geometry": {
        "type": "Point",
        "coordinates": [
          74.8388,
          14.1704
        ]
      },
      "properties": {
        "name": "LIGANAMAKKI",
        "type": "Power Plant (Hydro)",
        "category": "Thermal/Power Industry",
        "capacity_mw": 55.0,
        "lat": 14.1704,
        "lon": 74.8388,
        "source": "WRI Power Database"
      }
    },
    {
      "type": "Feature",
      "geometry": {
        "type": "Point",
        "coordinates": [
          77.537,
          8.9969
        ]
      },
      "properties": {
        "name": "LITL Uthumalai",
        "type": "Power Plant (Wind)",
        "category": "Thermal/Power Industry",
        "capacity_mw": 10.0,
        "lat": 8.9969,
        "lon": 77.537,
        "source": "WRI Power Database"
      }
    },
    {
      "type": "Feature",
      "geometry": {
        "type": "Point",
        "coordinates": [
          71.4974,
          26.5114
        ]
      },
      "properties": {
        "name": "LNJP Bahla Basti Wind Farm",
        "type": "Power Plant (Wind)",
        "category": "Thermal/Power Industry",
        "capacity_mw": 20.0,
        "lat": 26.5114,
        "lon": 71.4974,
        "source": "WRI Power Database"
      }
    },
    {
      "type": "Feature",
      "geometry": {
        "type": "Point",
        "coordinates": [
          73.2032,
          18.9002
        ]
      },
      "properties": {
        "name": "LODHIVALI",
        "type": "Power Plant (Oil)",
        "category": "Thermal/Power Industry",
        "capacity_mw": 40.0,
        "lat": 18.9002,
        "lon": 73.2032,
        "source": "WRI Power Database"
      }
    },
    {
      "type": "Feature",
      "geometry": {
        "type": "Point",
        "coordinates": [
          75.7161,
          17.4462
        ]
      },
      "properties": {
        "name": "LOKMANGAL SUGAR ETHANOL",
        "type": "Power Plant (Biomass)",
        "category": "Thermal/Power Industry",
        "capacity_mw": 31.5,
        "lat": 17.4462,
        "lon": 75.7161,
        "source": "WRI Power Database"
      }
    },
    {
      "type": "Feature",
      "geometry": {
        "type": "Point",
        "coordinates": [
          93.6696,
          24.587
        ]
      },
      "properties": {
        "name": "LOKTAK",
        "type": "Power Plant (Hydro)",
        "category": "Thermal/Power Industry",
        "capacity_mw": 105.0,
        "lat": 24.587,
        "lon": 93.6696,
        "source": "WRI Power Database"
      }
    },
    {
      "type": "Feature",
      "geometry": {
        "type": "Point",
        "coordinates": [
          74.5281,
          34.2189
        ]
      },
      "properties": {
        "name": "LOWER JHELUM",
        "type": "Power Plant (Hydro)",
        "category": "Thermal/Power Industry",
        "capacity_mw": 105.0,
        "lat": 34.2189,
        "lon": 74.5281,
        "source": "WRI Power Database"
      }
    },
    {
      "type": "Feature",
      "geometry": {
        "type": "Point",
        "coordinates": [
          77.7773,
          16.3125
        ]
      },
      "properties": {
        "name": "LOWER JURALA",
        "type": "Power Plant (Hydro)",
        "category": "Thermal/Power Industry",
        "capacity_mw": 240.0,
        "lat": 16.3125,
        "lon": 77.7773,
        "source": "WRI Power Database"
      }
    },
    {
      "type": "Feature",
      "geometry": {
        "type": "Point",
        "coordinates": [
          77.7583,
          11.6425
        ]
      },
      "properties": {
        "name": "LOWER METTUR",
        "type": "Power Plant (Hydro)",
        "category": "Thermal/Power Industry",
        "capacity_mw": 120.0,
        "lat": 11.6425,
        "lon": 77.7583,
        "source": "WRI Power Database"
      }
    },
    {
      "type": "Feature",
      "geometry": {
        "type": "Point",
        "coordinates": [
          76.957,
          9.9624
        ]
      },
      "properties": {
        "name": "LOWER PERIYAR",
        "type": "Power Plant (Hydro)",
        "category": "Thermal/Power Industry",
        "capacity_mw": 180.0,
        "lat": 9.9624,
        "lon": 76.957,
        "source": "WRI Power Database"
      }
    },
    {
      "type": "Feature",
      "geometry": {
        "type": "Point",
        "coordinates": [
          81.6814,
          17.8608
        ]
      },
      "properties": {
        "name": "LOWER SILERU",
        "type": "Power Plant (Hydro)",
        "category": "Thermal/Power Industry",
        "capacity_mw": 460.0,
        "lat": 17.8608,
        "lon": 81.6814,
        "source": "WRI Power Database"
      }
    },
    {
      "type": "Feature",
      "geometry": {
        "type": "Point",
        "coordinates": [
          77.6055,
          9.087
        ]
      },
      "properties": {
        "name": "LTML Wind Energy Project in Tamil Nadu",
        "type": "Power Plant (Wind)",
        "category": "Thermal/Power Industry",
        "capacity_mw": 9.7,
        "lat": 9.087,
        "lon": 77.6055,
        "source": "WRI Power Database"
      }
    },
    {
      "type": "Feature",
      "geometry": {
        "type": "Point",
        "coordinates": [
          77.325,
          26.058
        ]
      },
      "properties": {
        "name": "Ladpura",
        "type": "Power Plant (Solar)",
        "category": "Thermal/Power Industry",
        "capacity_mw": 50.0,
        "lat": 26.058,
        "lon": 77.325,
        "source": "WRI Power Database"
      }
    },
    {
      "type": "Feature",
      "geometry": {
        "type": "Point",
        "coordinates": [
          74.3316,
          30.4368
        ]
      },
      "properties": {
        "name": "Lakhewali Solar Power Plant",
        "type": "Power Plant (Solar)",
        "category": "Thermal/Power Industry",
        "capacity_mw": 2.1,
        "lat": 30.4368,
        "lon": 74.3316,
        "source": "WRI Power Database"
      }
    },
    {
      "type": "Feature",
      "geometry": {
        "type": "Point",
        "coordinates": [
          75.4023,
          29.8509
        ]
      },
      "properties": {
        "name": "Lakhmirwala Solar Power Plant",
        "type": "Power Plant (Solar)",
        "category": "Thermal/Power Industry",
        "capacity_mw": 20.0,
        "lat": 29.8509,
        "lon": 75.4023,
        "source": "WRI Power Database"
      }
    },
    {
      "type": "Feature",
      "geometry": {
        "type": "Point",
        "coordinates": [
          75.4826,
          31.2496
        ]
      },
      "properties": {
        "name": "Lallian Kalan Solar Power Plant",
        "type": "Power Plant (Solar)",
        "category": "Thermal/Power Industry",
        "capacity_mw": 1.0,
        "lat": 31.2496,
        "lon": 75.4826,
        "source": "WRI Power Database"
      }
    },
    {
      "type": "Feature",
      "geometry": {
        "type": "Point",
        "coordinates": [
          75.92,
          31.32
        ]
      },
      "properties": {
        "name": "Lalpur",
        "type": "Power Plant (Solar)",
        "category": "Thermal/Power Industry",
        "capacity_mw": 4.1,
        "lat": 31.32,
        "lon": 75.92,
        "source": "WRI Power Database"
      }
    },
    {
      "type": "Feature",
      "geometry": {
        "type": "Point",
        "coordinates": [
          69.827,
          22.1694
        ]
      },
      "properties": {
        "name": "Lalpur Wind Farm",
        "type": "Power Plant (Wind)",
        "category": "Thermal/Power Industry",
        "capacity_mw": 50.4,
        "lat": 22.1694,
        "lon": 69.827,
        "source": "WRI Power Database"
      }
    },
    {
      "type": "Feature",
      "geometry": {
        "type": "Point",
        "coordinates": [
          71.5322,
          27.0321
        ]
      },
      "properties": {
        "name": "Lathi Solar Power Plant",
        "type": "Power Plant (Solar)",
        "category": "Thermal/Power Industry",
        "capacity_mw": 1.0,
        "lat": 27.0321,
        "lon": 71.5322,
        "source": "WRI Power Database"
      }
    },
    {
      "type": "Feature",
      "geometry": {
        "type": "Point",
        "coordinates": [
          76.495,
          18.385
        ]
      },
      "properties": {
        "name": "Latur",
        "type": "Power Plant (Solar)",
        "category": "Thermal/Power Industry",
        "capacity_mw": 10.0,
        "lat": 18.385,
        "lon": 76.495,
        "source": "WRI Power Database"
      }
    },
    {
      "type": "Feature",
      "geometry": {
        "type": "Point",
        "coordinates": [
          74.0733,
          17.8613
        ]
      },
      "properties": {
        "name": "Liberty Oil Satara Wind Farm",
        "type": "Power Plant (Wind)",
        "category": "Thermal/Power Industry",
        "capacity_mw": 2.4,
        "lat": 17.8613,
        "lon": 74.0733,
        "source": "WRI Power Database"
      }
    },
    {
      "type": "Feature",
      "geometry": {
        "type": "Point",
        "coordinates": [
          76.994,
          17.509
        ]
      },
      "properties": {
        "name": "Lingadalli",
        "type": "Power Plant (Solar)",
        "category": "Thermal/Power Industry",
        "capacity_mw": 40.0,
        "lat": 17.509,
        "lon": 76.994,
        "source": "WRI Power Database"
      }
    },
    {
      "type": "Feature",
      "geometry": {
        "type": "Point",
        "coordinates": [
          77.828,
          17.95
        ]
      },
      "properties": {
        "name": "Lingampally",
        "type": "Power Plant (Solar)",
        "category": "Thermal/Power Industry",
        "capacity_mw": 10.0,
        "lat": 17.95,
        "lon": 77.828,
        "source": "WRI Power Database"
      }
    },
    {
      "type": "Feature",
      "geometry": {
        "type": "Point",
        "coordinates": [
          78.106,
          18.281
        ]
      },
      "properties": {
        "name": "Lingampet Acme",
        "type": "Power Plant (Solar)",
        "category": "Thermal/Power Industry",
        "capacity_mw": 15.0,
        "lat": 18.281,
        "lon": 78.106,
        "source": "WRI Power Database"
      }
    },
    {
      "type": "Feature",
      "geometry": {
        "type": "Point",
        "coordinates": [
          78.204,
          18.315
        ]
      },
      "properties": {
        "name": "Lingapuram Suzlon",
        "type": "Power Plant (Solar)",
        "category": "Thermal/Power Industry",
        "capacity_mw": 15.0,
        "lat": 18.315,
        "lon": 78.204,
        "source": "WRI Power Database"
      }
    },
    {
      "type": "Feature",
      "geometry": {
        "type": "Point",
        "coordinates": [
          78.215,
          14.588
        ]
      },
      "properties": {
        "name": "Lomada",
        "type": "Power Plant (Solar)",
        "category": "Thermal/Power Industry",
        "capacity_mw": 30.0,
        "lat": 14.588,
        "lon": 78.215,
        "source": "WRI Power Database"
      }
    },
    {
      "type": "Feature",
      "geometry": {
        "type": "Point",
        "coordinates": [
          72.279,
          27.463
        ]
      },
      "properties": {
        "name": "Lumbaniya",
        "type": "Power Plant (Solar)",
        "category": "Thermal/Power Industry",
        "capacity_mw": 13.0,
        "lat": 27.463,
        "lon": 72.279,
        "source": "WRI Power Database"
      }
    },
    {
      "type": "Feature",
      "geometry": {
        "type": "Point",
        "coordinates": [
          80.1754,
          12.5571
        ]
      },
      "properties": {
        "name": "M.A.P.P.",
        "type": "Power Plant (Nuclear)",
        "category": "Thermal/Power Industry",
        "capacity_mw": 440.0,
        "lat": 12.5571,
        "lon": 80.1754,
        "source": "WRI Power Database"
      }
    },
    {
      "type": "Feature",
      "geometry": {
        "type": "Point",
        "coordinates": [
          82.4645,
          18.5323
        ]
      },
      "properties": {
        "name": "MACHKUND",
        "type": "Power Plant (Hydro)",
        "category": "Thermal/Power Industry",
        "capacity_mw": 114.75,
        "lat": 18.5323,
        "lon": 82.4645,
        "source": "WRI Power Database"
      }
    },
    {
      "type": "Feature",
      "geometry": {
        "type": "Point",
        "coordinates": [
          77.0225,
          12.2135
        ]
      },
      "properties": {
        "name": "MADHAVAMANTRI",
        "type": "Power Plant (Hydro)",
        "category": "Thermal/Power Industry",
        "capacity_mw": 4.5,
        "lat": 12.2135,
        "lon": 77.0225,
        "source": "WRI Power Database"
      }
    },
    {
      "type": "Feature",
      "geometry": {
        "type": "Point",
        "coordinates": [
          77.8348,
          25.5623
        ]
      },
      "properties": {
        "name": "MADHIKHEDA",
        "type": "Power Plant (Hydro)",
        "category": "Thermal/Power Industry",
        "capacity_mw": 60.0,
        "lat": 25.5623,
        "lon": 77.8348,
        "source": "WRI Power Database"
      }
    },
    {
      "type": "Feature",
      "geometry": {
        "type": "Point",
        "coordinates": [
          86.0613,
          22.8395
        ]
      },
      "properties": {
        "name": "MAHADEV PRASAD STPP",
        "type": "Power Plant (Coal)",
        "category": "Thermal/Power Industry",
        "capacity_mw": 540.0,
        "lat": 22.8395,
        "lon": 86.0613,
        "source": "WRI Power Database"
      }
    },
    {
      "type": "Feature",
      "geometry": {
        "type": "Point",
        "coordinates": [
          82.4172,
          24.0077
        ]
      },
      "properties": {
        "name": "MAHAN TPP",
        "type": "Power Plant (Coal)",
        "category": "Thermal/Power Industry",
        "capacity_mw": 1200.0,
        "lat": 24.0077,
        "lon": 82.4172,
        "source": "WRI Power Database"
      }
    },
    {
      "type": "Feature",
      "geometry": {
        "type": "Point",
        "coordinates": [
          76.351,
          28.49
        ]
      },
      "properties": {
        "name": "MAHATMA GANDHI TPP",
        "type": "Power Plant (Coal)",
        "category": "Thermal/Power Industry",
        "capacity_mw": 1320.0,
        "lat": 28.49,
        "lon": 76.351,
        "source": "WRI Power Database"
      }
    },
    {
      "type": "Feature",
      "geometry": {
        "type": "Point",
        "coordinates": [
          78.5814,
          20.8558
        ]
      },
      "properties": {
        "name": "MAHATMA SUGAR",
        "type": "Power Plant (Biomass)",
        "category": "Thermal/Power Industry",
        "capacity_mw": 15.0,
        "lat": 20.8558,
        "lon": 78.5814,
        "source": "WRI Power Database"
      }
    },
    {
      "type": "Feature",
      "geometry": {
        "type": "Point",
        "coordinates": [
          74.5062,
          23.5443
        ]
      },
      "properties": {
        "name": "MAHI BAJAJ I&II",
        "type": "Power Plant (Hydro)",
        "category": "Thermal/Power Industry",
        "capacity_mw": 140.0,
        "lat": 23.5443,
        "lon": 74.5062,
        "source": "WRI Power Database"
      }
    },
    {
      "type": "Feature",
      "geometry": {
        "type": "Point",
        "coordinates": [
          72.8963,
          19.0162
        ]
      },
      "properties": {
        "name": "MAHUL REFINERY",
        "type": "Power Plant (Oil)",
        "category": "Thermal/Power Industry",
        "capacity_mw": 22.0,
        "lat": 19.0162,
        "lon": 72.8963,
        "source": "WRI Power Database"
      }
    },
    {
      "type": "Feature",
      "geometry": {
        "type": "Point",
        "coordinates": [
          80.7997,
          24.2021
        ]
      },
      "properties": {
        "name": "MAIHAR CEMENT PLANT",
        "type": "Power Plant (Coal)",
        "category": "Thermal/Power Industry",
        "capacity_mw": 31.4,
        "lat": 24.2021,
        "lon": 80.7997,
        "source": "WRI Power Database"
      }
    },
    {
      "type": "Feature",
      "geometry": {
        "type": "Point",
        "coordinates": [
          86.8284,
          23.7872
        ]
      },
      "properties": {
        "name": "MAITHON",
        "type": "Power Plant (Hydro)",
        "category": "Thermal/Power Industry",
        "capacity_mw": 63.2,
        "lat": 23.7872,
        "lon": 86.8284,
        "source": "WRI Power Database"
      }
    },
    {
      "type": "Feature",
      "geometry": {
        "type": "Point",
        "coordinates": [
          86.76,
          23.8209
        ]
      },
      "properties": {
        "name": "MAITHON RB TPP",
        "type": "Power Plant (Coal)",
        "category": "Thermal/Power Industry",
        "capacity_mw": 1050.0,
        "lat": 23.8209,
        "lon": 86.76,
        "source": "WRI Power Database"
      }
    },
    {
      "type": "Feature",
      "geometry": {
        "type": "Point",
        "coordinates": [
          77.2494,
          32.0041
        ]
      },
      "properties": {
        "name": "MALANA",
        "type": "Power Plant (Hydro)",
        "category": "Thermal/Power Industry",
        "capacity_mw": 186.0,
        "lat": 32.0041,
        "lon": 77.2494,
        "source": "WRI Power Database"
      }
    },
    {
      "type": "Feature",
      "geometry": {
        "type": "Point",
        "coordinates": [
          76.4591,
          15.3773
        ]
      },
      "properties": {
        "name": "MALLARPUR",
        "type": "Power Plant (Hydro)",
        "category": "Thermal/Power Industry",
        "capacity_mw": 9.0,
        "lat": 15.3773,
        "lon": 76.4591,
        "source": "WRI Power Database"
      }
    },
    {
      "type": "Feature",
      "geometry": {
        "type": "Point",
        "coordinates": [
          78.4238,
          30.7294
        ]
      },
      "properties": {
        "name": "MANERI BHALI",
        "type": "Power Plant (Hydro)",
        "category": "Thermal/Power Industry",
        "capacity_mw": 394.0,
        "lat": 30.7294,
        "lon": 78.4238,
        "source": "WRI Power Database"
      }
    },
    {
      "type": "Feature",
      "geometry": {
        "type": "Point",
        "coordinates": [
          74.8496,
          12.9821
        ]
      },
      "properties": {
        "name": "MANGALORE REFINERY",
        "type": "Power Plant (Gas)",
        "category": "Thermal/Power Industry",
        "capacity_mw": 166.5,
        "lat": 12.9821,
        "lon": 74.8496,
        "source": "WRI Power Database"
      }
    },
    {
      "type": "Feature",
      "geometry": {
        "type": "Point",
        "coordinates": [
          73.3529,
          18.3879
        ]
      },
      "properties": {
        "name": "MANGAON CCPP",
        "type": "Power Plant (Gas)",
        "category": "Thermal/Power Industry",
        "capacity_mw": 388.0,
        "lat": 18.3879,
        "lon": 73.3529,
        "source": "WRI Power Database"
      }
    },
    {
      "type": "Feature",
      "geometry": {
        "type": "Point",
        "coordinates": [
          75.9522,
          24.7176
        ]
      },
      "properties": {
        "name": "MANGLAM CEMENT",
        "type": "Power Plant (Coal)",
        "category": "Thermal/Power Industry",
        "capacity_mw": 25.0,
        "lat": 24.7176,
        "lon": 75.9522,
        "source": "WRI Power Database"
      }
    },
    {
      "type": "Feature",
      "geometry": {
        "type": "Point",
        "coordinates": [
          75.0462,
          13.6763
        ]
      },
      "properties": {
        "name": "MANI DPH",
        "type": "Power Plant (Hydro)",
        "category": "Thermal/Power Industry",
        "capacity_mw": 9.0,
        "lat": 13.6763,
        "lon": 75.0462,
        "source": "WRI Power Database"
      }
    },
    {
      "type": "Feature",
      "geometry": {
        "type": "Point",
        "coordinates": [
          73.8144,
          19.2345
        ]
      },
      "properties": {
        "name": "MANIKDOH",
        "type": "Power Plant (Hydro)",
        "category": "Thermal/Power Industry",
        "capacity_mw": 6.0,
        "lat": 19.2345,
        "lon": 73.8144,
        "source": "WRI Power Database"
      }
    },
    {
      "type": "Feature",
      "geometry": {
        "type": "Point",
        "coordinates": [
          79.1761,
          19.7235
        ]
      },
      "properties": {
        "name": "MANIKGARH CEMENT",
        "type": "Power Plant (Coal)",
        "category": "Thermal/Power Industry",
        "capacity_mw": 50.0,
        "lat": 19.7235,
        "lon": 79.1761,
        "source": "WRI Power Database"
      }
    },
    {
      "type": "Feature",
      "geometry": {
        "type": "Point",
        "coordinates": [
          76.8798,
          9.3294
        ]
      },
      "properties": {
        "name": "MANIYAR",
        "type": "Power Plant (Hydro)",
        "category": "Thermal/Power Industry",
        "capacity_mw": 12.0,
        "lat": 9.3294,
        "lon": 76.8798,
        "source": "WRI Power Database"
      }
    },
    {
      "type": "Feature",
      "geometry": {
        "type": "Point",
        "coordinates": [
          79.2206,
          19.703
        ]
      },
      "properties": {
        "name": "MARATHA CEMENT PLANT",
        "type": "Power Plant (Coal)",
        "category": "Thermal/Power Industry",
        "capacity_mw": 45.0,
        "lat": 19.703,
        "lon": 79.2206,
        "source": "WRI Power Database"
      }
    },
    {
      "type": "Feature",
      "geometry": {
        "type": "Point",
        "coordinates": [
          82.6022,
          22.0708
        ]
      },
      "properties": {
        "name": "MARWA TPP",
        "type": "Power Plant (Coal)",
        "category": "Thermal/Power Industry",
        "capacity_mw": 1000.0,
        "lat": 22.0708,
        "lon": 82.6022,
        "source": "WRI Power Database"
      }
    },
    {
      "type": "Feature",
      "geometry": {
        "type": "Point",
        "coordinates": [
          78.3717,
          25.1001
        ]
      },
      "properties": {
        "name": "MATATILLA",
        "type": "Power Plant (Hydro)",
        "category": "Thermal/Power Industry",
        "capacity_mw": 30.6,
        "lat": 25.1001,
        "lon": 78.3717,
        "source": "WRI Power Database"
      }
    },
    {
      "type": "Feature",
      "geometry": {
        "type": "Point",
        "coordinates": [
          81.9415,
          25.1447
        ]
      },
      "properties": {
        "name": "MEJA STPP",
        "type": "Power Plant (Coal)",
        "category": "Thermal/Power Industry",
        "capacity_mw": 660.0,
        "lat": 25.1447,
        "lon": 81.9415,
        "source": "WRI Power Database"
      }
    },
    {
      "type": "Feature",
      "geometry": {
        "type": "Point",
        "coordinates": [
          87.1311,
          23.4639
        ]
      },
      "properties": {
        "name": "MEJIA",
        "type": "Power Plant (Coal)",
        "category": "Thermal/Power Industry",
        "capacity_mw": 1340.0,
        "lat": 23.4639,
        "lon": 87.1311,
        "source": "WRI Power Database"
      }
    },
    {
      "type": "Feature",
      "geometry": {
        "type": "Point",
        "coordinates": [
          87.1311,
          23.4639
        ]
      },
      "properties": {
        "name": "MEJIA TPS EXT",
        "type": "Power Plant (Coal)",
        "category": "Thermal/Power Industry",
        "capacity_mw": 1000.0,
        "lat": 23.4639,
        "lon": 87.1311,
        "source": "WRI Power Database"
      }
    },
    {
      "type": "Feature",
      "geometry": {
        "type": "Point",
        "coordinates": [
          78.1374,
          8.9159
        ]
      },
      "properties": {
        "name": "MELAMARUTHUR (MUTHIARA)",
        "type": "Power Plant (Coal)",
        "category": "Thermal/Power Industry",
        "capacity_mw": 1200.0,
        "lat": 8.9159,
        "lon": 78.1374,
        "source": "WRI Power Database"
      }
    },
    {
      "type": "Feature",
      "geometry": {
        "type": "Point",
        "coordinates": [
          77.8138,
          11.7696
        ]
      },
      "properties": {
        "name": "METTUR",
        "type": "Power Plant (Coal)",
        "category": "Thermal/Power Industry",
        "capacity_mw": 840.0,
        "lat": 11.7696,
        "lon": 77.8138,
        "source": "WRI Power Database"
      }
    },
    {
      "type": "Feature",
      "geometry": {
        "type": "Point",
        "coordinates": [
          77.8085,
          11.8014
        ]
      },
      "properties": {
        "name": "METTUR DAM",
        "type": "Power Plant (Hydro)",
        "category": "Thermal/Power Industry",
        "capacity_mw": 250.0,
        "lat": 11.8014,
        "lon": 77.8085,
        "source": "WRI Power Database"
      }
    },
    {
      "type": "Feature",
      "geometry": {
        "type": "Point",
        "coordinates": [
          77.8138,
          11.7696
        ]
      },
      "properties": {
        "name": "METTUR TPS EXT",
        "type": "Power Plant (Coal)",
        "category": "Thermal/Power Industry",
        "capacity_mw": 600.0,
        "lat": 11.7696,
        "lon": 77.8138,
        "source": "WRI Power Database"
      }
    },
    {
      "type": "Feature",
      "geometry": {
        "type": "Point",
        "coordinates": [
          78.9334,
          21.0377
        ]
      },
      "properties": {
        "name": "MIHAN TPP",
        "type": "Power Plant (Coal)",
        "category": "Thermal/Power Industry",
        "capacity_mw": 246.0,
        "lat": 21.0377,
        "lon": 78.9334,
        "source": "WRI Power Database"
      }
    },
    {
      "type": "Feature",
      "geometry": {
        "type": "Point",
        "coordinates": [
          91.274,
          23.438
        ]
      },
      "properties": {
        "name": "MONARCHAK CCPP",
        "type": "Power Plant (Gas)",
        "category": "Thermal/Power Industry",
        "capacity_mw": 101.0,
        "lat": 23.438,
        "lon": 91.274,
        "source": "WRI Power Database"
      }
    },
    {
      "type": "Feature",
      "geometry": {
        "type": "Point",
        "coordinates": [
          74.4072,
          23.5496
        ]
      },
      "properties": {
        "name": "MORDI PLANT",
        "type": "Power Plant (Coal)",
        "category": "Thermal/Power Industry",
        "capacity_mw": 46.0,
        "lat": 23.5496,
        "lon": 74.4072,
        "source": "WRI Power Database"
      }
    },
    {
      "type": "Feature",
      "geometry": {
        "type": "Point",
        "coordinates": [
          79.3978,
          21.1797
        ]
      },
      "properties": {
        "name": "MOUDA STPS",
        "type": "Power Plant (Coal)",
        "category": "Thermal/Power Industry",
        "capacity_mw": 2320.0,
        "lat": 21.1797,
        "lon": 79.3978,
        "source": "WRI Power Database"
      }
    },
    {
      "type": "Feature",
      "geometry": {
        "type": "Point",
        "coordinates": [
          76.6919,
          11.6137
        ]
      },
      "properties": {
        "name": "MOYAR",
        "type": "Power Plant (Hydro)",
        "category": "Thermal/Power Industry",
        "capacity_mw": 36.0,
        "lat": 11.6137,
        "lon": 76.6919,
        "source": "WRI Power Database"
      }
    },
    {
      "type": "Feature",
      "geometry": {
        "type": "Point",
        "coordinates": [
          75.797,
          23.849
        ]
      },
      "properties": {
        "name": "MP1 Hero",
        "type": "Power Plant (Solar)",
        "category": "Thermal/Power Industry",
        "capacity_mw": 50.0,
        "lat": 23.849,
        "lon": 75.797,
        "source": "WRI Power Database"
      }
    },
    {
      "type": "Feature",
      "geometry": {
        "type": "Point",
        "coordinates": [
          70.7381,
          26.8051
        ]
      },
      "properties": {
        "name": "MRMPL Mudari Wind Farm",
        "type": "Power Plant (Wind)",
        "category": "Thermal/Power Industry",
        "capacity_mw": 20.0,
        "lat": 26.8051,
        "lon": 70.7381,
        "source": "WRI Power Database"
      }
    },
    {
      "type": "Feature",
      "geometry": {
        "type": "Point",
        "coordinates": [
          75.7965,
          15.1579
        ]
      },
      "properties": {
        "name": "MSPL Wind Farm",
        "type": "Power Plant (Wind)",
        "category": "Thermal/Power Industry",
        "capacity_mw": 78.9,
        "lat": 15.1579,
        "lon": 75.7965,
        "source": "WRI Power Database"
      }
    },
    {
      "type": "Feature",
      "geometry": {
        "type": "Point",
        "coordinates": [
          75.3005,
          16.2017
        ]
      },
      "properties": {
        "name": "MUDHOL CEMENT",
        "type": "Power Plant (Coal)",
        "category": "Thermal/Power Industry",
        "capacity_mw": 50.0,
        "lat": 16.2017,
        "lon": 75.3005,
        "source": "WRI Power Database"
      }
    },
    {
      "type": "Feature",
      "geometry": {
        "type": "Point",
        "coordinates": [
          75.836,
          31.9553
        ]
      },
      "properties": {
        "name": "MUKERIAN I -IV",
        "type": "Power Plant (Hydro)",
        "category": "Thermal/Power Industry",
        "capacity_mw": 207.0,
        "lat": 31.9553,
        "lon": 75.836,
        "source": "WRI Power Database"
      }
    },
    {
      "type": "Feature",
      "geometry": {
        "type": "Point",
        "coordinates": [
          79.7148,
          20.0805
        ]
      },
      "properties": {
        "name": "MUL GRETA",
        "type": "Power Plant (Coal)",
        "category": "Thermal/Power Industry",
        "capacity_mw": 15.0,
        "lat": 20.0805,
        "lon": 79.7148,
        "source": "WRI Power Database"
      }
    },
    {
      "type": "Feature",
      "geometry": {
        "type": "Point",
        "coordinates": [
          72.8948,
          19.016
        ]
      },
      "properties": {
        "name": "MUMBAI BPCL",
        "type": "Power Plant (Gas)",
        "category": "Thermal/Power Industry",
        "capacity_mw": 31.2,
        "lat": 19.016,
        "lon": 72.8948,
        "source": "WRI Power Database"
      }
    },
    {
      "type": "Feature",
      "geometry": {
        "type": "Point",
        "coordinates": [
          72.9465,
          18.5309
        ]
      },
      "properties": {
        "name": "MUMBAI JINDAL",
        "type": "Power Plant (Oil)",
        "category": "Thermal/Power Industry",
        "capacity_mw": 25.2,
        "lat": 18.5309,
        "lon": 72.9465,
        "source": "WRI Power Database"
      }
    },
    {
      "type": "Feature",
      "geometry": {
        "type": "Point",
        "coordinates": [
          72.8997,
          18.9988
        ]
      },
      "properties": {
        "name": "MUMBAI ONGC",
        "type": "Power Plant (Gas)",
        "category": "Thermal/Power Industry",
        "capacity_mw": 75.0,
        "lat": 18.9988,
        "lon": 72.8997,
        "source": "WRI Power Database"
      }
    },
    {
      "type": "Feature",
      "geometry": {
        "type": "Point",
        "coordinates": [
          69.5532,
          22.823
        ]
      },
      "properties": {
        "name": "MUNDRA TPP",
        "type": "Power Plant (Coal)",
        "category": "Thermal/Power Industry",
        "capacity_mw": 4620.0,
        "lat": 22.823,
        "lon": 69.5532,
        "source": "WRI Power Database"
      }
    },
    {
      "type": "Feature",
      "geometry": {
        "type": "Point",
        "coordinates": [
          69.5281,
          22.8158
        ]
      },
      "properties": {
        "name": "MUNDRA UMPP",
        "type": "Power Plant (Coal)",
        "category": "Thermal/Power Industry",
        "capacity_mw": 4000.0,
        "lat": 22.8158,
        "lon": 69.5281,
        "source": "WRI Power Database"
      }
    },
    {
      "type": "Feature",
      "geometry": {
        "type": "Point",
        "coordinates": [
          76.3288,
          15.2666
        ]
      },
      "properties": {
        "name": "MUNIRABAD",
        "type": "Power Plant (Hydro)",
        "category": "Thermal/Power Industry",
        "capacity_mw": 28.3,
        "lat": 15.2666,
        "lon": 76.3288,
        "source": "WRI Power Database"
      }
    },
    {
      "type": "Feature",
      "geometry": {
        "type": "Point",
        "coordinates": [
          75.1002,
          15.8555
        ]
      },
      "properties": {
        "name": "MUNOLI DISTILLERY",
        "type": "Power Plant (Biomass)",
        "category": "Thermal/Power Industry",
        "capacity_mw": 11.2,
        "lat": 15.8555,
        "lon": 75.1002,
        "source": "WRI Power Database"
      }
    },
    {
      "type": "Feature",
      "geometry": {
        "type": "Point",
        "coordinates": [
          73.3638,
          19.261
        ]
      },
      "properties": {
        "name": "MURBAD PLANT",
        "type": "Power Plant (Coal)",
        "category": "Thermal/Power Industry",
        "capacity_mw": 15.0,
        "lat": 19.261,
        "lon": 73.3638,
        "source": "WRI Power Database"
      }
    },
    {
      "type": "Feature",
      "geometry": {
        "type": "Point",
        "coordinates": [
          85.3017,
          26.1953
        ]
      },
      "properties": {
        "name": "MUZAFFARPUR",
        "type": "Power Plant (Coal)",
        "category": "Thermal/Power Industry",
        "capacity_mw": 610.0,
        "lat": 26.1953,
        "lon": 85.3017,
        "source": "WRI Power Database"
      }
    },
    {
      "type": "Feature",
      "geometry": {
        "type": "Point",
        "coordinates": [
          92.2279,
          25.2354
        ]
      },
      "properties": {
        "name": "MYNTDU",
        "type": "Power Plant (Hydro)",
        "category": "Thermal/Power Industry",
        "capacity_mw": 126.0,
        "lat": 25.2354,
        "lon": 92.2279,
        "source": "WRI Power Database"
      }
    },
    {
      "type": "Feature",
      "geometry": {
        "type": "Point",
        "coordinates": [
          79.425,
          19.147
        ]
      },
      "properties": {
        "name": "Madaram ISCPL",
        "type": "Power Plant (Solar)",
        "category": "Thermal/Power Industry",
        "capacity_mw": 5.0,
        "lat": 19.147,
        "lon": 79.425,
        "source": "WRI Power Database"
      }
    },
    {
      "type": "Feature",
      "geometry": {
        "type": "Point",
        "coordinates": [
          77.195,
          13.68
        ]
      },
      "properties": {
        "name": "Madhugiri",
        "type": "Power Plant (Solar)",
        "category": "Thermal/Power Industry",
        "capacity_mw": 20.0,
        "lat": 13.68,
        "lon": 77.195,
        "source": "WRI Power Database"
      }
    },
    {
      "type": "Feature",
      "geometry": {
        "type": "Point",
        "coordinates": [
          77.295,
          12.8703
        ]
      },
      "properties": {
        "name": "Magadi",
        "type": "Power Plant (Solar)",
        "category": "Thermal/Power Industry",
        "capacity_mw": 20.0,
        "lat": 12.8703,
        "lon": 77.295,
        "source": "WRI Power Database"
      }
    },
    {
      "type": "Feature",
      "geometry": {
        "type": "Point",
        "coordinates": [
          75.574,
          29.819
        ]
      },
      "properties": {
        "name": "Magania",
        "type": "Power Plant (Solar)",
        "category": "Thermal/Power Industry",
        "capacity_mw": 50.0,
        "lat": 29.819,
        "lon": 75.574,
        "source": "WRI Power Database"
      }
    },
    {
      "type": "Feature",
      "geometry": {
        "type": "Point",
        "coordinates": [
          79.58,
          25.32
        ]
      },
      "properties": {
        "name": "Mahoba Acme",
        "type": "Power Plant (Solar)",
        "category": "Thermal/Power Industry",
        "capacity_mw": 20.0,
        "lat": 25.32,
        "lon": 79.58,
        "source": "WRI Power Database"
      }
    },
    {
      "type": "Feature",
      "geometry": {
        "type": "Point",
        "coordinates": [
          79.81,
          25.305
        ]
      },
      "properties": {
        "name": "Mahoba Adani",
        "type": "Power Plant (Solar)",
        "category": "Thermal/Power Industry",
        "capacity_mw": 50.0,
        "lat": 25.305,
        "lon": 79.81,
        "source": "WRI Power Database"
      }
    },
    {
      "type": "Feature",
      "geometry": {
        "type": "Point",
        "coordinates": [
          78.4124,
          24.793
        ]
      },
      "properties": {
        "name": "Mahrauni Khurd",
        "type": "Power Plant (Solar)",
        "category": "Thermal/Power Industry",
        "capacity_mw": 10.0,
        "lat": 24.793,
        "lon": 78.4124,
        "source": "WRI Power Database"
      }
    },
    {
      "type": "Feature",
      "geometry": {
        "type": "Point",
        "coordinates": [
          77.497,
          16.464
        ]
      },
      "properties": {
        "name": "Makthal SLE",
        "type": "Power Plant (Solar)",
        "category": "Thermal/Power Industry",
        "capacity_mw": 10.0,
        "lat": 16.464,
        "lon": 77.497,
        "source": "WRI Power Database"
      }
    },
    {
      "type": "Feature",
      "geometry": {
        "type": "Point",
        "coordinates": [
          73.9032,
          17.5727
        ]
      },
      "properties": {
        "name": "Maloshi Wind Farm",
        "type": "Power Plant (Wind)",
        "category": "Thermal/Power Industry",
        "capacity_mw": 14.65,
        "lat": 17.5727,
        "lon": 73.9032,
        "source": "WRI Power Database"
      }
    },
    {
      "type": "Feature",
      "geometry": {
        "type": "Point",
        "coordinates": [
          83.891,
          20.783
        ]
      },
      "properties": {
        "name": "Manamunda",
        "type": "Power Plant (Solar)",
        "category": "Thermal/Power Industry",
        "capacity_mw": 20.0,
        "lat": 20.783,
        "lon": 83.891,
        "source": "WRI Power Database"
      }
    },
    {
      "type": "Feature",
      "geometry": {
        "type": "Point",
        "coordinates": [
          75.79,
          20.3
        ]
      },
      "properties": {
        "name": "Manapur",
        "type": "Power Plant (Solar)",
        "category": "Thermal/Power Industry",
        "capacity_mw": 50.0,
        "lat": 20.3,
        "lon": 75.79,
        "source": "WRI Power Database"
      }
    },
    {
      "type": "Feature",
      "geometry": {
        "type": "Point",
        "coordinates": [
          91.275,
          23.465
        ]
      },
      "properties": {
        "name": "Manarchak",
        "type": "Power Plant (Solar)",
        "category": "Thermal/Power Industry",
        "capacity_mw": 5.0,
        "lat": 23.465,
        "lon": 91.275,
        "source": "WRI Power Database"
      }
    },
    {
      "type": "Feature",
      "geometry": {
        "type": "Point",
        "coordinates": [
          79.63,
          18.691
        ]
      },
      "properties": {
        "name": "Manchini ACME",
        "type": "Power Plant (Solar)",
        "category": "Thermal/Power Industry",
        "capacity_mw": 50.0,
        "lat": 18.691,
        "lon": 79.63,
        "source": "WRI Power Database"
      }
    },
    {
      "type": "Feature",
      "geometry": {
        "type": "Point",
        "coordinates": [
          72.309,
          27.48
        ]
      },
      "properties": {
        "name": "Manchitiya Jakson",
        "type": "Power Plant (Solar)",
        "category": "Thermal/Power Industry",
        "capacity_mw": 24.0,
        "lat": 27.48,
        "lon": 72.309,
        "source": "WRI Power Database"
      }
    },
    {
      "type": "Feature",
      "geometry": {
        "type": "Point",
        "coordinates": [
          72.339,
          27.451
        ]
      },
      "properties": {
        "name": "Manchitiya Symphony",
        "type": "Power Plant (Solar)",
        "category": "Thermal/Power Industry",
        "capacity_mw": 10.0,
        "lat": 27.451,
        "lon": 72.339,
        "source": "WRI Power Database"
      }
    },
    {
      "type": "Feature",
      "geometry": {
        "type": "Point",
        "coordinates": [
          79.446,
          18.985
        ]
      },
      "properties": {
        "name": "Mandamarri Renew",
        "type": "Power Plant (Solar)",
        "category": "Thermal/Power Industry",
        "capacity_mw": 48.0,
        "lat": 18.985,
        "lon": 79.446,
        "source": "WRI Power Database"
      }
    },
    {
      "type": "Feature",
      "geometry": {
        "type": "Point",
        "coordinates": [
          75.781,
          17.4999
        ]
      },
      "properties": {
        "name": "Mandrup - Giriraj Solar Power Plant",
        "type": "Power Plant (Solar)",
        "category": "Thermal/Power Industry",
        "capacity_mw": 6.6,
        "lat": 17.4999,
        "lon": 75.781,
        "source": "WRI Power Database"
      }
    },
    {
      "type": "Feature",
      "geometry": {
        "type": "Point",
        "coordinates": [
          75.779,
          17.499
        ]
      },
      "properties": {
        "name": "Mandrup II",
        "type": "Power Plant (Solar)",
        "category": "Thermal/Power Industry",
        "capacity_mw": 25.9,
        "lat": 17.499,
        "lon": 75.779,
        "source": "WRI Power Database"
      }
    },
    {
      "type": "Feature",
      "geometry": {
        "type": "Point",
        "coordinates": [
          75.7876,
          17.5008
        ]
      },
      "properties": {
        "name": "Mandrup III",
        "type": "Power Plant (Solar)",
        "category": "Thermal/Power Industry",
        "capacity_mw": 4.0,
        "lat": 17.5008,
        "lon": 75.7876,
        "source": "WRI Power Database"
      }
    },
    {
      "type": "Feature",
      "geometry": {
        "type": "Point",
        "coordinates": [
          75.795,
          24.085
        ]
      },
      "properties": {
        "name": "Mandsaur 1",
        "type": "Power Plant (Solar)",
        "category": "Thermal/Power Industry",
        "capacity_mw": 50.0,
        "lat": 24.085,
        "lon": 75.795,
        "source": "WRI Power Database"
      }
    },
    {
      "type": "Feature",
      "geometry": {
        "type": "Point",
        "coordinates": [
          75.795,
          24.085
        ]
      },
      "properties": {
        "name": "Mandsaur 2",
        "type": "Power Plant (Solar)",
        "category": "Thermal/Power Industry",
        "capacity_mw": 50.0,
        "lat": 24.085,
        "lon": 75.795,
        "source": "WRI Power Database"
      }
    },
    {
      "type": "Feature",
      "geometry": {
        "type": "Point",
        "coordinates": [
          75.795,
          24.085
        ]
      },
      "properties": {
        "name": "Mandsaur 3",
        "type": "Power Plant (Solar)",
        "category": "Thermal/Power Industry",
        "capacity_mw": 50.0,
        "lat": 24.085,
        "lon": 75.795,
        "source": "WRI Power Database"
      }
    },
    {
      "type": "Feature",
      "geometry": {
        "type": "Point",
        "coordinates": [
          75.795,
          24.085
        ]
      },
      "properties": {
        "name": "Mandsaur 4",
        "type": "Power Plant (Solar)",
        "category": "Thermal/Power Industry",
        "capacity_mw": 50.0,
        "lat": 24.085,
        "lon": 75.795,
        "source": "WRI Power Database"
      }
    },
    {
      "type": "Feature",
      "geometry": {
        "type": "Point",
        "coordinates": [
          75.795,
          24.085
        ]
      },
      "properties": {
        "name": "Mandsaur 5",
        "type": "Power Plant (Solar)",
        "category": "Thermal/Power Industry",
        "capacity_mw": 50.0,
        "lat": 24.085,
        "lon": 75.795,
        "source": "WRI Power Database"
      }
    },
    {
      "type": "Feature",
      "geometry": {
        "type": "Point",
        "coordinates": [
          74.8239,
          12.9435
        ]
      },
      "properties": {
        "name": "Mangalore Port",
        "type": "Power Plant (Solar)",
        "category": "Thermal/Power Industry",
        "capacity_mw": 4.0,
        "lat": 12.9435,
        "lon": 74.8239,
        "source": "WRI Power Database"
      }
    },
    {
      "type": "Feature",
      "geometry": {
        "type": "Point",
        "coordinates": [
          75.433,
          17.538
        ]
      },
      "properties": {
        "name": "Mangalwedha",
        "type": "Power Plant (Solar)",
        "category": "Thermal/Power Industry",
        "capacity_mw": 20.0,
        "lat": 17.538,
        "lon": 75.433,
        "source": "WRI Power Database"
      }
    },
    {
      "type": "Feature",
      "geometry": {
        "type": "Point",
        "coordinates": [
          77.93,
          29.738
        ]
      },
      "properties": {
        "name": "Manglore",
        "type": "Power Plant (Solar)",
        "category": "Thermal/Power Industry",
        "capacity_mw": 20.0,
        "lat": 29.738,
        "lon": 77.93,
        "source": "WRI Power Database"
      }
    },
    {
      "type": "Feature",
      "geometry": {
        "type": "Point",
        "coordinates": [
          75.242,
          29.589
        ]
      },
      "properties": {
        "name": "Mankhera",
        "type": "Power Plant (Solar)",
        "category": "Thermal/Power Industry",
        "capacity_mw": 25.0,
        "lat": 29.589,
        "lon": 75.242,
        "source": "WRI Power Database"
      }
    },
    {
      "type": "Feature",
      "geometry": {
        "type": "Point",
        "coordinates": [
          80.86,
          17.882
        ]
      },
      "properties": {
        "name": "Manuguru",
        "type": "Power Plant (Solar)",
        "category": "Thermal/Power Industry",
        "capacity_mw": 12.0,
        "lat": 17.882,
        "lon": 80.86,
        "source": "WRI Power Database"
      }
    },
    {
      "type": "Feature",
      "geometry": {
        "type": "Point",
        "coordinates": [
          77.664,
          16.628
        ]
      },
      "properties": {
        "name": "Marikal",
        "type": "Power Plant (Solar)",
        "category": "Thermal/Power Industry",
        "capacity_mw": 20.0,
        "lat": 16.628,
        "lon": 77.664,
        "source": "WRI Power Database"
      }
    },
    {
      "type": "Feature",
      "geometry": {
        "type": "Point",
        "coordinates": [
          79.814,
          25.317
        ]
      },
      "properties": {
        "name": "Mauja",
        "type": "Power Plant (Solar)",
        "category": "Thermal/Power Industry",
        "capacity_mw": 8.1,
        "lat": 25.317,
        "lon": 79.814,
        "source": "WRI Power Database"
      }
    },
    {
      "type": "Feature",
      "geometry": {
        "type": "Point",
        "coordinates": [
          76.07,
          14.275
        ]
      },
      "properties": {
        "name": "Mayakonda",
        "type": "Power Plant (Solar)",
        "category": "Thermal/Power Industry",
        "capacity_mw": 20.0,
        "lat": 14.275,
        "lon": 76.07,
        "source": "WRI Power Database"
      }
    },
    {
      "type": "Feature",
      "geometry": {
        "type": "Point",
        "coordinates": [
          78.651,
          18.144
        ]
      },
      "properties": {
        "name": "Medak Mytrah",
        "type": "Power Plant (Solar)",
        "category": "Thermal/Power Industry",
        "capacity_mw": 15.0,
        "lat": 18.144,
        "lon": 78.651,
        "source": "WRI Power Database"
      }
    },
    {
      "type": "Feature",
      "geometry": {
        "type": "Point",
        "coordinates": [
          78.407,
          18.056
        ]
      },
      "properties": {
        "name": "Medak Rays",
        "type": "Power Plant (Solar)",
        "category": "Thermal/Power Industry",
        "capacity_mw": 5.0,
        "lat": 18.056,
        "lon": 78.407,
        "source": "WRI Power Database"
      }
    },
    {
      "type": "Feature",
      "geometry": {
        "type": "Point",
        "coordinates": [
          87.065,
          23.535
        ]
      },
      "properties": {
        "name": "Mejia",
        "type": "Power Plant (Solar)",
        "category": "Thermal/Power Industry",
        "capacity_mw": 10.0,
        "lat": 23.535,
        "lon": 87.065,
        "source": "WRI Power Database"
      }
    },
    {
      "type": "Feature",
      "geometry": {
        "type": "Point",
        "coordinates": [
          78.248,
          9.416
        ]
      },
      "properties": {
        "name": "Melamudimannar",
        "type": "Power Plant (Solar)",
        "category": "Thermal/Power Industry",
        "capacity_mw": 18.0,
        "lat": 9.416,
        "lon": 78.248,
        "source": "WRI Power Database"
      }
    },
    {
      "type": "Feature",
      "geometry": {
        "type": "Point",
        "coordinates": [
          70.116,
          21.736
        ]
      },
      "properties": {
        "name": "Meravadar GIS",
        "type": "Power Plant (Solar)",
        "category": "Thermal/Power Industry",
        "capacity_mw": 10.0,
        "lat": 21.736,
        "lon": 70.116,
        "source": "WRI Power Database"
      }
    },
    {
      "type": "Feature",
      "geometry": {
        "type": "Point",
        "coordinates": [
          70.105,
          21.733
        ]
      },
      "properties": {
        "name": "Meravadar GMPL",
        "type": "Power Plant (Solar)",
        "category": "Thermal/Power Industry",
        "capacity_mw": 5.0,
        "lat": 21.733,
        "lon": 70.105,
        "source": "WRI Power Database"
      }
    },
    {
      "type": "Feature",
      "geometry": {
        "type": "Point",
        "coordinates": [
          78.358,
          16.743
        ]
      },
      "properties": {
        "name": "Midjil",
        "type": "Power Plant (Solar)",
        "category": "Thermal/Power Industry",
        "capacity_mw": 10.1,
        "lat": 16.743,
        "lon": 78.358,
        "source": "WRI Power Database"
      }
    },
    {
      "type": "Feature",
      "geometry": {
        "type": "Point",
        "coordinates": [
          78.048,
          17.994
        ]
      },
      "properties": {
        "name": "Minpoor ES",
        "type": "Power Plant (Solar)",
        "category": "Thermal/Power Industry",
        "capacity_mw": 50.0,
        "lat": 17.994,
        "lon": 78.048,
        "source": "WRI Power Database"
      }
    },
    {
      "type": "Feature",
      "geometry": {
        "type": "Point",
        "coordinates": [
          78.055,
          17.961
        ]
      },
      "properties": {
        "name": "Minpoor Renew",
        "type": "Power Plant (Solar)",
        "category": "Thermal/Power Industry",
        "capacity_mw": 100.0,
        "lat": 17.961,
        "lon": 78.055,
        "source": "WRI Power Database"
      }
    },
    {
      "type": "Feature",
      "geometry": {
        "type": "Point",
        "coordinates": [
          78.075,
          18.05
        ]
      },
      "properties": {
        "name": "Minpur Sky",
        "type": "Power Plant (Solar)",
        "category": "Thermal/Power Industry",
        "capacity_mw": 50.0,
        "lat": 18.05,
        "lon": 78.075,
        "source": "WRI Power Database"
      }
    },
    {
      "type": "Feature",
      "geometry": {
        "type": "Point",
        "coordinates": [
          75.3099,
          29.7303
        ]
      },
      "properties": {
        "name": "Mirpur Kalan - Alianz Eco Solar Power Plant",
        "type": "Power Plant (Solar)",
        "category": "Thermal/Power Industry",
        "capacity_mw": 2.1,
        "lat": 29.7303,
        "lon": 75.3099,
        "source": "WRI Power Database"
      }
    },
    {
      "type": "Feature",
      "geometry": {
        "type": "Point",
        "coordinates": [
          75.308,
          29.7311
        ]
      },
      "properties": {
        "name": "Mirpur Kalan - Nexgen Solux Solar Power Plant",
        "type": "Power Plant (Solar)",
        "category": "Thermal/Power Industry",
        "capacity_mw": 1.0,
        "lat": 29.7311,
        "lon": 75.308,
        "source": "WRI Power Database"
      }
    },
    {
      "type": "Feature",
      "geometry": {
        "type": "Point",
        "coordinates": [
          82.38,
          25.1
        ]
      },
      "properties": {
        "name": "Mirzapur",
        "type": "Power Plant (Solar)",
        "category": "Thermal/Power Industry",
        "capacity_mw": 75.0,
        "lat": 25.1,
        "lon": 82.38,
        "source": "WRI Power Database"
      }
    },
    {
      "type": "Feature",
      "geometry": {
        "type": "Point",
        "coordinates": [
          68.9925,
          22.4077
        ]
      },
      "properties": {
        "name": "Mithapur Solar Power Plant",
        "type": "Power Plant (Solar)",
        "category": "Thermal/Power Industry",
        "capacity_mw": 17.0,
        "lat": 22.4077,
        "lon": 68.9925,
        "source": "WRI Power Database"
      }
    },
    {
      "type": "Feature",
      "geometry": {
        "type": "Point",
        "coordinates": [
          75.5823,
          28.6966
        ]
      },
      "properties": {
        "name": "Mithi",
        "type": "Power Plant (Solar)",
        "category": "Thermal/Power Industry",
        "capacity_mw": 6.0,
        "lat": 28.6966,
        "lon": 75.5823,
        "source": "WRI Power Database"
      }
    },
    {
      "type": "Feature",
      "geometry": {
        "type": "Point",
        "coordinates": [
          74.545,
          17.874
        ]
      },
      "properties": {
        "name": "Mograle",
        "type": "Power Plant (Solar)",
        "category": "Thermal/Power Industry",
        "capacity_mw": 50.0,
        "lat": 17.874,
        "lon": 74.545,
        "source": "WRI Power Database"
      }
    },
    {
      "type": "Feature",
      "geometry": {
        "type": "Point",
        "coordinates": [
          75.5167,
          18.6667
        ]
      },
      "properties": {
        "name": "Mohari",
        "type": "Power Plant (Solar)",
        "category": "Thermal/Power Industry",
        "capacity_mw": 10.0,
        "lat": 18.6667,
        "lon": 75.5167,
        "source": "WRI Power Database"
      }
    },
    {
      "type": "Feature",
      "geometry": {
        "type": "Point",
        "coordinates": [
          70.7455,
          27.1657
        ]
      },
      "properties": {
        "name": "Mokal Wind Farm",
        "type": "Power Plant (Wind)",
        "category": "Thermal/Power Industry",
        "capacity_mw": 31.5,
        "lat": 27.1657,
        "lon": 70.7455,
        "source": "WRI Power Database"
      }
    },
    {
      "type": "Feature",
      "geometry": {
        "type": "Point",
        "coordinates": [
          70.681,
          27.1611
        ]
      },
      "properties": {
        "name": "Mokla Wind farm",
        "type": "Power Plant (Wind)",
        "category": "Thermal/Power Industry",
        "capacity_mw": 52.5,
        "lat": 27.1611,
        "lon": 70.681,
        "source": "WRI Power Database"
      }
    },
    {
      "type": "Feature",
      "geometry": {
        "type": "Point",
        "coordinates": [
          76.941,
          23.039
        ]
      },
      "properties": {
        "name": "Molga",
        "type": "Power Plant (Solar)",
        "category": "Thermal/Power Industry",
        "capacity_mw": 50.0,
        "lat": 23.039,
        "lon": 76.941,
        "source": "WRI Power Database"
      }
    },
    {
      "type": "Feature",
      "geometry": {
        "type": "Point",
        "coordinates": [
          77.778,
          10.967
        ]
      },
      "properties": {
        "name": "Monjanur",
        "type": "Power Plant (Solar)",
        "category": "Thermal/Power Industry",
        "capacity_mw": 15.0,
        "lat": 10.967,
        "lon": 77.778,
        "source": "WRI Power Database"
      }
    },
    {
      "type": "Feature",
      "geometry": {
        "type": "Point",
        "coordinates": [
          77.851,
          9.644
        ]
      },
      "properties": {
        "name": "Moolippatti",
        "type": "Power Plant (Solar)",
        "category": "Thermal/Power Industry",
        "capacity_mw": 40.0,
        "lat": 9.644,
        "lon": 77.851,
        "source": "WRI Power Database"
      }
    },
    {
      "type": "Feature",
      "geometry": {
        "type": "Point",
        "coordinates": [
          78.6108,
          11.0027
        ]
      },
      "properties": {
        "name": "Moovanur GRT 1",
        "type": "Power Plant (Solar)",
        "category": "Thermal/Power Industry",
        "capacity_mw": 5.0,
        "lat": 11.0027,
        "lon": 78.6108,
        "source": "WRI Power Database"
      }
    },
    {
      "type": "Feature",
      "geometry": {
        "type": "Point",
        "coordinates": [
          78.6101,
          11.0003
        ]
      },
      "properties": {
        "name": "Moovanur GRT 2",
        "type": "Power Plant (Solar)",
        "category": "Thermal/Power Industry",
        "capacity_mw": 5.0,
        "lat": 11.0003,
        "lon": 78.6101,
        "source": "WRI Power Database"
      }
    },
    {
      "type": "Feature",
      "geometry": {
        "type": "Point",
        "coordinates": [
          78.6129,
          11.0005
        ]
      },
      "properties": {
        "name": "Moovanur GRT 3",
        "type": "Power Plant (Solar)",
        "category": "Thermal/Power Industry",
        "capacity_mw": 5.0,
        "lat": 11.0005,
        "lon": 78.6129,
        "source": "WRI Power Database"
      }
    },
    {
      "type": "Feature",
      "geometry": {
        "type": "Point",
        "coordinates": [
          70.558,
          23.378
        ]
      },
      "properties": {
        "name": "Mouje",
        "type": "Power Plant (Solar)",
        "category": "Thermal/Power Industry",
        "capacity_mw": 20.0,
        "lat": 23.378,
        "lon": 70.558,
        "source": "WRI Power Database"
      }
    },
    {
      "type": "Feature",
      "geometry": {
        "type": "Point",
        "coordinates": [
          76.16,
          16.256
        ]
      },
      "properties": {
        "name": "Muddebihal",
        "type": "Power Plant (Solar)",
        "category": "Thermal/Power Industry",
        "capacity_mw": 20.0,
        "lat": 16.256,
        "lon": 76.16,
        "source": "WRI Power Database"
      }
    },
    {
      "type": "Feature",
      "geometry": {
        "type": "Point",
        "coordinates": [
          75.985,
          15.65
        ]
      },
      "properties": {
        "name": "Mudhol-Chikoppa",
        "type": "Power Plant (Solar)",
        "category": "Thermal/Power Industry",
        "capacity_mw": 30.0,
        "lat": 15.65,
        "lon": 75.985,
        "source": "WRI Power Database"
      }
    },
    {
      "type": "Feature",
      "geometry": {
        "type": "Point",
        "coordinates": [
          75.195,
          16.41
        ]
      },
      "properties": {
        "name": "Mugalkhod",
        "type": "Power Plant (Solar)",
        "category": "Thermal/Power Industry",
        "capacity_mw": 50.0,
        "lat": 16.41,
        "lon": 75.195,
        "source": "WRI Power Database"
      }
    },
    {
      "type": "Feature",
      "geometry": {
        "type": "Point",
        "coordinates": [
          76.04,
          21.015
        ]
      },
      "properties": {
        "name": "Muktainagar Edge",
        "type": "Power Plant (Solar)",
        "category": "Thermal/Power Industry",
        "capacity_mw": 50.0,
        "lat": 21.015,
        "lon": 76.04,
        "source": "WRI Power Database"
      }
    },
    {
      "type": "Feature",
      "geometry": {
        "type": "Point",
        "coordinates": [
          76.08,
          21.06
        ]
      },
      "properties": {
        "name": "Muktainagar Essel",
        "type": "Power Plant (Solar)",
        "category": "Thermal/Power Industry",
        "capacity_mw": 20.0,
        "lat": 21.06,
        "lon": 76.08,
        "source": "WRI Power Database"
      }
    },
    {
      "type": "Feature",
      "geometry": {
        "type": "Point",
        "coordinates": [
          76.025,
          21.04
        ]
      },
      "properties": {
        "name": "Muktainagar Sukhbir",
        "type": "Power Plant (Solar)",
        "category": "Thermal/Power Industry",
        "capacity_mw": 20.0,
        "lat": 21.04,
        "lon": 76.025,
        "source": "WRI Power Database"
      }
    },
    {
      "type": "Feature",
      "geometry": {
        "type": "Point",
        "coordinates": [
          76.05,
          21.045
        ]
      },
      "properties": {
        "name": "Muktainagar Vijay",
        "type": "Power Plant (Solar)",
        "category": "Thermal/Power Industry",
        "capacity_mw": 10.0,
        "lat": 21.045,
        "lon": 76.05,
        "source": "WRI Power Database"
      }
    },
    {
      "type": "Feature",
      "geometry": {
        "type": "Point",
        "coordinates": [
          79.294,
          12.988
        ]
      },
      "properties": {
        "name": "Mukundarayappuram",
        "type": "Power Plant (Solar)",
        "category": "Thermal/Power Industry",
        "capacity_mw": 5.0,
        "lat": 12.988,
        "lon": 79.294,
        "source": "WRI Power Database"
      }
    },
    {
      "type": "Feature",
      "geometry": {
        "type": "Point",
        "coordinates": [
          76.705,
          17.85
        ]
      },
      "properties": {
        "name": "Mulaj",
        "type": "Power Plant (Solar)",
        "category": "Thermal/Power Industry",
        "capacity_mw": 20.0,
        "lat": 17.85,
        "lon": 76.705,
        "source": "WRI Power Database"
      }
    },
    {
      "type": "Feature",
      "geometry": {
        "type": "Point",
        "coordinates": [
          78.365,
          13.165
        ]
      },
      "properties": {
        "name": "Mulbagal",
        "type": "Power Plant (Solar)",
        "category": "Thermal/Power Industry",
        "capacity_mw": 20.0,
        "lat": 13.165,
        "lon": 78.365,
        "source": "WRI Power Database"
      }
    },
    {
      "type": "Feature",
      "geometry": {
        "type": "Point",
        "coordinates": [
          73.5081,
          18.4921
        ]
      },
      "properties": {
        "name": "Mulshi Solar Power Plant",
        "type": "Power Plant (Solar)",
        "category": "Thermal/Power Industry",
        "capacity_mw": 3.0,
        "lat": 18.4921,
        "lon": 73.5081,
        "source": "WRI Power Database"
      }
    },
    {
      "type": "Feature",
      "geometry": {
        "type": "Point",
        "coordinates": [
          77.8,
          8.535
        ]
      },
      "properties": {
        "name": "Munanjipatti",
        "type": "Power Plant (Solar)",
        "category": "Thermal/Power Industry",
        "capacity_mw": 7.7,
        "lat": 8.535,
        "lon": 77.8,
        "source": "WRI Power Database"
      }
    },
    {
      "type": "Feature",
      "geometry": {
        "type": "Point",
        "coordinates": [
          69.695,
          22.89
        ]
      },
      "properties": {
        "name": "Mundra",
        "type": "Power Plant (Solar)",
        "category": "Thermal/Power Industry",
        "capacity_mw": 9.3,
        "lat": 22.89,
        "lon": 69.695,
        "source": "WRI Power Database"
      }
    },
    {
      "type": "Feature",
      "geometry": {
        "type": "Point",
        "coordinates": [
          77.861,
          17.69
        ]
      },
      "properties": {
        "name": "Munipalli",
        "type": "Power Plant (Solar)",
        "category": "Thermal/Power Industry",
        "capacity_mw": 5.0,
        "lat": 17.69,
        "lon": 77.861,
        "source": "WRI Power Database"
      }
    },
    {
      "type": "Feature",
      "geometry": {
        "type": "Point",
        "coordinates": [
          75.3099,
          29.7303
        ]
      },
      "properties": {
        "name": "Muradwala Dal Singh Solar Power Plant",
        "type": "Power Plant (Solar)",
        "category": "Thermal/Power Industry",
        "capacity_mw": 21.0,
        "lat": 29.7303,
        "lon": 75.3099,
        "source": "WRI Power Database"
      }
    },
    {
      "type": "Feature",
      "geometry": {
        "type": "Point",
        "coordinates": [
          74.251,
          30.252
        ]
      },
      "properties": {
        "name": "Muradwala Dalsingh",
        "type": "Power Plant (Solar)",
        "category": "Thermal/Power Industry",
        "capacity_mw": 21.0,
        "lat": 30.252,
        "lon": 74.251,
        "source": "WRI Power Database"
      }
    },
    {
      "type": "Feature",
      "geometry": {
        "type": "Point",
        "coordinates": [
          78.506,
          11.083
        ]
      },
      "properties": {
        "name": "Musri",
        "type": "Power Plant (Solar)",
        "category": "Thermal/Power Industry",
        "capacity_mw": 20.0,
        "lat": 11.083,
        "lon": 78.506,
        "source": "WRI Power Database"
      }
    },
    {
      "type": "Feature",
      "geometry": {
        "type": "Point",
        "coordinates": [
          78.173,
          9.437
        ]
      },
      "properties": {
        "name": "Muthuramalingapuram",
        "type": "Power Plant (Solar)",
        "category": "Thermal/Power Industry",
        "capacity_mw": 8.0,
        "lat": 9.437,
        "lon": 78.173,
        "source": "WRI Power Database"
      }
    },
    {
      "type": "Feature",
      "geometry": {
        "type": "Point",
        "coordinates": [
          79.8147,
          10.8245
        ]
      },
      "properties": {
        "name": "Muttam",
        "type": "Power Plant (Solar)",
        "category": "Thermal/Power Industry",
        "capacity_mw": 4.0,
        "lat": 10.8245,
        "lon": 79.8147,
        "source": "WRI Power Database"
      }
    },
    {
      "type": "Feature",
      "geometry": {
        "type": "Point",
        "coordinates": [
          78.4089,
          28.156
        ]
      },
      "properties": {
        "name": "N.A.P.S",
        "type": "Power Plant (Nuclear)",
        "category": "Thermal/Power Industry",
        "capacity_mw": 440.0,
        "lat": 28.156,
        "lon": 78.4089,
        "source": "WRI Power Database"
      }
    },
    {
      "type": "Feature",
      "geometry": {
        "type": "Point",
        "coordinates": [
          84.1588,
          24.7754
        ]
      },
      "properties": {
        "name": "NABI NAGAR TPP",
        "type": "Power Plant (Coal)",
        "category": "Thermal/Power Industry",
        "capacity_mw": 750.0,
        "lat": 24.7754,
        "lon": 84.1588,
        "source": "WRI Power Database"
      }
    },
    {
      "type": "Feature",
      "geometry": {
        "type": "Point",
        "coordinates": [
          79.3442,
          16.5678
        ]
      },
      "properties": {
        "name": "NAGARJUNA SAGAR",
        "type": "Power Plant (Hydro)",
        "category": "Thermal/Power Industry",
        "capacity_mw": 815.6,
        "lat": 16.5678,
        "lon": 79.3442,
        "source": "WRI Power Database"
      }
    },
    {
      "type": "Feature",
      "geometry": {
        "type": "Point",
        "coordinates": [
          79.4909,
          16.626
        ]
      },
      "properties": {
        "name": "NAGARJUNA SAGAR   TPD",
        "type": "Power Plant (Hydro)",
        "category": "Thermal/Power Industry",
        "capacity_mw": 50.0,
        "lat": 16.626,
        "lon": 79.4909,
        "source": "WRI Power Database"
      }
    },
    {
      "type": "Feature",
      "geometry": {
        "type": "Point",
        "coordinates": [
          75.408,
          23.4469
        ]
      },
      "properties": {
        "name": "NAGDA GRASIM",
        "type": "Power Plant (Coal)",
        "category": "Thermal/Power Industry",
        "capacity_mw": 45.5,
        "lat": 23.4469,
        "lon": 75.408,
        "source": "WRI Power Database"
      }
    },
    {
      "type": "Feature",
      "geometry": {
        "type": "Point",
        "coordinates": [
          73.1862,
          18.8829
        ]
      },
      "properties": {
        "name": "NAGOTHANE COMPLEX",
        "type": "Power Plant (Oil)",
        "category": "Thermal/Power Industry",
        "capacity_mw": 78.9,
        "lat": 18.8829,
        "lon": 73.1862,
        "source": "WRI Power Database"
      }
    },
    {
      "type": "Feature",
      "geometry": {
        "type": "Point",
        "coordinates": [
          79.485,
          21.0582
        ]
      },
      "properties": {
        "name": "NAGPUR GMT",
        "type": "Power Plant (Biomass)",
        "category": "Thermal/Power Industry",
        "capacity_mw": 10.0,
        "lat": 21.0582,
        "lon": 79.485,
        "source": "WRI Power Database"
      }
    },
    {
      "type": "Feature",
      "geometry": {
        "type": "Point",
        "coordinates": [
          79.0548,
          20.8062
        ]
      },
      "properties": {
        "name": "NAGPUR MILL",
        "type": "Power Plant (Biomass)",
        "category": "Thermal/Power Industry",
        "capacity_mw": 18.9,
        "lat": 20.8062,
        "lon": 79.0548,
        "source": "WRI Power Database"
      }
    },
    {
      "type": "Feature",
      "geometry": {
        "type": "Point",
        "coordinates": [
          79.2455,
          20.9276
        ]
      },
      "properties": {
        "name": "NAGPUR SPONGE IRON",
        "type": "Power Plant (Coal)",
        "category": "Thermal/Power Industry",
        "capacity_mw": 65.0,
        "lat": 20.9276,
        "lon": 79.2455,
        "source": "WRI Power Database"
      }
    },
    {
      "type": "Feature",
      "geometry": {
        "type": "Point",
        "coordinates": [
          95.376,
          27.1858
        ]
      },
      "properties": {
        "name": "NAMRUP GT",
        "type": "Power Plant (Gas)",
        "category": "Thermal/Power Industry",
        "capacity_mw": 161.75,
        "lat": 27.1858,
        "lon": 95.376,
        "source": "WRI Power Database"
      }
    },
    {
      "type": "Feature",
      "geometry": {
        "type": "Point",
        "coordinates": [
          78.8132,
          22.9649
        ]
      },
      "properties": {
        "name": "NARASINGPUR",
        "type": "Power Plant (Biomass)",
        "category": "Thermal/Power Industry",
        "capacity_mw": 10.0,
        "lat": 22.9649,
        "lon": 78.8132,
        "source": "WRI Power Database"
      }
    },
    {
      "type": "Feature",
      "geometry": {
        "type": "Point",
        "coordinates": [
          76.3369,
          16.2365
        ]
      },
      "properties": {
        "name": "NARAYANPUR",
        "type": "Power Plant (Hydro)",
        "category": "Thermal/Power Industry",
        "capacity_mw": 11.6,
        "lat": 16.2365,
        "lon": 76.3369,
        "source": "WRI Power Database"
      }
    },
    {
      "type": "Feature",
      "geometry": {
        "type": "Point",
        "coordinates": [
          76.9792,
          9.9533
        ]
      },
      "properties": {
        "name": "NARIMANGLAM",
        "type": "Power Plant (Hydro)",
        "category": "Thermal/Power Industry",
        "capacity_mw": 45.0,
        "lat": 9.9533,
        "lon": 76.9792,
        "source": "WRI Power Database"
      }
    },
    {
      "type": "Feature",
      "geometry": {
        "type": "Point",
        "coordinates": [
          73.8896,
          19.9817
        ]
      },
      "properties": {
        "name": "NASIK",
        "type": "Power Plant (Coal)",
        "category": "Thermal/Power Industry",
        "capacity_mw": 630.0,
        "lat": 19.9817,
        "lon": 73.8896,
        "source": "WRI Power Database"
      }
    },
    {
      "type": "Feature",
      "geometry": {
        "type": "Point",
        "coordinates": [
          74.0835,
          19.8658
        ]
      },
      "properties": {
        "name": "NASIK SINNAR",
        "type": "Power Plant (Coal)",
        "category": "Thermal/Power Industry",
        "capacity_mw": 270.0,
        "lat": 19.8658,
        "lon": 74.0835,
        "source": "WRI Power Database"
      }
    },
    {
      "type": "Feature",
      "geometry": {
        "type": "Point",
        "coordinates": [
          73.8896,
          19.9817
        ]
      },
      "properties": {
        "name": "NASIK TPP  PH 1",
        "type": "Power Plant (Coal)",
        "category": "Thermal/Power Industry",
        "capacity_mw": 1350.0,
        "lat": 19.9817,
        "lon": 73.8896,
        "source": "WRI Power Database"
      }
    },
    {
      "type": "Feature",
      "geometry": {
        "type": "Point",
        "coordinates": [
          77.98,
          31.564
        ]
      },
      "properties": {
        "name": "NATHPA JHAKRI",
        "type": "Power Plant (Hydro)",
        "category": "Thermal/Power Industry",
        "capacity_mw": 1500.0,
        "lat": 31.564,
        "lon": 77.98,
        "source": "WRI Power Database"
      }
    },
    {
      "type": "Feature",
      "geometry": {
        "type": "Point",
        "coordinates": [
          83.2788,
          21.92
        ]
      },
      "properties": {
        "name": "NAWAPARA",
        "type": "Power Plant (Coal)",
        "category": "Thermal/Power Industry",
        "capacity_mw": 600.0,
        "lat": 21.92,
        "lon": 83.2788,
        "source": "WRI Power Database"
      }
    },
    {
      "type": "Feature",
      "geometry": {
        "type": "Point",
        "coordinates": [
          76.4014,
          21.4504
        ]
      },
      "properties": {
        "name": "NEPANAGAR MILL",
        "type": "Power Plant (Coal)",
        "category": "Thermal/Power Industry",
        "capacity_mw": 12.27,
        "lat": 21.4504,
        "lon": 76.4014,
        "source": "WRI Power Database"
      }
    },
    {
      "type": "Feature",
      "geometry": {
        "type": "Point",
        "coordinates": [
          91.8239,
          26.0132
        ]
      },
      "properties": {
        "name": "NEW UMTRU",
        "type": "Power Plant (Hydro)",
        "category": "Thermal/Power Industry",
        "capacity_mw": 40.0,
        "lat": 26.0132,
        "lon": 91.8239,
        "source": "WRI Power Database"
      }
    },
    {
      "type": "Feature",
      "geometry": {
        "type": "Point",
        "coordinates": [
          79.4611,
          11.5887
        ]
      },
      "properties": {
        "name": "NEYVELI FST EXT",
        "type": "Power Plant (Coal)",
        "category": "Thermal/Power Industry",
        "capacity_mw": 420.0,
        "lat": 11.5887,
        "lon": 79.4611,
        "source": "WRI Power Database"
      }
    },
    {
      "type": "Feature",
      "geometry": {
        "type": "Point",
        "coordinates": [
          79.4704,
          11.5893
        ]
      },
      "properties": {
        "name": "NEYVELI ST I",
        "type": "Power Plant (Coal)",
        "category": "Thermal/Power Industry",
        "capacity_mw": 600.0,
        "lat": 11.5893,
        "lon": 79.4704,
        "source": "WRI Power Database"
      }
    },
    {
      "type": "Feature",
      "geometry": {
        "type": "Point",
        "coordinates": [
          79.4417,
          11.5576
        ]
      },
      "properties": {
        "name": "NEYVELI ST II",
        "type": "Power Plant (Coal)",
        "category": "Thermal/Power Industry",
        "capacity_mw": 1470.0,
        "lat": 11.5576,
        "lon": 79.4417,
        "source": "WRI Power Database"
      }
    },
    {
      "type": "Feature",
      "geometry": {
        "type": "Point",
        "coordinates": [
          79.4408,
          11.5534
        ]
      },
      "properties": {
        "name": "NEYVELI TPS EXP -II",
        "type": "Power Plant (Coal)",
        "category": "Thermal/Power Industry",
        "capacity_mw": 500.0,
        "lat": 11.5534,
        "lon": 79.4408,
        "source": "WRI Power Database"
      }
    },
    {
      "type": "Feature",
      "geometry": {
        "type": "Point",
        "coordinates": [
          79.4159,
          11.5401
        ]
      },
      "properties": {
        "name": "NEYVELI TPS(Z)",
        "type": "Power Plant (Coal)",
        "category": "Thermal/Power Industry",
        "capacity_mw": 250.0,
        "lat": 11.5401,
        "lon": 79.4159,
        "source": "WRI Power Database"
      }
    },
    {
      "type": "Feature",
      "geometry": {
        "type": "Point",
        "coordinates": [
          81.9045,
          24.15
        ]
      },
      "properties": {
        "name": "NIGRI",
        "type": "Power Plant (Coal)",
        "category": "Thermal/Power Industry",
        "capacity_mw": 1320.0,
        "lat": 24.15,
        "lon": 81.9045,
        "source": "WRI Power Database"
      }
    },
    {
      "type": "Feature",
      "geometry": {
        "type": "Point",
        "coordinates": [
          74.6843,
          24.6428
        ]
      },
      "properties": {
        "name": "NIMBAHERA JK CEMENT",
        "type": "Power Plant (Coal)",
        "category": "Thermal/Power Industry",
        "capacity_mw": 33.2,
        "lat": 24.6428,
        "lon": 74.6843,
        "source": "WRI Power Database"
      }
    },
    {
      "type": "Feature",
      "geometry": {
        "type": "Point",
        "coordinates": [
          77.1842,
          34.2154
        ]
      },
      "properties": {
        "name": "NIMOO BAZGO",
        "type": "Power Plant (Hydro)",
        "category": "Thermal/Power Industry",
        "capacity_mw": 45.0,
        "lat": 34.2154,
        "lon": 77.1842,
        "source": "WRI Power Database"
      }
    },
    {
      "type": "Feature",
      "geometry": {
        "type": "Point",
        "coordinates": [
          74.6092,
          25.2042
        ]
      },
      "properties": {
        "name": "NITIN PLANT",
        "type": "Power Plant (Coal)",
        "category": "Thermal/Power Industry",
        "capacity_mw": 10.5,
        "lat": 25.2042,
        "lon": 74.6092,
        "source": "WRI Power Database"
      }
    },
    {
      "type": "Feature",
      "geometry": {
        "type": "Point",
        "coordinates": [
          77.9576,
          18.2172
        ]
      },
      "properties": {
        "name": "NIZAM SAGAR",
        "type": "Power Plant (Hydro)",
        "category": "Thermal/Power Industry",
        "capacity_mw": 10.0,
        "lat": 18.2172,
        "lon": 77.9576,
        "source": "WRI Power Database"
      }
    },
    {
      "type": "Feature",
      "geometry": {
        "type": "Point",
        "coordinates": [
          78.572,
          9.444
        ]
      },
      "properties": {
        "name": "NLC Ramanathapuram",
        "type": "Power Plant (Solar)",
        "category": "Thermal/Power Industry",
        "capacity_mw": 100.0,
        "lat": 9.444,
        "lon": 78.572,
        "source": "WRI Power Database"
      }
    },
    {
      "type": "Feature",
      "geometry": {
        "type": "Point",
        "coordinates": [
          76.3154,
          14.098
        ]
      },
      "properties": {
        "name": "NMDC Anehalu Wind Farm",
        "type": "Power Plant (Wind)",
        "category": "Thermal/Power Industry",
        "capacity_mw": 10.5,
        "lat": 14.098,
        "lon": 76.3154,
        "source": "WRI Power Database"
      }
    },
    {
      "type": "Feature",
      "geometry": {
        "type": "Point",
        "coordinates": [
          80.3257,
          13.245
        ]
      },
      "properties": {
        "name": "NORTH CHENNAI",
        "type": "Power Plant (Coal)",
        "category": "Thermal/Power Industry",
        "capacity_mw": 630.0,
        "lat": 13.245,
        "lon": 80.3257,
        "source": "WRI Power Database"
      }
    },
    {
      "type": "Feature",
      "geometry": {
        "type": "Point",
        "coordinates": [
          80.3257,
          13.245
        ]
      },
      "properties": {
        "name": "NORTH CHENNAI EXTENSION",
        "type": "Power Plant (Coal)",
        "category": "Thermal/Power Industry",
        "capacity_mw": 1200.0,
        "lat": 13.245,
        "lon": 80.3257,
        "source": "WRI Power Database"
      }
    },
    {
      "type": "Feature",
      "geometry": {
        "type": "Point",
        "coordinates": [
          78.415,
          14.025
        ]
      },
      "properties": {
        "name": "NPKSP} Acme",
        "type": "Power Plant (Solar)",
        "category": "Thermal/Power Industry",
        "capacity_mw": 150.0,
        "lat": 14.025,
        "lon": 78.415,
        "source": "WRI Power Database"
      }
    },
    {
      "type": "Feature",
      "geometry": {
        "type": "Point",
        "coordinates": [
          78.439,
          14.011
        ]
      },
      "properties": {
        "name": "NPKSP} Adani",
        "type": "Power Plant (Solar)",
        "category": "Thermal/Power Industry",
        "capacity_mw": 50.0,
        "lat": 14.011,
        "lon": 78.439,
        "source": "WRI Power Database"
      }
    },
    {
      "type": "Feature",
      "geometry": {
        "type": "Point",
        "coordinates": [
          78.443,
          14.034
        ]
      },
      "properties": {
        "name": "NPKSP} Azure D",
        "type": "Power Plant (Solar)",
        "category": "Thermal/Power Industry",
        "capacity_mw": 50.0,
        "lat": 14.034,
        "lon": 78.443,
        "source": "WRI Power Database"
      }
    },
    {
      "type": "Feature",
      "geometry": {
        "type": "Point",
        "coordinates": [
          78.446,
          14.024
        ]
      },
      "properties": {
        "name": "NPKSP} Azure O",
        "type": "Power Plant (Solar)",
        "category": "Thermal/Power Industry",
        "capacity_mw": 200.0,
        "lat": 14.024,
        "lon": 78.446,
        "source": "WRI Power Database"
      }
    },
    {
      "type": "Feature",
      "geometry": {
        "type": "Point",
        "coordinates": [
          78.415,
          14.02
        ]
      },
      "properties": {
        "name": "NPKSP} FRV",
        "type": "Power Plant (Solar)",
        "category": "Thermal/Power Industry",
        "capacity_mw": 100.0,
        "lat": 14.02,
        "lon": 78.415,
        "source": "WRI Power Database"
      }
    },
    {
      "type": "Feature",
      "geometry": {
        "type": "Point",
        "coordinates": [
          78.463,
          14.101
        ]
      },
      "properties": {
        "name": "NPKSP} Greenko",
        "type": "Power Plant (Solar)",
        "category": "Thermal/Power Industry",
        "capacity_mw": 500.0,
        "lat": 14.101,
        "lon": 78.463,
        "source": "WRI Power Database"
      }
    },
    {
      "type": "Feature",
      "geometry": {
        "type": "Point",
        "coordinates": [
          78.434,
          14.026
        ]
      },
      "properties": {
        "name": "NPKSP} Tata I",
        "type": "Power Plant (Solar)",
        "category": "Thermal/Power Industry",
        "capacity_mw": 100.0,
        "lat": 14.026,
        "lon": 78.434,
        "source": "WRI Power Database"
      }
    },
    {
      "type": "Feature",
      "geometry": {
        "type": "Point",
        "coordinates": [
          78.43,
          14.041
        ]
      },
      "properties": {
        "name": "NPKSP} Tata NSM-P2B3",
        "type": "Power Plant (Solar)",
        "category": "Thermal/Power Industry",
        "capacity_mw": 100.0,
        "lat": 14.041,
        "lon": 78.43,
        "source": "WRI Power Database"
      }
    },
    {
      "type": "Feature",
      "geometry": {
        "type": "Point",
        "coordinates": [
          91.981,
          27.5882
        ]
      },
      "properties": {
        "name": "NURANANG",
        "type": "Power Plant (Hydro)",
        "category": "Thermal/Power Industry",
        "capacity_mw": 6.0,
        "lat": 27.5882,
        "lon": 91.981,
        "source": "WRI Power Database"
      }
    },
    {
      "type": "Feature",
      "geometry": {
        "type": "Point",
        "coordinates": [
          79.3389,
          16.5697
        ]
      },
      "properties": {
        "name": "N_SAGAR LBC",
        "type": "Power Plant (Hydro)",
        "category": "Thermal/Power Industry",
        "capacity_mw": 60.0,
        "lat": 16.5697,
        "lon": 79.3389,
        "source": "WRI Power Database"
      }
    },
    {
      "type": "Feature",
      "geometry": {
        "type": "Point",
        "coordinates": [
          79.3389,
          16.5697
        ]
      },
      "properties": {
        "name": "N_SAGAR RBC",
        "type": "Power Plant (Hydro)",
        "category": "Thermal/Power Industry",
        "capacity_mw": 90.0,
        "lat": 16.5697,
        "lon": 79.3389,
        "source": "WRI Power Database"
      }
    },
    {
      "type": "Feature",
      "geometry": {
        "type": "Point",
        "coordinates": [
          76.748,
          14.821
        ]
      },
      "properties": {
        "name": "Naga Samudra",
        "type": "Power Plant (Solar)",
        "category": "Thermal/Power Industry",
        "capacity_mw": 7.0,
        "lat": 14.821,
        "lon": 76.748,
        "source": "WRI Power Database"
      }
    },
    {
      "type": "Feature",
      "geometry": {
        "type": "Point",
        "coordinates": [
          76.748,
          14.821
        ]
      },
      "properties": {
        "name": "Naga Samudra extn",
        "type": "Power Plant (Solar)",
        "category": "Thermal/Power Industry",
        "capacity_mw": 11.0,
        "lat": 14.821,
        "lon": 76.748,
        "source": "WRI Power Database"
      }
    },
    {
      "type": "Feature",
      "geometry": {
        "type": "Point",
        "coordinates": [
          78.35,
          16.499
        ]
      },
      "properties": {
        "name": "Nagarkurnool Keerthi",
        "type": "Power Plant (Solar)",
        "category": "Thermal/Power Industry",
        "capacity_mw": 10.0,
        "lat": 16.499,
        "lon": 78.35,
        "source": "WRI Power Database"
      }
    },
    {
      "type": "Feature",
      "geometry": {
        "type": "Point",
        "coordinates": [
          78.382,
          16.499
        ]
      },
      "properties": {
        "name": "Nagarkurnool Mytrah",
        "type": "Power Plant (Solar)",
        "category": "Thermal/Power Industry",
        "capacity_mw": 15.0,
        "lat": 16.499,
        "lon": 78.382,
        "source": "WRI Power Database"
      }
    },
    {
      "type": "Feature",
      "geometry": {
        "type": "Point",
        "coordinates": [
          76.0718,
          22.8985
        ]
      },
      "properties": {
        "name": "Nagda Hills Wind Energy project",
        "type": "Power Plant (Wind)",
        "category": "Thermal/Power Industry",
        "capacity_mw": 6.25,
        "lat": 22.8985,
        "lon": 76.0718,
        "source": "WRI Power Database"
      }
    },
    {
      "type": "Feature",
      "geometry": {
        "type": "Point",
        "coordinates": [
          77.6873,
          8.1784
        ]
      },
      "properties": {
        "name": "Nagercoli Wind Farm",
        "type": "Power Plant (Wind)",
        "category": "Thermal/Power Industry",
        "capacity_mw": 37.6,
        "lat": 8.1784,
        "lon": 77.6873,
        "source": "WRI Power Database"
      }
    },
    {
      "type": "Feature",
      "geometry": {
        "type": "Point",
        "coordinates": [
          75.1924,
          29.8595
        ]
      },
      "properties": {
        "name": "Nagla",
        "type": "Power Plant (Solar)",
        "category": "Thermal/Power Industry",
        "capacity_mw": 4.1,
        "lat": 29.8595,
        "lon": 75.1924,
        "source": "WRI Power Database"
      }
    },
    {
      "type": "Feature",
      "geometry": {
        "type": "Point",
        "coordinates": [
          77.732,
          17.8728
        ]
      },
      "properties": {
        "name": "Nagwar",
        "type": "Power Plant (Solar)",
        "category": "Thermal/Power Industry",
        "capacity_mw": 5.0,
        "lat": 17.8728,
        "lon": 77.732,
        "source": "WRI Power Database"
      }
    },
    {
      "type": "Feature",
      "geometry": {
        "type": "Point",
        "coordinates": [
          81.8717,
          25.3723
        ]
      },
      "properties": {
        "name": "Naini Solar Power Plant",
        "type": "Power Plant (Solar)",
        "category": "Thermal/Power Industry",
        "capacity_mw": 5.8,
        "lat": 25.3723,
        "lon": 81.8717,
        "source": "WRI Power Database"
      }
    },
    {
      "type": "Feature",
      "geometry": {
        "type": "Point",
        "coordinates": [
          77.5713,
          14.1651
        ]
      },
      "properties": {
        "name": "Nallakonda Wind Farm",
        "type": "Power Plant (Wind)",
        "category": "Thermal/Power Industry",
        "capacity_mw": 50.4,
        "lat": 14.1651,
        "lon": 77.5713,
        "source": "WRI Power Database"
      }
    },
    {
      "type": "Feature",
      "geometry": {
        "type": "Point",
        "coordinates": [
          76.375,
          12.84
        ]
      },
      "properties": {
        "name": "Nallur",
        "type": "Power Plant (Solar)",
        "category": "Thermal/Power Industry",
        "capacity_mw": 40.0,
        "lat": 12.84,
        "lon": 76.375,
        "source": "WRI Power Database"
      }
    },
    {
      "type": "Feature",
      "geometry": {
        "type": "Point",
        "coordinates": [
          78.182,
          18.863
        ]
      },
      "properties": {
        "name": "Nandipet Acme",
        "type": "Power Plant (Solar)",
        "category": "Thermal/Power Industry",
        "capacity_mw": 15.0,
        "lat": 18.863,
        "lon": 78.182,
        "source": "WRI Power Database"
      }
    },
    {
      "type": "Feature",
      "geometry": {
        "type": "Point",
        "coordinates": [
          78.201,
          18.895
        ]
      },
      "properties": {
        "name": "Nandipet SD",
        "type": "Power Plant (Solar)",
        "category": "Thermal/Power Industry",
        "capacity_mw": 20.0,
        "lat": 18.895,
        "lon": 78.201,
        "source": "WRI Power Database"
      }
    },
    {
      "type": "Feature",
      "geometry": {
        "type": "Point",
        "coordinates": [
          75.21,
          29.859
        ]
      },
      "properties": {
        "name": "Nangla",
        "type": "Power Plant (Solar)",
        "category": "Thermal/Power Industry",
        "capacity_mw": 15.0,
        "lat": 29.859,
        "lon": 75.21,
        "source": "WRI Power Database"
      }
    },
    {
      "type": "Feature",
      "geometry": {
        "type": "Point",
        "coordinates": [
          75.496,
          15.788
        ]
      },
      "properties": {
        "name": "Naragund",
        "type": "Power Plant (Solar)",
        "category": "Thermal/Power Industry",
        "capacity_mw": 20.0,
        "lat": 15.788,
        "lon": 75.496,
        "source": "WRI Power Database"
      }
    },
    {
      "type": "Feature",
      "geometry": {
        "type": "Point",
        "coordinates": [
          75.025,
          24.255
        ]
      },
      "properties": {
        "name": "Narayangarh",
        "type": "Power Plant (Solar)",
        "category": "Thermal/Power Industry",
        "capacity_mw": 24.0,
        "lat": 24.255,
        "lon": 75.025,
        "source": "WRI Power Database"
      }
    },
    {
      "type": "Feature",
      "geometry": {
        "type": "Point",
        "coordinates": [
          77.734,
          18.002
        ]
      },
      "properties": {
        "name": "Narayankhed",
        "type": "Power Plant (Solar)",
        "category": "Thermal/Power Industry",
        "capacity_mw": 5.0,
        "lat": 18.002,
        "lon": 77.734,
        "source": "WRI Power Database"
      }
    },
    {
      "type": "Feature",
      "geometry": {
        "type": "Point",
        "coordinates": [
          75.3789,
          15.7319
        ]
      },
      "properties": {
        "name": "Nargund Wind Farm",
        "type": "Power Plant (Wind)",
        "category": "Thermal/Power Industry",
        "capacity_mw": 7.2,
        "lat": 15.7319,
        "lon": 75.3789,
        "source": "WRI Power Database"
      }
    },
    {
      "type": "Feature",
      "geometry": {
        "type": "Point",
        "coordinates": [
          78.31,
          9.568
        ]
      },
      "properties": {
        "name": "Narikudi",
        "type": "Power Plant (Solar)",
        "category": "Thermal/Power Industry",
        "capacity_mw": 60.0,
        "lat": 9.568,
        "lon": 78.31,
        "source": "WRI Power Database"
      }
    },
    {
      "type": "Feature",
      "geometry": {
        "type": "Point",
        "coordinates": [
          73.19,
          22.351
        ]
      },
      "properties": {
        "name": "Narmada canal",
        "type": "Power Plant (Solar)",
        "category": "Thermal/Power Industry",
        "capacity_mw": 10.0,
        "lat": 22.351,
        "lon": 73.19,
        "source": "WRI Power Database"
      }
    },
    {
      "type": "Feature",
      "geometry": {
        "type": "Point",
        "coordinates": [
          79.556,
          26.074
        ]
      },
      "properties": {
        "name": "Nasirpur",
        "type": "Power Plant (Solar)",
        "category": "Thermal/Power Industry",
        "capacity_mw": 50.0,
        "lat": 26.074,
        "lon": 79.556,
        "source": "WRI Power Database"
      }
    },
    {
      "type": "Feature",
      "geometry": {
        "type": "Point",
        "coordinates": [
          71.699,
          23.651
        ]
      },
      "properties": {
        "name": "Nayka",
        "type": "Power Plant (Solar)",
        "category": "Thermal/Power Industry",
        "capacity_mw": 12.3,
        "lat": 23.651,
        "lon": 71.699,
        "source": "WRI Power Database"
      }
    },
    {
      "type": "Feature",
      "geometry": {
        "type": "Point",
        "coordinates": [
          78.466,
          17.058
        ]
      },
      "properties": {
        "name": "Nednoor Cybercity",
        "type": "Power Plant (Solar)",
        "category": "Thermal/Power Industry",
        "capacity_mw": 5.0,
        "lat": 17.058,
        "lon": 78.466,
        "source": "WRI Power Database"
      }
    },
    {
      "type": "Feature",
      "geometry": {
        "type": "Point",
        "coordinates": [
          76.36,
          27.945
        ]
      },
      "properties": {
        "name": "Neemrana",
        "type": "Power Plant (Solar)",
        "category": "Thermal/Power Industry",
        "capacity_mw": 5.0,
        "lat": 27.945,
        "lon": 76.36,
        "source": "WRI Power Database"
      }
    },
    {
      "type": "Feature",
      "geometry": {
        "type": "Point",
        "coordinates": [
          75.13,
          24.688
        ]
      },
      "properties": {
        "name": "Neemuch",
        "type": "Power Plant (Solar)",
        "category": "Thermal/Power Industry",
        "capacity_mw": 131.0,
        "lat": 24.688,
        "lon": 75.13,
        "source": "WRI Power Database"
      }
    },
    {
      "type": "Feature",
      "geometry": {
        "type": "Point",
        "coordinates": [
          78.017,
          17.838
        ]
      },
      "properties": {
        "name": "Neerdigunta A",
        "type": "Power Plant (Solar)",
        "category": "Thermal/Power Industry",
        "capacity_mw": 7.6,
        "lat": 17.838,
        "lon": 78.017,
        "source": "WRI Power Database"
      }
    },
    {
      "type": "Feature",
      "geometry": {
        "type": "Point",
        "coordinates": [
          79.645,
          14.68
        ]
      },
      "properties": {
        "name": "Nellorepalem",
        "type": "Power Plant (Solar)",
        "category": "Thermal/Power Industry",
        "capacity_mw": 5.0,
        "lat": 14.68,
        "lon": 79.645,
        "source": "WRI Power Database"
      }
    },
    {
      "type": "Feature",
      "geometry": {
        "type": "Point",
        "coordinates": [
          77.366,
          13.992
        ]
      },
      "properties": {
        "name": "Neralakunte",
        "type": "Power Plant (Solar)",
        "category": "Thermal/Power Industry",
        "capacity_mw": 10.0,
        "lat": 13.992,
        "lon": 77.366,
        "source": "WRI Power Database"
      }
    },
    {
      "type": "Feature",
      "geometry": {
        "type": "Point",
        "coordinates": [
          77.3618,
          13.9922
        ]
      },
      "properties": {
        "name": "Neralakunte A",
        "type": "Power Plant (Solar)",
        "category": "Thermal/Power Industry",
        "capacity_mw": 4.5,
        "lat": 13.9922,
        "lon": 77.3618,
        "source": "WRI Power Database"
      }
    },
    {
      "type": "Feature",
      "geometry": {
        "type": "Point",
        "coordinates": [
          79.52,
          11.611
        ]
      },
      "properties": {
        "name": "Neyveli",
        "type": "Power Plant (Solar)",
        "category": "Thermal/Power Industry",
        "capacity_mw": 10.0,
        "lat": 11.611,
        "lon": 79.52,
        "source": "WRI Power Database"
      }
    },
    {
      "type": "Feature",
      "geometry": {
        "type": "Point",
        "coordinates": [
          79.532,
          11.623
        ]
      },
      "properties": {
        "name": "Neyveli NLC1",
        "type": "Power Plant (Solar)",
        "category": "Thermal/Power Industry",
        "capacity_mw": 65.0,
        "lat": 11.623,
        "lon": 79.532,
        "source": "WRI Power Database"
      }
    },
    {
      "type": "Feature",
      "geometry": {
        "type": "Point",
        "coordinates": [
          79.494,
          11.63
        ]
      },
      "properties": {
        "name": "Neyveli NLC2",
        "type": "Power Plant (Solar)",
        "category": "Thermal/Power Industry",
        "capacity_mw": 65.0,
        "lat": 11.63,
        "lon": 79.494,
        "source": "WRI Power Database"
      }
    },
    {
      "type": "Feature",
      "geometry": {
        "type": "Point",
        "coordinates": [
          75.872,
          17.093
        ]
      },
      "properties": {
        "name": "Nimbal Gulbarga A",
        "type": "Power Plant (Solar)",
        "category": "Thermal/Power Industry",
        "capacity_mw": 5.0,
        "lat": 17.093,
        "lon": 75.872,
        "source": "WRI Power Database"
      }
    },
    {
      "type": "Feature",
      "geometry": {
        "type": "Point",
        "coordinates": [
          75.873,
          17.084
        ]
      },
      "properties": {
        "name": "Nimbal Gulbarga B",
        "type": "Power Plant (Solar)",
        "category": "Thermal/Power Industry",
        "capacity_mw": 5.0,
        "lat": 17.084,
        "lon": 75.873,
        "source": "WRI Power Database"
      }
    },
    {
      "type": "Feature",
      "geometry": {
        "type": "Point",
        "coordinates": [
          74.87,
          25.65
        ]
      },
      "properties": {
        "name": "Nimbera",
        "type": "Power Plant (Solar)",
        "category": "Thermal/Power Industry",
        "capacity_mw": 10.0,
        "lat": 25.65,
        "lon": 74.87,
        "source": "WRI Power Database"
      }
    },
    {
      "type": "Feature",
      "geometry": {
        "type": "Point",
        "coordinates": [
          78.242,
          19.133
        ]
      },
      "properties": {
        "name": "Nirmal Acme",
        "type": "Power Plant (Solar)",
        "category": "Thermal/Power Industry",
        "capacity_mw": 50.0,
        "lat": 19.133,
        "lon": 78.242,
        "source": "WRI Power Database"
      }
    },
    {
      "type": "Feature",
      "geometry": {
        "type": "Point",
        "coordinates": [
          78.288,
          19.048
        ]
      },
      "properties": {
        "name": "Nirmal Mahindra",
        "type": "Power Plant (Solar)",
        "category": "Thermal/Power Industry",
        "capacity_mw": 50.0,
        "lat": 19.048,
        "lon": 78.288,
        "source": "WRI Power Database"
      }
    },
    {
      "type": "Feature",
      "geometry": {
        "type": "Point",
        "coordinates": [
          72.2242,
          27.6007
        ]
      },
      "properties": {
        "name": "Nokh - GGEL Solar Power Plant",
        "type": "Power Plant (Solar)",
        "category": "Thermal/Power Industry",
        "capacity_mw": 50.0,
        "lat": 27.6007,
        "lon": 72.2242,
        "source": "WRI Power Database"
      }
    },
    {
      "type": "Feature",
      "geometry": {
        "type": "Point",
        "coordinates": [
          72.206,
          27.5728
        ]
      },
      "properties": {
        "name": "Nokh - Precision Technik Solar Power Plant",
        "type": "Power Plant (Solar)",
        "category": "Thermal/Power Industry",
        "capacity_mw": 5.0,
        "lat": 27.5728,
        "lon": 72.206,
        "source": "WRI Power Database"
      }
    },
    {
      "type": "Feature",
      "geometry": {
        "type": "Point",
        "coordinates": [
          72.9661,
          28.1371
        ]
      },
      "properties": {
        "name": "Nokha Daiya Solar Power Plant",
        "type": "Power Plant (Solar)",
        "category": "Thermal/Power Industry",
        "capacity_mw": 5.0,
        "lat": 28.1371,
        "lon": 72.9661,
        "source": "WRI Power Database"
      }
    },
    {
      "type": "Feature",
      "geometry": {
        "type": "Point",
        "coordinates": [
          72.967,
          28.137
        ]
      },
      "properties": {
        "name": "Nokha-Daiya Trimex",
        "type": "Power Plant (Solar)",
        "category": "Thermal/Power Industry",
        "capacity_mw": 9.0,
        "lat": 28.137,
        "lon": 72.967,
        "source": "WRI Power Database"
      }
    },
    {
      "type": "Feature",
      "geometry": {
        "type": "Point",
        "coordinates": [
          77.4753,
          9.0737
        ]
      },
      "properties": {
        "name": "NuPower Tirunelveli Wind Farm",
        "type": "Power Plant (Wind)",
        "category": "Thermal/Power Industry",
        "capacity_mw": 150.0,
        "lat": 9.0737,
        "lon": 77.4753,
        "source": "WRI Power Database"
      }
    },
    {
      "type": "Feature",
      "geometry": {
        "type": "Point",
        "coordinates": [
          82.9655,
          24.4375
        ]
      },
      "properties": {
        "name": "OBRA",
        "type": "Power Plant (Hydro)",
        "category": "Thermal/Power Industry",
        "capacity_mw": 99.0,
        "lat": 24.4375,
        "lon": 82.9655,
        "source": "WRI Power Database"
      }
    },
    {
      "type": "Feature",
      "geometry": {
        "type": "Point",
        "coordinates": [
          82.9803,
          24.4448
        ]
      },
      "properties": {
        "name": "OBRA-A",
        "type": "Power Plant (Coal)",
        "category": "Thermal/Power Industry",
        "capacity_mw": 1094.0,
        "lat": 24.4448,
        "lon": 82.9803,
        "source": "WRI Power Database"
      }
    },
    {
      "type": "Feature",
      "geometry": {
        "type": "Point",
        "coordinates": [
          78.141,
          17.514
        ]
      },
      "properties": {
        "name": "OF Medak",
        "type": "Power Plant (Solar)",
        "category": "Thermal/Power Industry",
        "capacity_mw": 15.0,
        "lat": 17.514,
        "lon": 78.141,
        "source": "WRI Power Database"
      }
    },
    {
      "type": "Feature",
      "geometry": {
        "type": "Point",
        "coordinates": [
          76.1619,
          22.2418
        ]
      },
      "properties": {
        "name": "OMKARESHWAR",
        "type": "Power Plant (Hydro)",
        "category": "Thermal/Power Industry",
        "capacity_mw": 520.0,
        "lat": 22.2418,
        "lon": 76.1619,
        "source": "WRI Power Database"
      }
    },
    {
      "type": "Feature",
      "geometry": {
        "type": "Point",
        "coordinates": [
          71.0643,
          26.818
        ]
      },
      "properties": {
        "name": "ONGC Jerat Wind Farm",
        "type": "Power Plant (Wind)",
        "category": "Thermal/Power Industry",
        "capacity_mw": 102.0,
        "lat": 26.818,
        "lon": 71.0643,
        "source": "WRI Power Database"
      }
    },
    {
      "type": "Feature",
      "geometry": {
        "type": "Point",
        "coordinates": [
          68.6975,
          23.1689
        ]
      },
      "properties": {
        "name": "ONGC Kutch Wind Farm",
        "type": "Power Plant (Wind)",
        "category": "Thermal/Power Industry",
        "capacity_mw": 51.0,
        "lat": 23.1689,
        "lon": 68.6975,
        "source": "WRI Power Database"
      }
    },
    {
      "type": "Feature",
      "geometry": {
        "type": "Point",
        "coordinates": [
          79.515,
          26.005
        ]
      },
      "properties": {
        "name": "Orai",
        "type": "Power Plant (Solar)",
        "category": "Thermal/Power Industry",
        "capacity_mw": 15.0,
        "lat": 26.005,
        "lon": 79.515,
        "source": "WRI Power Database"
      }
    },
    {
      "type": "Feature",
      "geometry": {
        "type": "Point",
        "coordinates": [
          79.834,
          11.0749
        ]
      },
      "properties": {
        "name": "P.NALLUR CCGT",
        "type": "Power Plant (Gas)",
        "category": "Thermal/Power Industry",
        "capacity_mw": 330.5,
        "lat": 11.0749,
        "lon": 79.834,
        "source": "WRI Power Database"
      }
    },
    {
      "type": "Feature",
      "geometry": {
        "type": "Point",
        "coordinates": [
          72.979,
          21.78
        ]
      },
      "properties": {
        "name": "PAGUTHAN",
        "type": "Power Plant (Gas)",
        "category": "Thermal/Power Industry",
        "capacity_mw": 655.0,
        "lat": 21.78,
        "lon": 72.979,
        "source": "WRI Power Database"
      }
    },
    {
      "type": "Feature",
      "geometry": {
        "type": "Point",
        "coordinates": [
          80.1431,
          14.3512
        ]
      },
      "properties": {
        "name": "PAINAMPURAM",
        "type": "Power Plant (Coal)",
        "category": "Thermal/Power Industry",
        "capacity_mw": 1320.0,
        "lat": 14.3512,
        "lon": 80.1431,
        "source": "WRI Power Database"
      }
    },
    {
      "type": "Feature",
      "geometry": {
        "type": "Point",
        "coordinates": [
          75.3696,
          19.4834
        ]
      },
      "properties": {
        "name": "PAITHON",
        "type": "Power Plant (Hydro)",
        "category": "Thermal/Power Industry",
        "capacity_mw": 12.0,
        "lat": 19.4834,
        "lon": 75.3696,
        "source": "WRI Power Database"
      }
    },
    {
      "type": "Feature",
      "geometry": {
        "type": "Point",
        "coordinates": [
          91.4385,
          23.4987
        ]
      },
      "properties": {
        "name": "PALATANA CCPP",
        "type": "Power Plant (Gas)",
        "category": "Thermal/Power Industry",
        "capacity_mw": 726.6,
        "lat": 23.4987,
        "lon": 91.4385,
        "source": "WRI Power Database"
      }
    },
    {
      "type": "Feature",
      "geometry": {
        "type": "Point",
        "coordinates": [
          77.0548,
          10.0314
        ]
      },
      "properties": {
        "name": "PALLIVASAL",
        "type": "Power Plant (Hydro)",
        "category": "Thermal/Power Industry",
        "capacity_mw": 37.5,
        "lat": 10.0314,
        "lon": 77.0548,
        "source": "WRI Power Database"
      }
    },
    {
      "type": "Feature",
      "geometry": {
        "type": "Point",
        "coordinates": [
          74.9175,
          34.004
        ]
      },
      "properties": {
        "name": "PAMPORE GT",
        "type": "Power Plant (Oil)",
        "category": "Thermal/Power Industry",
        "capacity_mw": 175.0,
        "lat": 34.004,
        "lon": 74.9175,
        "source": "WRI Power Database"
      }
    },
    {
      "type": "Feature",
      "geometry": {
        "type": "Point",
        "coordinates": [
          86.7473,
          23.6815
        ]
      },
      "properties": {
        "name": "PANCHET",
        "type": "Power Plant (Hydro)",
        "category": "Thermal/Power Industry",
        "capacity_mw": 80.0,
        "lat": 23.6815,
        "lon": 86.7473,
        "source": "WRI Power Database"
      }
    },
    {
      "type": "Feature",
      "geometry": {
        "type": "Point",
        "coordinates": [
          76.8763,
          29.3975
        ]
      },
      "properties": {
        "name": "PANIPAT",
        "type": "Power Plant (Coal)",
        "category": "Thermal/Power Industry",
        "capacity_mw": 920.0,
        "lat": 29.3975,
        "lon": 76.8763,
        "source": "WRI Power Database"
      }
    },
    {
      "type": "Feature",
      "geometry": {
        "type": "Point",
        "coordinates": [
          77.0281,
          9.9731
        ]
      },
      "properties": {
        "name": "PANNIAR",
        "type": "Power Plant (Hydro)",
        "category": "Thermal/Power Industry",
        "capacity_mw": 30.0,
        "lat": 9.9731,
        "lon": 77.0281,
        "source": "WRI Power Database"
      }
    },
    {
      "type": "Feature",
      "geometry": {
        "type": "Point",
        "coordinates": [
          77.3627,
          8.7065
        ]
      },
      "properties": {
        "name": "PAPANASAM",
        "type": "Power Plant (Hydro)",
        "category": "Thermal/Power Industry",
        "capacity_mw": 32.0,
        "lat": 8.7065,
        "lon": 77.3627,
        "source": "WRI Power Database"
      }
    },
    {
      "type": "Feature",
      "geometry": {
        "type": "Point",
        "coordinates": [
          76.7948,
          20.7147
        ]
      },
      "properties": {
        "name": "PARAS",
        "type": "Power Plant (Coal)",
        "category": "Thermal/Power Industry",
        "capacity_mw": 500.0,
        "lat": 20.7147,
        "lon": 76.7948,
        "source": "WRI Power Database"
      }
    },
    {
      "type": "Feature",
      "geometry": {
        "type": "Point",
        "coordinates": [
          77.2576,
          31.7398
        ]
      },
      "properties": {
        "name": "PARBATI-III",
        "type": "Power Plant (Hydro)",
        "category": "Thermal/Power Industry",
        "capacity_mw": 520.0,
        "lat": 31.7398,
        "lon": 77.2576,
        "source": "WRI Power Database"
      }
    },
    {
      "type": "Feature",
      "geometry": {
        "type": "Point",
        "coordinates": [
          76.7282,
          18.9057
        ]
      },
      "properties": {
        "name": "PARBHANI GANGAKHED",
        "type": "Power Plant (Biomass)",
        "category": "Thermal/Power Industry",
        "capacity_mw": 30.0,
        "lat": 18.9057,
        "lon": 76.7282,
        "source": "WRI Power Database"
      }
    },
    {
      "type": "Feature",
      "geometry": {
        "type": "Point",
        "coordinates": [
          93.8107,
          27.2387
        ]
      },
      "properties": {
        "name": "PARE",
        "type": "Power Plant (Hydro)",
        "category": "Thermal/Power Industry",
        "capacity_mw": 110.0,
        "lat": 27.2387,
        "lon": 93.8107,
        "source": "WRI Power Database"
      }
    },
    {
      "type": "Feature",
      "geometry": {
        "type": "Point",
        "coordinates": [
          78.7588,
          25.5124
        ]
      },
      "properties": {
        "name": "PARICHA",
        "type": "Power Plant (Coal)",
        "category": "Thermal/Power Industry",
        "capacity_mw": 1140.0,
        "lat": 25.5124,
        "lon": 78.7588,
        "source": "WRI Power Database"
      }
    },
    {
      "type": "Feature",
      "geometry": {
        "type": "Point",
        "coordinates": [
          76.5254,
          18.8685
        ]
      },
      "properties": {
        "name": "PARLI",
        "type": "Power Plant (Coal)",
        "category": "Thermal/Power Industry",
        "capacity_mw": 1170.0,
        "lat": 18.8685,
        "lon": 76.5254,
        "source": "WRI Power Database"
      }
    },
    {
      "type": "Feature",
      "geometry": {
        "type": "Point",
        "coordinates": [
          76.6045,
          11.3646
        ]
      },
      "properties": {
        "name": "PARSEN_S VALLE",
        "type": "Power Plant (Hydro)",
        "category": "Thermal/Power Industry",
        "capacity_mw": 30.0,
        "lat": 11.3646,
        "lon": 76.6045,
        "source": "WRI Power Database"
      }
    },
    {
      "type": "Feature",
      "geometry": {
        "type": "Point",
        "coordinates": [
          73.1814,
          18.8834
        ]
      },
      "properties": {
        "name": "PATALGANGA",
        "type": "Power Plant (Gas)",
        "category": "Thermal/Power Industry",
        "capacity_mw": 66.0,
        "lat": 18.8834,
        "lon": 73.1814,
        "source": "WRI Power Database"
      }
    },
    {
      "type": "Feature",
      "geometry": {
        "type": "Point",
        "coordinates": [
          82.7246,
          22.2454
        ]
      },
      "properties": {
        "name": "PATHADI TPS PH -I",
        "type": "Power Plant (Coal)",
        "category": "Thermal/Power Industry",
        "capacity_mw": 600.0,
        "lat": 22.2454,
        "lon": 82.7246,
        "source": "WRI Power Database"
      }
    },
    {
      "type": "Feature",
      "geometry": {
        "type": "Point",
        "coordinates": [
          78.0415,
          29.9274
        ]
      },
      "properties": {
        "name": "PATHRI",
        "type": "Power Plant (Hydro)",
        "category": "Thermal/Power Industry",
        "capacity_mw": 20.4,
        "lat": 29.9274,
        "lon": 78.0415,
        "source": "WRI Power Database"
      }
    },
    {
      "type": "Feature",
      "geometry": {
        "type": "Point",
        "coordinates": [
          73.4948,
          18.6814
        ]
      },
      "properties": {
        "name": "PAWANA",
        "type": "Power Plant (Hydro)",
        "category": "Thermal/Power Industry",
        "capacity_mw": 10.0,
        "lat": 18.6814,
        "lon": 73.4948,
        "source": "WRI Power Database"
      }
    },
    {
      "type": "Feature",
      "geometry": {
        "type": "Point",
        "coordinates": [
          82.1283,
          17.0853
        ]
      },
      "properties": {
        "name": "PEDDAPURAM CCGT(Samalkot)",
        "type": "Power Plant (Gas)",
        "category": "Thermal/Power Industry",
        "capacity_mw": 220.0,
        "lat": 17.0853,
        "lon": 82.1283,
        "source": "WRI Power Database"
      }
    },
    {
      "type": "Feature",
      "geometry": {
        "type": "Point",
        "coordinates": [
          79.2086,
          21.4813
        ]
      },
      "properties": {
        "name": "PENCH",
        "type": "Power Plant (Hydro)",
        "category": "Thermal/Power Industry",
        "capacity_mw": 160.0,
        "lat": 21.4813,
        "lon": 79.2086,
        "source": "WRI Power Database"
      }
    },
    {
      "type": "Feature",
      "geometry": {
        "type": "Point",
        "coordinates": [
          77.7147,
          14.6859
        ]
      },
      "properties": {
        "name": "PENNA AHOBELAM",
        "type": "Power Plant (Hydro)",
        "category": "Thermal/Power Industry",
        "capacity_mw": 20.0,
        "lat": 14.6859,
        "lon": 77.7147,
        "source": "WRI Power Database"
      }
    },
    {
      "type": "Feature",
      "geometry": {
        "type": "Point",
        "coordinates": [
          77.1905,
          9.6266
        ]
      },
      "properties": {
        "name": "PERIYAR",
        "type": "Power Plant (Hydro)",
        "category": "Thermal/Power Industry",
        "capacity_mw": 161.0,
        "lat": 9.6266,
        "lon": 77.1905,
        "source": "WRI Power Database"
      }
    },
    {
      "type": "Feature",
      "geometry": {
        "type": "Point",
        "coordinates": [
          71.4693,
          20.8986
        ]
      },
      "properties": {
        "name": "PIPAVAV CCCP",
        "type": "Power Plant (Gas)",
        "category": "Thermal/Power Industry",
        "capacity_mw": 702.86,
        "lat": 20.8986,
        "lon": 71.4693,
        "source": "WRI Power Database"
      }
    },
    {
      "type": "Feature",
      "geometry": {
        "type": "Point",
        "coordinates": [
          78.2563,
          18.9766
        ]
      },
      "properties": {
        "name": "POCHAMPAD",
        "type": "Power Plant (Hydro)",
        "category": "Thermal/Power Industry",
        "capacity_mw": 36.0,
        "lat": 18.9766,
        "lon": 78.2563,
        "source": "WRI Power Database"
      }
    },
    {
      "type": "Feature",
      "geometry": {
        "type": "Point",
        "coordinates": [
          75.9469,
          31.9667
        ]
      },
      "properties": {
        "name": "PONG",
        "type": "Power Plant (Hydro)",
        "category": "Thermal/Power Industry",
        "capacity_mw": 396.0,
        "lat": 31.9667,
        "lon": 75.9469,
        "source": "WRI Power Database"
      }
    },
    {
      "type": "Feature",
      "geometry": {
        "type": "Point",
        "coordinates": [
          76.617,
          10.3118
        ]
      },
      "properties": {
        "name": "PORINGALKUTTU",
        "type": "Power Plant (Hydro)",
        "category": "Thermal/Power Industry",
        "capacity_mw": 32.0,
        "lat": 10.3118,
        "lon": 76.617,
        "source": "WRI Power Database"
      }
    },
    {
      "type": "Feature",
      "geometry": {
        "type": "Point",
        "coordinates": [
          76.617,
          10.3118
        ]
      },
      "properties": {
        "name": "PORINGALKUTTU L",
        "type": "Power Plant (Hydro)",
        "category": "Thermal/Power Industry",
        "capacity_mw": 16.0,
        "lat": 10.3118,
        "lon": 76.617,
        "source": "WRI Power Database"
      }
    },
    {
      "type": "Feature",
      "geometry": {
        "type": "Point",
        "coordinates": [
          77.0706,
          28.7962
        ]
      },
      "properties": {
        "name": "PRAGATI CCCP -III",
        "type": "Power Plant (Gas)",
        "category": "Thermal/Power Industry",
        "capacity_mw": 1371.2,
        "lat": 28.7962,
        "lon": 77.0706,
        "source": "WRI Power Database"
      }
    },
    {
      "type": "Feature",
      "geometry": {
        "type": "Point",
        "coordinates": [
          77.2528,
          28.6146
        ]
      },
      "properties": {
        "name": "PRAGATI CCGT",
        "type": "Power Plant (Gas)",
        "category": "Thermal/Power Industry",
        "capacity_mw": 330.0,
        "lat": 28.6146,
        "lon": 77.2528,
        "source": "WRI Power Database"
      }
    },
    {
      "type": "Feature",
      "geometry": {
        "type": "Point",
        "coordinates": [
          77.7036,
          16.3328
        ]
      },
      "properties": {
        "name": "PRIYADARSHNI JURALA",
        "type": "Power Plant (Hydro)",
        "category": "Thermal/Power Industry",
        "capacity_mw": 234.0,
        "lat": 16.3328,
        "lon": 77.7036,
        "source": "WRI Power Database"
      }
    },
    {
      "type": "Feature",
      "geometry": {
        "type": "Point",
        "coordinates": [
          81.6594,
          25.196
        ]
      },
      "properties": {
        "name": "PRYAGRAJ (BARA) TPP",
        "type": "Power Plant (Coal)",
        "category": "Thermal/Power Industry",
        "capacity_mw": 1980.0,
        "lat": 25.196,
        "lon": 81.6594,
        "source": "WRI Power Database"
      }
    },
    {
      "type": "Feature",
      "geometry": {
        "type": "Point",
        "coordinates": [
          80.0525,
          16.7739
        ]
      },
      "properties": {
        "name": "PULICHINTALA",
        "type": "Power Plant (Hydro)",
        "category": "Thermal/Power Industry",
        "capacity_mw": 120.0,
        "lat": 16.7739,
        "lon": 80.0525,
        "source": "WRI Power Database"
      }
    },
    {
      "type": "Feature",
      "geometry": {
        "type": "Point",
        "coordinates": [
          74.7531,
          18.2417
        ]
      },
      "properties": {
        "name": "PUNE MILL",
        "type": "Power Plant (Coal)",
        "category": "Thermal/Power Industry",
        "capacity_mw": 30.0,
        "lat": 18.2417,
        "lon": 74.7531,
        "source": "WRI Power Database"
      }
    },
    {
      "type": "Feature",
      "geometry": {
        "type": "Point",
        "coordinates": [
          86.097,
          23.1975
        ]
      },
      "properties": {
        "name": "PURULIA PSS",
        "type": "Power Plant (Hydro)",
        "category": "Thermal/Power Industry",
        "capacity_mw": 900.0,
        "lat": 23.1975,
        "lon": 86.097,
        "source": "WRI Power Database"
      }
    },
    {
      "type": "Feature",
      "geometry": {
        "type": "Point",
        "coordinates": [
          76.6011,
          11.5336
        ]
      },
      "properties": {
        "name": "PYKARA",
        "type": "Power Plant (Hydro)",
        "category": "Thermal/Power Industry",
        "capacity_mw": 59.2,
        "lat": 11.5336,
        "lon": 76.6011,
        "source": "WRI Power Database"
      }
    },
    {
      "type": "Feature",
      "geometry": {
        "type": "Point",
        "coordinates": [
          76.6011,
          11.5336
        ]
      },
      "properties": {
        "name": "PYKARA ALIMATE",
        "type": "Power Plant (Hydro)",
        "category": "Thermal/Power Industry",
        "capacity_mw": 150.0,
        "lat": 11.5336,
        "lon": 76.6011,
        "source": "WRI Power Database"
      }
    },
    {
      "type": "Feature",
      "geometry": {
        "type": "Point",
        "coordinates": [
          77.414,
          14.256
        ]
      },
      "properties": {
        "name": "PaSP} AR",
        "type": "Power Plant (Solar)",
        "category": "Thermal/Power Industry",
        "capacity_mw": 50.0,
        "lat": 14.256,
        "lon": 77.414,
        "source": "WRI Power Database"
      }
    },
    {
      "type": "Feature",
      "geometry": {
        "type": "Point",
        "coordinates": [
          77.477,
          14.266
        ]
      },
      "properties": {
        "name": "PaSP} Acme O1",
        "type": "Power Plant (Solar)",
        "category": "Thermal/Power Industry",
        "capacity_mw": 50.0,
        "lat": 14.266,
        "lon": 77.477,
        "source": "WRI Power Database"
      }
    },
    {
      "type": "Feature",
      "geometry": {
        "type": "Point",
        "coordinates": [
          77.469,
          14.266
        ]
      },
      "properties": {
        "name": "PaSP} Acme O2",
        "type": "Power Plant (Solar)",
        "category": "Thermal/Power Industry",
        "capacity_mw": 50.0,
        "lat": 14.266,
        "lon": 77.469,
        "source": "WRI Power Database"
      }
    },
    {
      "type": "Feature",
      "geometry": {
        "type": "Point",
        "coordinates": [
          77.485,
          14.259
        ]
      },
      "properties": {
        "name": "PaSP} Adani D1",
        "type": "Power Plant (Solar)",
        "category": "Thermal/Power Industry",
        "capacity_mw": 50.0,
        "lat": 14.259,
        "lon": 77.485,
        "source": "WRI Power Database"
      }
    },
    {
      "type": "Feature",
      "geometry": {
        "type": "Point",
        "coordinates": [
          77.483,
          14.238
        ]
      },
      "properties": {
        "name": "PaSP} Adani O1",
        "type": "Power Plant (Solar)",
        "category": "Thermal/Power Industry",
        "capacity_mw": 50.0,
        "lat": 14.238,
        "lon": 77.483,
        "source": "WRI Power Database"
      }
    },
    {
      "type": "Feature",
      "geometry": {
        "type": "Point",
        "coordinates": [
          77.486,
          14.252
        ]
      },
      "properties": {
        "name": "PaSP} Adani O2",
        "type": "Power Plant (Solar)",
        "category": "Thermal/Power Industry",
        "capacity_mw": 50.0,
        "lat": 14.252,
        "lon": 77.486,
        "source": "WRI Power Database"
      }
    },
    {
      "type": "Feature",
      "geometry": {
        "type": "Point",
        "coordinates": [
          77.467,
          14.243
        ]
      },
      "properties": {
        "name": "PaSP} Fortum O1",
        "type": "Power Plant (Solar)",
        "category": "Thermal/Power Industry",
        "capacity_mw": 50.0,
        "lat": 14.243,
        "lon": 77.467,
        "source": "WRI Power Database"
      }
    },
    {
      "type": "Feature",
      "geometry": {
        "type": "Point",
        "coordinates": [
          77.467,
          14.237
        ]
      },
      "properties": {
        "name": "PaSP} Fortum O2",
        "type": "Power Plant (Solar)",
        "category": "Thermal/Power Industry",
        "capacity_mw": 50.0,
        "lat": 14.237,
        "lon": 77.467,
        "source": "WRI Power Database"
      }
    },
    {
      "type": "Feature",
      "geometry": {
        "type": "Point",
        "coordinates": [
          77.461,
          14.231
        ]
      },
      "properties": {
        "name": "PaSP} Rattan",
        "type": "Power Plant (Solar)",
        "category": "Thermal/Power Industry",
        "capacity_mw": 50.0,
        "lat": 14.231,
        "lon": 77.461,
        "source": "WRI Power Database"
      }
    },
    {
      "type": "Feature",
      "geometry": {
        "type": "Point",
        "coordinates": [
          77.457,
          14.251
        ]
      },
      "properties": {
        "name": "PaSP} Renew 1",
        "type": "Power Plant (Solar)",
        "category": "Thermal/Power Industry",
        "capacity_mw": 50.0,
        "lat": 14.251,
        "lon": 77.457,
        "source": "WRI Power Database"
      }
    },
    {
      "type": "Feature",
      "geometry": {
        "type": "Point",
        "coordinates": [
          77.4,
          14.284
        ]
      },
      "properties": {
        "name": "PaSP} Renew 2",
        "type": "Power Plant (Solar)",
        "category": "Thermal/Power Industry",
        "capacity_mw": 300.0,
        "lat": 14.284,
        "lon": 77.4,
        "source": "WRI Power Database"
      }
    },
    {
      "type": "Feature",
      "geometry": {
        "type": "Point",
        "coordinates": [
          77.475,
          14.252
        ]
      },
      "properties": {
        "name": "PaSP} Tata D1",
        "type": "Power Plant (Solar)",
        "category": "Thermal/Power Industry",
        "capacity_mw": 50.0,
        "lat": 14.252,
        "lon": 77.475,
        "source": "WRI Power Database"
      }
    },
    {
      "type": "Feature",
      "geometry": {
        "type": "Point",
        "coordinates": [
          77.45,
          14.237
        ]
      },
      "properties": {
        "name": "PaSP} Tata O1",
        "type": "Power Plant (Solar)",
        "category": "Thermal/Power Industry",
        "capacity_mw": 50.0,
        "lat": 14.237,
        "lon": 77.45,
        "source": "WRI Power Database"
      }
    },
    {
      "type": "Feature",
      "geometry": {
        "type": "Point",
        "coordinates": [
          77.453,
          14.246
        ]
      },
      "properties": {
        "name": "PaSP} Tata O2",
        "type": "Power Plant (Solar)",
        "category": "Thermal/Power Industry",
        "capacity_mw": 50.0,
        "lat": 14.246,
        "lon": 77.453,
        "source": "WRI Power Database"
      }
    },
    {
      "type": "Feature",
      "geometry": {
        "type": "Point",
        "coordinates": [
          77.895,
          23.815
        ]
      },
      "properties": {
        "name": "Pachama",
        "type": "Power Plant (Solar)",
        "category": "Thermal/Power Industry",
        "capacity_mw": 10.0,
        "lat": 23.815,
        "lon": 77.895,
        "source": "WRI Power Database"
      }
    },
    {
      "type": "Feature",
      "geometry": {
        "type": "Point",
        "coordinates": [
          75.085,
          24.788
        ]
      },
      "properties": {
        "name": "Padliya",
        "type": "Power Plant (Solar)",
        "category": "Thermal/Power Industry",
        "capacity_mw": 25.0,
        "lat": 24.788,
        "lon": 75.085,
        "source": "WRI Power Database"
      }
    },
    {
      "type": "Feature",
      "geometry": {
        "type": "Point",
        "coordinates": [
          75.415,
          19.49
        ]
      },
      "properties": {
        "name": "Paithan",
        "type": "Power Plant (Solar)",
        "category": "Thermal/Power Industry",
        "capacity_mw": 30.0,
        "lat": 19.49,
        "lon": 75.415,
        "source": "WRI Power Database"
      }
    },
    {
      "type": "Feature",
      "geometry": {
        "type": "Point",
        "coordinates": [
          74.835,
          17.56
        ]
      },
      "properties": {
        "name": "Palaswade",
        "type": "Power Plant (Solar)",
        "category": "Thermal/Power Industry",
        "capacity_mw": 25.0,
        "lat": 17.56,
        "lon": 74.835,
        "source": "WRI Power Database"
      }
    },
    {
      "type": "Feature",
      "geometry": {
        "type": "Point",
        "coordinates": [
          74.827,
          17.561
        ]
      },
      "properties": {
        "name": "Palaswade 2",
        "type": "Power Plant (Solar)",
        "category": "Thermal/Power Industry",
        "capacity_mw": 30.0,
        "lat": 17.561,
        "lon": 74.827,
        "source": "WRI Power Database"
      }
    },
    {
      "type": "Feature",
      "geometry": {
        "type": "Point",
        "coordinates": [
          77.316,
          14.142
        ]
      },
      "properties": {
        "name": "Palavalli",
        "type": "Power Plant (Solar)",
        "category": "Thermal/Power Industry",
        "capacity_mw": 50.0,
        "lat": 14.142,
        "lon": 77.316,
        "source": "WRI Power Database"
      }
    },
    {
      "type": "Feature",
      "geometry": {
        "type": "Point",
        "coordinates": [
          73.59,
          25.735
        ]
      },
      "properties": {
        "name": "Palimarwar",
        "type": "Power Plant (Solar)",
        "category": "Thermal/Power Industry",
        "capacity_mw": 10.0,
        "lat": 25.735,
        "lon": 73.59,
        "source": "WRI Power Database"
      }
    },
    {
      "type": "Feature",
      "geometry": {
        "type": "Point",
        "coordinates": [
          78.55,
          17.965
        ]
      },
      "properties": {
        "name": "Palvai-Sheripally",
        "type": "Power Plant (Solar)",
        "category": "Thermal/Power Industry",
        "capacity_mw": 10.0,
        "lat": 17.965,
        "lon": 78.55,
        "source": "WRI Power Database"
      }
    },
    {
      "type": "Feature",
      "geometry": {
        "type": "Point",
        "coordinates": [
          78.5748,
          9.4511
        ]
      },
      "properties": {
        "name": "Pambur GRT 1",
        "type": "Power Plant (Solar)",
        "category": "Thermal/Power Industry",
        "capacity_mw": 5.0,
        "lat": 9.4511,
        "lon": 78.5748,
        "source": "WRI Power Database"
      }
    },
    {
      "type": "Feature",
      "geometry": {
        "type": "Point",
        "coordinates": [
          78.5758,
          9.4533
        ]
      },
      "properties": {
        "name": "Pambur GRT 2",
        "type": "Power Plant (Solar)",
        "category": "Thermal/Power Industry",
        "capacity_mw": 5.0,
        "lat": 9.4533,
        "lon": 78.5758,
        "source": "WRI Power Database"
      }
    },
    {
      "type": "Feature",
      "geometry": {
        "type": "Point",
        "coordinates": [
          68.7653,
          23.6788
        ]
      },
      "properties": {
        "name": "Panandhro Solar Power Plant",
        "type": "Power Plant (Solar)",
        "category": "Thermal/Power Industry",
        "capacity_mw": 5.0,
        "lat": 23.6788,
        "lon": 68.7653,
        "source": "WRI Power Database"
      }
    },
    {
      "type": "Feature",
      "geometry": {
        "type": "Point",
        "coordinates": [
          76.871,
          29.389
        ]
      },
      "properties": {
        "name": "Panipat",
        "type": "Power Plant (Solar)",
        "category": "Thermal/Power Industry",
        "capacity_mw": 10.0,
        "lat": 29.389,
        "lon": 76.871,
        "source": "WRI Power Database"
      }
    },
    {
      "type": "Feature",
      "geometry": {
        "type": "Point",
        "coordinates": [
          79.465,
          25.46
        ]
      },
      "properties": {
        "name": "Panwari",
        "type": "Power Plant (Solar)",
        "category": "Thermal/Power Industry",
        "capacity_mw": 5.5,
        "lat": 25.46,
        "lon": 79.465,
        "source": "WRI Power Database"
      }
    },
    {
      "type": "Feature",
      "geometry": {
        "type": "Point",
        "coordinates": [
          78.142,
          17.742
        ]
      },
      "properties": {
        "name": "Panyala",
        "type": "Power Plant (Solar)",
        "category": "Thermal/Power Industry",
        "capacity_mw": 5.0,
        "lat": 17.742,
        "lon": 78.142,
        "source": "WRI Power Database"
      }
    },
    {
      "type": "Feature",
      "geometry": {
        "type": "Point",
        "coordinates": [
          76.906,
          14.039
        ]
      },
      "properties": {
        "name": "Parashuramadevara Kote",
        "type": "Power Plant (Solar)",
        "category": "Thermal/Power Industry",
        "capacity_mw": 30.0,
        "lat": 14.039,
        "lon": 76.906,
        "source": "WRI Power Database"
      }
    },
    {
      "type": "Feature",
      "geometry": {
        "type": "Point",
        "coordinates": [
          77.893,
          17.216
        ]
      },
      "properties": {
        "name": "Parigi Global",
        "type": "Power Plant (Solar)",
        "category": "Thermal/Power Industry",
        "capacity_mw": 10.0,
        "lat": 17.216,
        "lon": 77.893,
        "source": "WRI Power Database"
      }
    },
    {
      "type": "Feature",
      "geometry": {
        "type": "Point",
        "coordinates": [
          77.865,
          17.232
        ]
      },
      "properties": {
        "name": "Parigi Minopharm",
        "type": "Power Plant (Solar)",
        "category": "Thermal/Power Industry",
        "capacity_mw": 5.0,
        "lat": 17.232,
        "lon": 77.865,
        "source": "WRI Power Database"
      }
    },
    {
      "type": "Feature",
      "geometry": {
        "type": "Point",
        "coordinates": [
          77.915,
          17.167
        ]
      },
      "properties": {
        "name": "Parigi SSJ",
        "type": "Power Plant (Solar)",
        "category": "Thermal/Power Industry",
        "capacity_mw": 5.0,
        "lat": 17.167,
        "lon": 77.915,
        "source": "WRI Power Database"
      }
    },
    {
      "type": "Feature",
      "geometry": {
        "type": "Point",
        "coordinates": [
          76.515,
          18.875
        ]
      },
      "properties": {
        "name": "Parli",
        "type": "Power Plant (Solar)",
        "category": "Thermal/Power Industry",
        "capacity_mw": 50.0,
        "lat": 18.875,
        "lon": 76.515,
        "source": "WRI Power Database"
      }
    },
    {
      "type": "Feature",
      "geometry": {
        "type": "Point",
        "coordinates": [
          73.8368,
          17.2684
        ]
      },
      "properties": {
        "name": "Patan Taluka Wind Farm",
        "type": "Power Plant (Wind)",
        "category": "Thermal/Power Industry",
        "capacity_mw": 65.6,
        "lat": 17.2684,
        "lon": 73.8368,
        "source": "WRI Power Database"
      }
    },
    {
      "type": "Feature",
      "geometry": {
        "type": "Point",
        "coordinates": [
          74.7522,
          29.9846
        ]
      },
      "properties": {
        "name": "Pathrala",
        "type": "Power Plant (Solar)",
        "category": "Thermal/Power Industry",
        "capacity_mw": 4.1,
        "lat": 29.9846,
        "lon": 74.7522,
        "source": "WRI Power Database"
      }
    },
    {
      "type": "Feature",
      "geometry": {
        "type": "Point",
        "coordinates": [
          74.3795,
          21.1902
        ]
      },
      "properties": {
        "name": "Patnaik Hatti Wind Farm",
        "type": "Power Plant (Wind)",
        "category": "Thermal/Power Industry",
        "capacity_mw": 15.0,
        "lat": 21.1902,
        "lon": 74.3795,
        "source": "WRI Power Database"
      }
    },
    {
      "type": "Feature",
      "geometry": {
        "type": "Point",
        "coordinates": [
          70.2729,
          22.0983
        ]
      },
      "properties": {
        "name": "Patnaik Jamnagar Wind Farm",
        "type": "Power Plant (Wind)",
        "category": "Thermal/Power Industry",
        "capacity_mw": 35.2,
        "lat": 22.0983,
        "lon": 70.2729,
        "source": "WRI Power Database"
      }
    },
    {
      "type": "Feature",
      "geometry": {
        "type": "Point",
        "coordinates": [
          87.34,
          22.125
        ]
      },
      "properties": {
        "name": "Patni",
        "type": "Power Plant (Solar)",
        "category": "Thermal/Power Industry",
        "capacity_mw": 10.0,
        "lat": 22.125,
        "lon": 87.34,
        "source": "WRI Power Database"
      }
    },
    {
      "type": "Feature",
      "geometry": {
        "type": "Point",
        "coordinates": [
          72.2677,
          26.0748
        ]
      },
      "properties": {
        "name": "Patodi Solar Power Plant",
        "type": "Power Plant (Solar)",
        "category": "Thermal/Power Industry",
        "capacity_mw": 1.0,
        "lat": 26.0748,
        "lon": 72.2677,
        "source": "WRI Power Database"
      }
    },
    {
      "type": "Feature",
      "geometry": {
        "type": "Point",
        "coordinates": [
          77.9762,
          17.2287
        ]
      },
      "properties": {
        "name": "Peddaumenthal",
        "type": "Power Plant (Solar)",
        "category": "Thermal/Power Industry",
        "capacity_mw": 5.0,
        "lat": 17.2287,
        "lon": 77.9762,
        "source": "WRI Power Database"
      }
    },
    {
      "type": "Feature",
      "geometry": {
        "type": "Point",
        "coordinates": [
          81.7631,
          16.7383
        ]
      },
      "properties": {
        "name": "Peravali",
        "type": "Power Plant (Solar)",
        "category": "Thermal/Power Industry",
        "capacity_mw": 4.4,
        "lat": 16.7383,
        "lon": 81.7631,
        "source": "WRI Power Database"
      }
    },
    {
      "type": "Feature",
      "geometry": {
        "type": "Point",
        "coordinates": [
          76.175,
          12.392
        ]
      },
      "properties": {
        "name": "Periyapattana",
        "type": "Power Plant (Solar)",
        "category": "Thermal/Power Industry",
        "capacity_mw": 20.0,
        "lat": 12.392,
        "lon": 76.175,
        "source": "WRI Power Database"
      }
    },
    {
      "type": "Feature",
      "geometry": {
        "type": "Point",
        "coordinates": [
          75.5622,
          26.5653
        ]
      },
      "properties": {
        "name": "Phagi Solar Power Plant",
        "type": "Power Plant (Solar)",
        "category": "Thermal/Power Industry",
        "capacity_mw": 1.0,
        "lat": 26.5653,
        "lon": 75.5622,
        "source": "WRI Power Database"
      }
    },
    {
      "type": "Feature",
      "geometry": {
        "type": "Point",
        "coordinates": [
          72.34,
          27.11
        ]
      },
      "properties": {
        "name": "Phalodi LNB",
        "type": "Power Plant (Solar)",
        "category": "Thermal/Power Industry",
        "capacity_mw": 22.6,
        "lat": 27.11,
        "lon": 72.34,
        "source": "WRI Power Database"
      }
    },
    {
      "type": "Feature",
      "geometry": {
        "type": "Point",
        "coordinates": [
          75.58,
          17.82
        ]
      },
      "properties": {
        "name": "Pokharapur",
        "type": "Power Plant (Solar)",
        "category": "Thermal/Power Industry",
        "capacity_mw": 11.0,
        "lat": 17.82,
        "lon": 75.58,
        "source": "WRI Power Database"
      }
    },
    {
      "type": "Feature",
      "geometry": {
        "type": "Point",
        "coordinates": [
          72.0078,
          26.8022
        ]
      },
      "properties": {
        "name": "Pokhran FVE Solar Power Plant",
        "type": "Power Plant (Solar)",
        "category": "Thermal/Power Industry",
        "capacity_mw": 40.0,
        "lat": 26.8022,
        "lon": 72.0078,
        "source": "WRI Power Database"
      }
    },
    {
      "type": "Feature",
      "geometry": {
        "type": "Point",
        "coordinates": [
          71.907,
          26.872
        ]
      },
      "properties": {
        "name": "Pokhran Seamless",
        "type": "Power Plant (Solar)",
        "category": "Thermal/Power Industry",
        "capacity_mw": 5.0,
        "lat": 26.872,
        "lon": 71.907,
        "source": "WRI Power Database"
      }
    },
    {
      "type": "Feature",
      "geometry": {
        "type": "Point",
        "coordinates": [
          72.0099,
          26.7874
        ]
      },
      "properties": {
        "name": "Pokhran THE Solar Power Plant",
        "type": "Power Plant (Solar)",
        "category": "Thermal/Power Industry",
        "capacity_mw": 100.0,
        "lat": 26.7874,
        "lon": 72.0099,
        "source": "WRI Power Database"
      }
    },
    {
      "type": "Feature",
      "geometry": {
        "type": "Point",
        "coordinates": [
          78.494,
          11.066
        ]
      },
      "properties": {
        "name": "Ponnusangampatti",
        "type": "Power Plant (Solar)",
        "category": "Thermal/Power Industry",
        "capacity_mw": 50.0,
        "lat": 11.066,
        "lon": 78.494,
        "source": "WRI Power Database"
      }
    },
    {
      "type": "Feature",
      "geometry": {
        "type": "Point",
        "coordinates": [
          70.5948,
          23.2478
        ]
      },
      "properties": {
        "name": "Powerica Jangi Vandjiya",
        "type": "Power Plant (Wind)",
        "category": "Thermal/Power Industry",
        "capacity_mw": 21.8,
        "lat": 23.2478,
        "lon": 70.5948,
        "source": "WRI Power Database"
      }
    },
    {
      "type": "Feature",
      "geometry": {
        "type": "Point",
        "coordinates": [
          70.6216,
          23.1897
        ]
      },
      "properties": {
        "name": "Powerica Kutch Wind Farm",
        "type": "Power Plant (Wind)",
        "category": "Thermal/Power Industry",
        "capacity_mw": 14.85,
        "lat": 23.1897,
        "lon": 70.6216,
        "source": "WRI Power Database"
      }
    },
    {
      "type": "Feature",
      "geometry": {
        "type": "Point",
        "coordinates": [
          77.5777,
          9.9855
        ]
      },
      "properties": {
        "name": "Powerica Theni Wind Farm",
        "type": "Power Plant (Wind)",
        "category": "Thermal/Power Industry",
        "capacity_mw": 9.9,
        "lat": 9.9855,
        "lon": 77.5777,
        "source": "WRI Power Database"
      }
    },
    {
      "type": "Feature",
      "geometry": {
        "type": "Point",
        "coordinates": [
          77.4501,
          9.0198
        ]
      },
      "properties": {
        "name": "Powerica Tirunelveli Wind Farm",
        "type": "Power Plant (Wind)",
        "category": "Thermal/Power Industry",
        "capacity_mw": 16.5,
        "lat": 9.0198,
        "lon": 77.4501,
        "source": "WRI Power Database"
      }
    },
    {
      "type": "Feature",
      "geometry": {
        "type": "Point",
        "coordinates": [
          70.7432,
          23.3682
        ]
      },
      "properties": {
        "name": "Pratapgarh Solar Power Plant",
        "type": "Power Plant (Solar)",
        "category": "Thermal/Power Industry",
        "capacity_mw": 9.0,
        "lat": 23.3682,
        "lon": 70.7432,
        "source": "WRI Power Database"
      }
    },
    {
      "type": "Feature",
      "geometry": {
        "type": "Point",
        "coordinates": [
          71.9424,
          23.9151
        ]
      },
      "properties": {
        "name": "Precious Solar Power Plant",
        "type": "Power Plant (Solar)",
        "category": "Thermal/Power Industry",
        "capacity_mw": 15.2,
        "lat": 23.9151,
        "lon": 71.9424,
        "source": "WRI Power Database"
      }
    },
    {
      "type": "Feature",
      "geometry": {
        "type": "Point",
        "coordinates": [
          77.49,
          15.362
        ]
      },
      "properties": {
        "name": "Puchakayala",
        "type": "Power Plant (Solar)",
        "category": "Thermal/Power Industry",
        "capacity_mw": 20.0,
        "lat": 15.362,
        "lon": 77.49,
        "source": "WRI Power Database"
      }
    },
    {
      "type": "Feature",
      "geometry": {
        "type": "Point",
        "coordinates": [
          77.925,
          10.564
        ]
      },
      "properties": {
        "name": "Pudukottai Aeon",
        "type": "Power Plant (Solar)",
        "category": "Thermal/Power Industry",
        "capacity_mw": 15.0,
        "lat": 10.564,
        "lon": 77.925,
        "source": "WRI Power Database"
      }
    },
    {
      "type": "Feature",
      "geometry": {
        "type": "Point",
        "coordinates": [
          78.238,
          14.463
        ]
      },
      "properties": {
        "name": "Pulivendula",
        "type": "Power Plant (Solar)",
        "category": "Thermal/Power Industry",
        "capacity_mw": 5.0,
        "lat": 14.463,
        "lon": 78.238,
        "source": "WRI Power Database"
      }
    },
    {
      "type": "Feature",
      "geometry": {
        "type": "Point",
        "coordinates": [
          78.673,
          13.323
        ]
      },
      "properties": {
        "name": "Punganur",
        "type": "Power Plant (Solar)",
        "category": "Thermal/Power Industry",
        "capacity_mw": 50.0,
        "lat": 13.323,
        "lon": 78.673,
        "source": "WRI Power Database"
      }
    },
    {
      "type": "Feature",
      "geometry": {
        "type": "Point",
        "coordinates": [
          74.546,
          30.0208
        ]
      },
      "properties": {
        "name": "Punjawa - Sikh Wala Solar Power Plant",
        "type": "Power Plant (Solar)",
        "category": "Thermal/Power Industry",
        "capacity_mw": 19.0,
        "lat": 30.0208,
        "lon": 74.546,
        "source": "WRI Power Database"
      }
    },
    {
      "type": "Feature",
      "geometry": {
        "type": "Point",
        "coordinates": [
          82.18,
          24.985
        ]
      },
      "properties": {
        "name": "Pura Lakchhan",
        "type": "Power Plant (Solar)",
        "category": "Thermal/Power Industry",
        "capacity_mw": 40.0,
        "lat": 24.985,
        "lon": 82.18,
        "source": "WRI Power Database"
      }
    },
    {
      "type": "Feature",
      "geometry": {
        "type": "Point",
        "coordinates": [
          79.78,
          25.75
        ]
      },
      "properties": {
        "name": "Puraini",
        "type": "Power Plant (Solar)",
        "category": "Thermal/Power Industry",
        "capacity_mw": 40.0,
        "lat": 25.75,
        "lon": 79.78,
        "source": "WRI Power Database"
      }
    },
    {
      "type": "Feature",
      "geometry": {
        "type": "Point",
        "coordinates": [
          78.179,
          13.906
        ]
      },
      "properties": {
        "name": "Putluru",
        "type": "Power Plant (Solar)",
        "category": "Thermal/Power Industry",
        "capacity_mw": 10.0,
        "lat": 13.906,
        "lon": 78.179,
        "source": "WRI Power Database"
      }
    },
    {
      "type": "Feature",
      "geometry": {
        "type": "Point",
        "coordinates": [
          75.6189,
          24.8747
        ]
      },
      "properties": {
        "name": "R.A.P.S.",
        "type": "Power Plant (Nuclear)",
        "category": "Thermal/Power Industry",
        "capacity_mw": 1080.0,
        "lat": 24.8747,
        "lon": 75.6189,
        "source": "WRI Power Database"
      }
    },
    {
      "type": "Feature",
      "geometry": {
        "type": "Point",
        "coordinates": [
          75.5794,
          24.9174
        ]
      },
      "properties": {
        "name": "R.P.SAGAR",
        "type": "Power Plant (Hydro)",
        "category": "Thermal/Power Industry",
        "capacity_mw": 172.0,
        "lat": 24.9174,
        "lon": 75.5794,
        "source": "WRI Power Database"
      }
    },
    {
      "type": "Feature",
      "geometry": {
        "type": "Point",
        "coordinates": [
          74.1234,
          26.2984
        ]
      },
      "properties": {
        "name": "RABRIYAWAS CEMENT",
        "type": "Power Plant (Coal)",
        "category": "Thermal/Power Industry",
        "capacity_mw": 18.7,
        "lat": 26.2984,
        "lon": 74.1234,
        "source": "WRI Power Database"
      }
    },
    {
      "type": "Feature",
      "geometry": {
        "type": "Point",
        "coordinates": [
          73.9616,
          16.4072
        ]
      },
      "properties": {
        "name": "RADHANAGRI",
        "type": "Power Plant (Hydro)",
        "category": "Thermal/Power Industry",
        "capacity_mw": 4.8,
        "lat": 16.4072,
        "lon": 73.9616,
        "source": "WRI Power Database"
      }
    },
    {
      "type": "Feature",
      "geometry": {
        "type": "Point",
        "coordinates": [
          86.661,
          23.622
        ]
      },
      "properties": {
        "name": "RAGHUNATHPUR TPP PH-I",
        "type": "Power Plant (Coal)",
        "category": "Thermal/Power Industry",
        "capacity_mw": 1200.0,
        "lat": 23.622,
        "lon": 86.661,
        "source": "WRI Power Database"
      }
    },
    {
      "type": "Feature",
      "geometry": {
        "type": "Point",
        "coordinates": [
          77.3422,
          16.3532
        ]
      },
      "properties": {
        "name": "RAICHUR",
        "type": "Power Plant (Coal)",
        "category": "Thermal/Power Industry",
        "capacity_mw": 1720.0,
        "lat": 16.3532,
        "lon": 77.3422,
        "source": "WRI Power Database"
      }
    },
    {
      "type": "Feature",
      "geometry": {
        "type": "Point",
        "coordinates": [
          77.3608,
          16.3027
        ]
      },
      "properties": {
        "name": "RAICHUR STEEL",
        "type": "Power Plant (Coal)",
        "category": "Thermal/Power Industry",
        "capacity_mw": 35.0,
        "lat": 16.3027,
        "lon": 77.3608,
        "source": "WRI Power Database"
      }
    },
    {
      "type": "Feature",
      "geometry": {
        "type": "Point",
        "coordinates": [
          83.2331,
          21.9846
        ]
      },
      "properties": {
        "name": "RAIGARH TPP",
        "type": "Power Plant (Coal)",
        "category": "Thermal/Power Industry",
        "capacity_mw": 1000.0,
        "lat": 21.9846,
        "lon": 83.2331,
        "source": "WRI Power Database"
      }
    },
    {
      "type": "Feature",
      "geometry": {
        "type": "Point",
        "coordinates": [
          81.8525,
          21.4499
        ]
      },
      "properties": {
        "name": "RAIKHEDA",
        "type": "Power Plant (Coal)",
        "category": "Thermal/Power Industry",
        "capacity_mw": 1370.0,
        "lat": 21.4499,
        "lon": 81.8525,
        "source": "WRI Power Database"
      }
    },
    {
      "type": "Feature",
      "geometry": {
        "type": "Point",
        "coordinates": [
          77.1749,
          17.1427
        ]
      },
      "properties": {
        "name": "RAJASHREE CEMENT",
        "type": "Power Plant (Coal)",
        "category": "Thermal/Power Industry",
        "capacity_mw": 38.5,
        "lat": 17.1427,
        "lon": 77.1749,
        "source": "WRI Power Database"
      }
    },
    {
      "type": "Feature",
      "geometry": {
        "type": "Point",
        "coordinates": [
          77.2542,
          28.6361
        ]
      },
      "properties": {
        "name": "RAJGHAT",
        "type": "Power Plant (Coal)",
        "category": "Thermal/Power Industry",
        "capacity_mw": 135.0,
        "lat": 28.6361,
        "lon": 77.2542,
        "source": "WRI Power Database"
      }
    },
    {
      "type": "Feature",
      "geometry": {
        "type": "Point",
        "coordinates": [
          78.2322,
          24.7635
        ]
      },
      "properties": {
        "name": "RAJGHAT (MP)",
        "type": "Power Plant (Hydro)",
        "category": "Thermal/Power Industry",
        "capacity_mw": 45.0,
        "lat": 24.7635,
        "lon": 78.2322,
        "source": "WRI Power Database"
      }
    },
    {
      "type": "Feature",
      "geometry": {
        "type": "Point",
        "coordinates": [
          75.869,
          29.356
        ]
      },
      "properties": {
        "name": "RAJIV GANDHI  TPS HISAR",
        "type": "Power Plant (Coal)",
        "category": "Thermal/Power Industry",
        "capacity_mw": 1200.0,
        "lat": 29.356,
        "lon": 75.869,
        "source": "WRI Power Database"
      }
    },
    {
      "type": "Feature",
      "geometry": {
        "type": "Point",
        "coordinates": [
          74.1197,
          24.9643
        ]
      },
      "properties": {
        "name": "RAJPURA DARIBA MINE",
        "type": "Power Plant (Coal)",
        "category": "Thermal/Power Industry",
        "capacity_mw": 160.0,
        "lat": 24.9643,
        "lon": 74.1197,
        "source": "WRI Power Database"
      }
    },
    {
      "type": "Feature",
      "geometry": {
        "type": "Point",
        "coordinates": [
          76.577,
          30.557
        ]
      },
      "properties": {
        "name": "RAJPURA TPP",
        "type": "Power Plant (Coal)",
        "category": "Thermal/Power Industry",
        "capacity_mw": 1400.0,
        "lat": 30.557,
        "lon": 76.577,
        "source": "WRI Power Database"
      }
    },
    {
      "type": "Feature",
      "geometry": {
        "type": "Point",
        "coordinates": [
          77.4524,
          12.7145
        ]
      },
      "properties": {
        "name": "RAMANAGARAM MILL",
        "type": "Power Plant (Biomass)",
        "category": "Thermal/Power Industry",
        "capacity_mw": 11.0,
        "lat": 12.7145,
        "lon": 77.4524,
        "source": "WRI Power Database"
      }
    },
    {
      "type": "Feature",
      "geometry": {
        "type": "Point",
        "coordinates": [
          78.7574,
          29.5169
        ]
      },
      "properties": {
        "name": "RAMGANGA",
        "type": "Power Plant (Hydro)",
        "category": "Thermal/Power Industry",
        "capacity_mw": 198.0,
        "lat": 29.5169,
        "lon": 78.7574,
        "source": "WRI Power Database"
      }
    },
    {
      "type": "Feature",
      "geometry": {
        "type": "Point",
        "coordinates": [
          70.538,
          27.336
        ]
      },
      "properties": {
        "name": "RAMGARH GT",
        "type": "Power Plant (Gas)",
        "category": "Thermal/Power Industry",
        "capacity_mw": 270.5,
        "lat": 27.336,
        "lon": 70.538,
        "source": "WRI Power Database"
      }
    },
    {
      "type": "Feature",
      "geometry": {
        "type": "Point",
        "coordinates": [
          88.1376,
          27.114
        ]
      },
      "properties": {
        "name": "RAMMAM",
        "type": "Power Plant (Hydro)",
        "category": "Thermal/Power Industry",
        "capacity_mw": 50.0,
        "lat": 27.114,
        "lon": 88.1376,
        "source": "WRI Power Database"
      }
    },
    {
      "type": "Feature",
      "geometry": {
        "type": "Point",
        "coordinates": [
          77.5927,
          31.4
        ]
      },
      "properties": {
        "name": "RAMPUR",
        "type": "Power Plant (Hydro)",
        "category": "Thermal/Power Industry",
        "capacity_mw": 412.02,
        "lat": 31.4,
        "lon": 77.5927,
        "source": "WRI Power Database"
      }
    },
    {
      "type": "Feature",
      "geometry": {
        "type": "Point",
        "coordinates": [
          93.8168,
          27.3426
        ]
      },
      "properties": {
        "name": "RANGANADI",
        "type": "Power Plant (Hydro)",
        "category": "Thermal/Power Industry",
        "capacity_mw": 405.0,
        "lat": 27.3426,
        "lon": 93.8168,
        "source": "WRI Power Database"
      }
    },
    {
      "type": "Feature",
      "geometry": {
        "type": "Point",
        "coordinates": [
          88.2921,
          27.2949
        ]
      },
      "properties": {
        "name": "RANGIT-III",
        "type": "Power Plant (Hydro)",
        "category": "Thermal/Power Industry",
        "capacity_mw": 60.0,
        "lat": 27.2949,
        "lon": 88.2921,
        "source": "WRI Power Database"
      }
    },
    {
      "type": "Feature",
      "geometry": {
        "type": "Point",
        "coordinates": [
          76.245,
          18.5354
        ]
      },
      "properties": {
        "name": "RANJANI MILL",
        "type": "Power Plant (Biomass)",
        "category": "Thermal/Power Industry",
        "capacity_mw": 12.5,
        "lat": 18.5354,
        "lon": 76.245,
        "source": "WRI Power Database"
      }
    },
    {
      "type": "Feature",
      "geometry": {
        "type": "Point",
        "coordinates": [
          75.7305,
          32.4404
        ]
      },
      "properties": {
        "name": "RANJIT SAGAR",
        "type": "Power Plant (Hydro)",
        "category": "Thermal/Power Industry",
        "capacity_mw": 600.0,
        "lat": 32.4404,
        "lon": 75.7305,
        "source": "WRI Power Database"
      }
    },
    {
      "type": "Feature",
      "geometry": {
        "type": "Point",
        "coordinates": [
          74.1878,
          26.263
        ]
      },
      "properties": {
        "name": "RAS CEMENT PLANT",
        "type": "Power Plant (Coal)",
        "category": "Thermal/Power Industry",
        "capacity_mw": 36.0,
        "lat": 26.263,
        "lon": 74.1878,
        "source": "WRI Power Database"
      }
    },
    {
      "type": "Feature",
      "geometry": {
        "type": "Point",
        "coordinates": [
          82.493,
          22.3404
        ]
      },
      "properties": {
        "name": "RATIJA TPP",
        "type": "Power Plant (Coal)",
        "category": "Thermal/Power Industry",
        "capacity_mw": 100.0,
        "lat": 22.3404,
        "lon": 82.493,
        "source": "WRI Power Database"
      }
    },
    {
      "type": "Feature",
      "geometry": {
        "type": "Point",
        "coordinates": [
          73.167,
          17.5587
        ]
      },
      "properties": {
        "name": "RATNAGIRI GAS",
        "type": "Power Plant (Gas)",
        "category": "Thermal/Power Industry",
        "capacity_mw": 1967.08,
        "lat": 17.5587,
        "lon": 73.167,
        "source": "WRI Power Database"
      }
    },
    {
      "type": "Feature",
      "geometry": {
        "type": "Point",
        "coordinates": [
          78.4577,
          14.704
        ]
      },
      "properties": {
        "name": "RAYAL SEEMA",
        "type": "Power Plant (Coal)",
        "category": "Thermal/Power Industry",
        "capacity_mw": 1650.0,
        "lat": 14.704,
        "lon": 78.4577,
        "source": "WRI Power Database"
      }
    },
    {
      "type": "Feature",
      "geometry": {
        "type": "Point",
        "coordinates": [
          73.877,
          15.3771
        ]
      },
      "properties": {
        "name": "RELIANCE ENERGY",
        "type": "Power Plant (Gas)",
        "category": "Thermal/Power Industry",
        "capacity_mw": 48.0,
        "lat": 15.3771,
        "lon": 73.877,
        "source": "WRI Power Database"
      }
    },
    {
      "type": "Feature",
      "geometry": {
        "type": "Point",
        "coordinates": [
          85.0355,
          21.2759
        ]
      },
      "properties": {
        "name": "RENGALI",
        "type": "Power Plant (Hydro)",
        "category": "Thermal/Power Industry",
        "capacity_mw": 250.0,
        "lat": 21.2759,
        "lon": 85.0355,
        "source": "WRI Power Database"
      }
    },
    {
      "type": "Feature",
      "geometry": {
        "type": "Point",
        "coordinates": [
          82.7915,
          24.027
        ]
      },
      "properties": {
        "name": "RIHAND",
        "type": "Power Plant (Coal)",
        "category": "Thermal/Power Industry",
        "capacity_mw": 3000.0,
        "lat": 24.027,
        "lon": 82.7915,
        "source": "WRI Power Database"
      }
    },
    {
      "type": "Feature",
      "geometry": {
        "type": "Point",
        "coordinates": [
          83.0361,
          24.1778
        ]
      },
      "properties": {
        "name": "RIHAND_Hydro",
        "type": "Power Plant (Hydro)",
        "category": "Thermal/Power Industry",
        "capacity_mw": 300.0,
        "lat": 24.1778,
        "lon": 83.0361,
        "source": "WRI Power Database"
      }
    },
    {
      "type": "Feature",
      "geometry": {
        "type": "Point",
        "coordinates": [
          77.1016,
          28.7327
        ]
      },
      "properties": {
        "name": "RITHALA CCCP",
        "type": "Power Plant (Gas)",
        "category": "Thermal/Power Industry",
        "capacity_mw": 94.8,
        "lat": 28.7327,
        "lon": 77.1016,
        "source": "WRI Power Database"
      }
    },
    {
      "type": "Feature",
      "geometry": {
        "type": "Point",
        "coordinates": [
          75.832,
          25.1732
        ]
      },
      "properties": {
        "name": "RMC MANGROL",
        "type": "Power Plant (Hydro)",
        "category": "Thermal/Power Industry",
        "capacity_mw": 6.0,
        "lat": 25.1732,
        "lon": 75.832,
        "source": "WRI Power Database"
      }
    },
    {
      "type": "Feature",
      "geometry": {
        "type": "Point",
        "coordinates": [
          91.1948,
          23.626
        ]
      },
      "properties": {
        "name": "ROKHIA GT",
        "type": "Power Plant (Gas)",
        "category": "Thermal/Power Industry",
        "capacity_mw": 63.0,
        "lat": 23.626,
        "lon": 91.1948,
        "source": "WRI Power Database"
      }
    },
    {
      "type": "Feature",
      "geometry": {
        "type": "Point",
        "coordinates": [
          76.5847,
          31.0417
        ]
      },
      "properties": {
        "name": "ROPAR",
        "type": "Power Plant (Coal)",
        "category": "Thermal/Power Industry",
        "capacity_mw": 840.0,
        "lat": 31.0417,
        "lon": 76.5847,
        "source": "WRI Power Database"
      }
    },
    {
      "type": "Feature",
      "geometry": {
        "type": "Point",
        "coordinates": [
          79.936,
          27.818
        ]
      },
      "properties": {
        "name": "ROSA TPP PH - 1",
        "type": "Power Plant (Coal)",
        "category": "Thermal/Power Industry",
        "capacity_mw": 1200.0,
        "lat": 27.818,
        "lon": 79.936,
        "source": "WRI Power Database"
      }
    },
    {
      "type": "Feature",
      "geometry": {
        "type": "Point",
        "coordinates": [
          81.549,
          24.471
        ]
      },
      "properties": {
        "name": "RUMS} Acme",
        "type": "Power Plant (Solar)",
        "category": "Thermal/Power Industry",
        "capacity_mw": 250.0,
        "lat": 24.471,
        "lon": 81.549,
        "source": "WRI Power Database"
      }
    },
    {
      "type": "Feature",
      "geometry": {
        "type": "Point",
        "coordinates": [
          81.595,
          24.484
        ]
      },
      "properties": {
        "name": "RUMS} Mahindra",
        "type": "Power Plant (Solar)",
        "category": "Thermal/Power Industry",
        "capacity_mw": 250.0,
        "lat": 24.484,
        "lon": 81.595,
        "source": "WRI Power Database"
      }
    },
    {
      "type": "Feature",
      "geometry": {
        "type": "Point",
        "coordinates": [
          81.581,
          24.469
        ]
      },
      "properties": {
        "name": "RUMS} Sprng",
        "type": "Power Plant (Solar)",
        "category": "Thermal/Power Industry",
        "capacity_mw": 250.0,
        "lat": 24.469,
        "lon": 81.581,
        "source": "WRI Power Database"
      }
    },
    {
      "type": "Feature",
      "geometry": {
        "type": "Point",
        "coordinates": [
          79.4494,
          18.7695
        ]
      },
      "properties": {
        "name": "R_GUNDEM - B",
        "type": "Power Plant (Coal)",
        "category": "Thermal/Power Industry",
        "capacity_mw": 62.5,
        "lat": 18.7695,
        "lon": 79.4494,
        "source": "WRI Power Database"
      }
    },
    {
      "type": "Feature",
      "geometry": {
        "type": "Point",
        "coordinates": [
          79.456,
          18.7572
        ]
      },
      "properties": {
        "name": "R_GUNDEM STPS",
        "type": "Power Plant (Coal)",
        "category": "Thermal/Power Industry",
        "capacity_mw": 2600.0,
        "lat": 18.7572,
        "lon": 79.456,
        "source": "WRI Power Database"
      }
    },
    {
      "type": "Feature",
      "geometry": {
        "type": "Point",
        "coordinates": [
          71.605,
          23.8
        ]
      },
      "properties": {
        "name": "Radhanpur",
        "type": "Power Plant (Solar)",
        "category": "Thermal/Power Industry",
        "capacity_mw": 5.0,
        "lat": 23.8,
        "lon": 71.605,
        "source": "WRI Power Database"
      }
    },
    {
      "type": "Feature",
      "geometry": {
        "type": "Point",
        "coordinates": [
          70.563,
          27.384
        ]
      },
      "properties": {
        "name": "Raghawa GAIL",
        "type": "Power Plant (Solar)",
        "category": "Thermal/Power Industry",
        "capacity_mw": 5.0,
        "lat": 27.384,
        "lon": 70.563,
        "source": "WRI Power Database"
      }
    },
    {
      "type": "Feature",
      "geometry": {
        "type": "Point",
        "coordinates": [
          70.569,
          27.385
        ]
      },
      "properties": {
        "name": "Raghawa IOC",
        "type": "Power Plant (Solar)",
        "category": "Thermal/Power Industry",
        "capacity_mw": 5.0,
        "lat": 27.385,
        "lon": 70.569,
        "source": "WRI Power Database"
      }
    },
    {
      "type": "Feature",
      "geometry": {
        "type": "Point",
        "coordinates": [
          70.569,
          27.385
        ]
      },
      "properties": {
        "name": "Raghawa IOC II",
        "type": "Power Plant (Solar)",
        "category": "Thermal/Power Industry",
        "capacity_mw": 9.0,
        "lat": 27.385,
        "lon": 70.569,
        "source": "WRI Power Database"
      }
    },
    {
      "type": "Feature",
      "geometry": {
        "type": "Point",
        "coordinates": [
          74.774,
          16.374
        ]
      },
      "properties": {
        "name": "Raibagh",
        "type": "Power Plant (Solar)",
        "category": "Thermal/Power Industry",
        "capacity_mw": 15.0,
        "lat": 16.374,
        "lon": 74.774,
        "source": "WRI Power Database"
      }
    },
    {
      "type": "Feature",
      "geometry": {
        "type": "Point",
        "coordinates": [
          78.946,
          17.699
        ]
      },
      "properties": {
        "name": "Rajapet Cybercity",
        "type": "Power Plant (Solar)",
        "category": "Thermal/Power Industry",
        "capacity_mw": 5.0,
        "lat": 17.699,
        "lon": 78.946,
        "source": "WRI Power Database"
      }
    },
    {
      "type": "Feature",
      "geometry": {
        "type": "Point",
        "coordinates": [
          76.719,
          23.9637
        ]
      },
      "properties": {
        "name": "Rajgarh - NTPC Solar Power Plant",
        "type": "Power Plant (Solar)",
        "category": "Thermal/Power Industry",
        "capacity_mw": 50.0,
        "lat": 23.9637,
        "lon": 76.719,
        "source": "WRI Power Database"
      }
    },
    {
      "type": "Feature",
      "geometry": {
        "type": "Point",
        "coordinates": [
          76.7329,
          23.9796
        ]
      },
      "properties": {
        "name": "Rajgarh - Ujaas Solar Power Plant",
        "type": "Power Plant (Solar)",
        "category": "Thermal/Power Industry",
        "capacity_mw": 16.5,
        "lat": 23.9796,
        "lon": 76.7329,
        "source": "WRI Power Database"
      }
    },
    {
      "type": "Feature",
      "geometry": {
        "type": "Point",
        "coordinates": [
          81.305,
          21.43
        ]
      },
      "properties": {
        "name": "Rajpur",
        "type": "Power Plant (Solar)",
        "category": "Thermal/Power Industry",
        "capacity_mw": 100.0,
        "lat": 21.43,
        "lon": 81.305,
        "source": "WRI Power Database"
      }
    },
    {
      "type": "Feature",
      "geometry": {
        "type": "Point",
        "coordinates": [
          78.4805,
          25.4106
        ]
      },
      "properties": {
        "name": "Raksa Solar Power Plant",
        "type": "Power Plant (Solar)",
        "category": "Thermal/Power Industry",
        "capacity_mw": 2.0,
        "lat": 25.4106,
        "lon": 78.4805,
        "source": "WRI Power Database"
      }
    },
    {
      "type": "Feature",
      "geometry": {
        "type": "Point",
        "coordinates": [
          75.1631,
          29.9619
        ]
      },
      "properties": {
        "name": "Ram Tirath Jaga Solar Power Plant",
        "type": "Power Plant (Solar)",
        "category": "Thermal/Power Industry",
        "capacity_mw": 10.0,
        "lat": 29.9619,
        "lon": 75.1631,
        "source": "WRI Power Database"
      }
    },
    {
      "type": "Feature",
      "geometry": {
        "type": "Point",
        "coordinates": [
          75.315,
          15.985
        ]
      },
      "properties": {
        "name": "Ramadurg",
        "type": "Power Plant (Solar)",
        "category": "Thermal/Power Industry",
        "capacity_mw": 20.0,
        "lat": 15.985,
        "lon": 75.315,
        "source": "WRI Power Database"
      }
    },
    {
      "type": "Feature",
      "geometry": {
        "type": "Point",
        "coordinates": [
          79.4873,
          18.764
        ]
      },
      "properties": {
        "name": "Ramagundam Solar Power Plant",
        "type": "Power Plant (Solar)",
        "category": "Thermal/Power Industry",
        "capacity_mw": 10.0,
        "lat": 18.764,
        "lon": 79.4873,
        "source": "WRI Power Database"
      }
    },
    {
      "type": "Feature",
      "geometry": {
        "type": "Point",
        "coordinates": [
          79.146,
          17.285
        ]
      },
      "properties": {
        "name": "Ramannapet",
        "type": "Power Plant (Solar)",
        "category": "Thermal/Power Industry",
        "capacity_mw": 15.0,
        "lat": 17.285,
        "lon": 79.146,
        "source": "WRI Power Database"
      }
    },
    {
      "type": "Feature",
      "geometry": {
        "type": "Point",
        "coordinates": [
          78.488,
          18.125
        ]
      },
      "properties": {
        "name": "Ramayampet SD",
        "type": "Power Plant (Solar)",
        "category": "Thermal/Power Industry",
        "capacity_mw": 10.0,
        "lat": 18.125,
        "lon": 78.488,
        "source": "WRI Power Database"
      }
    },
    {
      "type": "Feature",
      "geometry": {
        "type": "Point",
        "coordinates": [
          78.3485,
          9.222
        ]
      },
      "properties": {
        "name": "Ramnad Welspun",
        "type": "Power Plant (Solar)",
        "category": "Thermal/Power Industry",
        "capacity_mw": 30.0,
        "lat": 9.222,
        "lon": 78.3485,
        "source": "WRI Power Database"
      }
    },
    {
      "type": "Feature",
      "geometry": {
        "type": "Point",
        "coordinates": [
          78.178,
          17.3494
        ]
      },
      "properties": {
        "name": "Rangareddy Mytrah",
        "type": "Power Plant (Solar)",
        "category": "Thermal/Power Industry",
        "capacity_mw": 7.0,
        "lat": 17.3494,
        "lon": 78.178,
        "source": "WRI Power Database"
      }
    },
    {
      "type": "Feature",
      "geometry": {
        "type": "Point",
        "coordinates": [
          75.17,
          16.4
        ]
      },
      "properties": {
        "name": "Ranna-Belagali",
        "type": "Power Plant (Solar)",
        "category": "Thermal/Power Industry",
        "capacity_mw": 40.0,
        "lat": 16.4,
        "lon": 75.17,
        "source": "WRI Power Database"
      }
    },
    {
      "type": "Feature",
      "geometry": {
        "type": "Point",
        "coordinates": [
          70.0097,
          23.2592
        ]
      },
      "properties": {
        "name": "Rapar Khokhara Solar Power Plant",
        "type": "Power Plant (Solar)",
        "category": "Thermal/Power Industry",
        "capacity_mw": 5.0,
        "lat": 23.2592,
        "lon": 70.0097,
        "source": "WRI Power Database"
      }
    },
    {
      "type": "Feature",
      "geometry": {
        "type": "Point",
        "coordinates": [
          75.679,
          27.9363
        ]
      },
      "properties": {
        "name": "Rasulpur Solar Power Plant",
        "type": "Power Plant (Solar)",
        "category": "Thermal/Power Industry",
        "capacity_mw": 1.0,
        "lat": 27.9363,
        "lon": 75.679,
        "source": "WRI Power Database"
      }
    },
    {
      "type": "Feature",
      "geometry": {
        "type": "Point",
        "coordinates": [
          70.7736,
          26.8026
        ]
      },
      "properties": {
        "name": "Ratedi Mondri Wind Farm",
        "type": "Power Plant (Wind)",
        "category": "Thermal/Power Industry",
        "capacity_mw": 26.4,
        "lat": 26.8026,
        "lon": 70.7736,
        "source": "WRI Power Database"
      }
    },
    {
      "type": "Feature",
      "geometry": {
        "type": "Point",
        "coordinates": [
          72.2164,
          27.4108
        ]
      },
      "properties": {
        "name": "Ravra - IOC Solar Power Plant",
        "type": "Power Plant (Solar)",
        "category": "Thermal/Power Industry",
        "capacity_mw": 5.0,
        "lat": 27.4108,
        "lon": 72.2164,
        "source": "WRI Power Database"
      }
    },
    {
      "type": "Feature",
      "geometry": {
        "type": "Point",
        "coordinates": [
          72.2127,
          27.4118
        ]
      },
      "properties": {
        "name": "Ravra - NWEPL Solar Power Plant",
        "type": "Power Plant (Solar)",
        "category": "Thermal/Power Industry",
        "capacity_mw": 5.0,
        "lat": 27.4118,
        "lon": 72.2127,
        "source": "WRI Power Database"
      }
    },
    {
      "type": "Feature",
      "geometry": {
        "type": "Point",
        "coordinates": [
          72.2193,
          27.4092
        ]
      },
      "properties": {
        "name": "Ravra - SEI Solar Power Plant",
        "type": "Power Plant (Solar)",
        "category": "Thermal/Power Industry",
        "capacity_mw": 5.0,
        "lat": 27.4092,
        "lon": 72.2193,
        "source": "WRI Power Database"
      }
    },
    {
      "type": "Feature",
      "geometry": {
        "type": "Point",
        "coordinates": [
          72.1577,
          27.4137
        ]
      },
      "properties": {
        "name": "Ravra - Welspun Solar Power Plant",
        "type": "Power Plant (Solar)",
        "category": "Thermal/Power Industry",
        "capacity_mw": 50.0,
        "lat": 27.4137,
        "lon": 72.1577,
        "source": "WRI Power Database"
      }
    },
    {
      "type": "Feature",
      "geometry": {
        "type": "Point",
        "coordinates": [
          72.138,
          27.381
        ]
      },
      "properties": {
        "name": "Rawra 10",
        "type": "Power Plant (Solar)",
        "category": "Thermal/Power Industry",
        "capacity_mw": 10.0,
        "lat": 27.381,
        "lon": 72.138,
        "source": "WRI Power Database"
      }
    },
    {
      "type": "Feature",
      "geometry": {
        "type": "Point",
        "coordinates": [
          72.138,
          27.381
        ]
      },
      "properties": {
        "name": "Rawra 20",
        "type": "Power Plant (Solar)",
        "category": "Thermal/Power Industry",
        "capacity_mw": 20.0,
        "lat": 27.381,
        "lon": 72.138,
        "source": "WRI Power Database"
      }
    },
    {
      "type": "Feature",
      "geometry": {
        "type": "Point",
        "coordinates": [
          72.231,
          27.396
        ]
      },
      "properties": {
        "name": "Rawra A",
        "type": "Power Plant (Solar)",
        "category": "Thermal/Power Industry",
        "capacity_mw": 10.0,
        "lat": 27.396,
        "lon": 72.231,
        "source": "WRI Power Database"
      }
    },
    {
      "type": "Feature",
      "geometry": {
        "type": "Point",
        "coordinates": [
          72.242,
          27.384
        ]
      },
      "properties": {
        "name": "Rawra B",
        "type": "Power Plant (Solar)",
        "category": "Thermal/Power Industry",
        "capacity_mw": 25.0,
        "lat": 27.384,
        "lon": 72.242,
        "source": "WRI Power Database"
      }
    },
    {
      "type": "Feature",
      "geometry": {
        "type": "Point",
        "coordinates": [
          72.154,
          27.396
        ]
      },
      "properties": {
        "name": "Rawra Tracker",
        "type": "Power Plant (Solar)",
        "category": "Thermal/Power Industry",
        "capacity_mw": 5.1,
        "lat": 27.396,
        "lon": 72.154,
        "source": "WRI Power Database"
      }
    },
    {
      "type": "Feature",
      "geometry": {
        "type": "Point",
        "coordinates": [
          72.162,
          27.404
        ]
      },
      "properties": {
        "name": "Rawra Viraj",
        "type": "Power Plant (Solar)",
        "category": "Thermal/Power Industry",
        "capacity_mw": 5.5,
        "lat": 27.404,
        "lon": 72.162,
        "source": "WRI Power Database"
      }
    },
    {
      "type": "Feature",
      "geometry": {
        "type": "Point",
        "coordinates": [
          72.951,
          27.898
        ]
      },
      "properties": {
        "name": "Rays Lohia",
        "type": "Power Plant (Solar)",
        "category": "Thermal/Power Industry",
        "capacity_mw": 5.5,
        "lat": 27.898,
        "lon": 72.951,
        "source": "WRI Power Database"
      }
    },
    {
      "type": "Feature",
      "geometry": {
        "type": "Point",
        "coordinates": [
          72.951,
          27.898
        ]
      },
      "properties": {
        "name": "Rays Saboo",
        "type": "Power Plant (Solar)",
        "category": "Thermal/Power Industry",
        "capacity_mw": 5.0,
        "lat": 27.898,
        "lon": 72.951,
        "source": "WRI Power Database"
      }
    },
    {
      "type": "Feature",
      "geometry": {
        "type": "Point",
        "coordinates": [
          78.2486,
          9.5059
        ]
      },
      "properties": {
        "name": "Regunathamadai",
        "type": "Power Plant (Solar)",
        "category": "Thermal/Power Industry",
        "capacity_mw": 5.0,
        "lat": 9.5059,
        "lon": 78.2486,
        "source": "WRI Power Database"
      }
    },
    {
      "type": "Feature",
      "geometry": {
        "type": "Point",
        "coordinates": [
          72.4706,
          26.4586
        ]
      },
      "properties": {
        "name": "Relaxo Footwear Kui Inda Wind Farm",
        "type": "Power Plant (Wind)",
        "category": "Thermal/Power Industry",
        "capacity_mw": 6.0,
        "lat": 26.4586,
        "lon": 72.4706,
        "source": "WRI Power Database"
      }
    },
    {
      "type": "Feature",
      "geometry": {
        "type": "Point",
        "coordinates": [
          77.918,
          18.79
        ]
      },
      "properties": {
        "name": "Renjal Solarpack",
        "type": "Power Plant (Solar)",
        "category": "Thermal/Power Industry",
        "capacity_mw": 15.0,
        "lat": 18.79,
        "lon": 77.918,
        "source": "WRI Power Database"
      }
    },
    {
      "type": "Feature",
      "geometry": {
        "type": "Point",
        "coordinates": [
          75.535,
          23.725
        ]
      },
      "properties": {
        "name": "Richa",
        "type": "Power Plant (Solar)",
        "category": "Thermal/Power Industry",
        "capacity_mw": 10.0,
        "lat": 23.725,
        "lon": 75.535,
        "source": "WRI Power Database"
      }
    },
    {
      "type": "Feature",
      "geometry": {
        "type": "Point",
        "coordinates": [
          74.8763,
          19.1474
        ]
      },
      "properties": {
        "name": "Roaring 40s Wind Farms (Khandke) Private Limited - Phase II",
        "type": "Power Plant (Wind)",
        "category": "Thermal/Power Industry",
        "capacity_mw": 50.4,
        "lat": 19.1474,
        "lon": 74.8763,
        "source": "WRI Power Database"
      }
    },
    {
      "type": "Feature",
      "geometry": {
        "type": "Point",
        "coordinates": [
          78.786,
          14.11
        ]
      },
      "properties": {
        "name": "Rohukurupalli",
        "type": "Power Plant (Solar)",
        "category": "Thermal/Power Industry",
        "capacity_mw": 20.0,
        "lat": 14.11,
        "lon": 78.786,
        "source": "WRI Power Database"
      }
    },
    {
      "type": "Feature",
      "geometry": {
        "type": "Point",
        "coordinates": [
          75.9246,
          23.7025
        ]
      },
      "properties": {
        "name": "Rojhani Solar Power Plant",
        "type": "Power Plant (Solar)",
        "category": "Thermal/Power Industry",
        "capacity_mw": 30.5,
        "lat": 23.7025,
        "lon": 75.9246,
        "source": "WRI Power Database"
      }
    },
    {
      "type": "Feature",
      "geometry": {
        "type": "Point",
        "coordinates": [
          70.6004,
          23.0562
        ]
      },
      "properties": {
        "name": "Rucha Soya Wind Farm",
        "type": "Power Plant (Wind)",
        "category": "Thermal/Power Industry",
        "capacity_mw": 35.1,
        "lat": 23.0562,
        "lon": 70.6004,
        "source": "WRI Power Database"
      }
    },
    {
      "type": "Feature",
      "geometry": {
        "type": "Point",
        "coordinates": [
          73.7559,
          21.8376
        ]
      },
      "properties": {
        "name": "S.SAROVAR CHPH",
        "type": "Power Plant (Hydro)",
        "category": "Thermal/Power Industry",
        "capacity_mw": 250.0,
        "lat": 21.8376,
        "lon": 73.7559,
        "source": "WRI Power Database"
      }
    },
    {
      "type": "Feature",
      "geometry": {
        "type": "Point",
        "coordinates": [
          73.7501,
          21.8301
        ]
      },
      "properties": {
        "name": "S.SAROVAR RBPH",
        "type": "Power Plant (Hydro)",
        "category": "Thermal/Power Industry",
        "capacity_mw": 1200.0,
        "lat": 21.8301,
        "lon": 73.7501,
        "source": "WRI Power Database"
      }
    },
    {
      "type": "Feature",
      "geometry": {
        "type": "Point",
        "coordinates": [
          77.0727,
          9.3098
        ]
      },
      "properties": {
        "name": "SABARIGIRI",
        "type": "Power Plant (Hydro)",
        "category": "Thermal/Power Industry",
        "capacity_mw": 300.0,
        "lat": 9.3098,
        "lon": 77.0727,
        "source": "WRI Power Database"
      }
    },
    {
      "type": "Feature",
      "geometry": {
        "type": "Point",
        "coordinates": [
          88.1046,
          24.3696
        ]
      },
      "properties": {
        "name": "SAGARDIGHI TPP",
        "type": "Power Plant (Coal)",
        "category": "Thermal/Power Industry",
        "capacity_mw": 1600.0,
        "lat": 24.3696,
        "lon": 88.1046,
        "source": "WRI Power Database"
      }
    },
    {
      "type": "Feature",
      "geometry": {
        "type": "Point",
        "coordinates": [
          75.1361,
          17.708
        ]
      },
      "properties": {
        "name": "SAHAKAR SHIROMANI",
        "type": "Power Plant (Biomass)",
        "category": "Thermal/Power Industry",
        "capacity_mw": 18.0,
        "lat": 17.708,
        "lon": 75.1361,
        "source": "WRI Power Database"
      }
    },
    {
      "type": "Feature",
      "geometry": {
        "type": "Point",
        "coordinates": [
          74.8097,
          33.142
        ]
      },
      "properties": {
        "name": "SALAL I & II",
        "type": "Power Plant (Hydro)",
        "category": "Thermal/Power Industry",
        "capacity_mw": 690.0,
        "lat": 33.142,
        "lon": 74.8097,
        "source": "WRI Power Database"
      }
    },
    {
      "type": "Feature",
      "geometry": {
        "type": "Point",
        "coordinates": [
          69.7101,
          22.3049
        ]
      },
      "properties": {
        "name": "SALAYA TPP",
        "type": "Power Plant (Coal)",
        "category": "Thermal/Power Industry",
        "capacity_mw": 1200.0,
        "lat": 22.3049,
        "lon": 69.7101,
        "source": "WRI Power Database"
      }
    },
    {
      "type": "Feature",
      "geometry": {
        "type": "Point",
        "coordinates": [
          82.6062,
          22.49
        ]
      },
      "properties": {
        "name": "SALORA",
        "type": "Power Plant (Coal)",
        "category": "Thermal/Power Industry",
        "capacity_mw": 135.0,
        "lat": 22.49,
        "lon": 82.6062,
        "source": "WRI Power Database"
      }
    },
    {
      "type": "Feature",
      "geometry": {
        "type": "Point",
        "coordinates": [
          78.4038,
          12.2995
        ]
      },
      "properties": {
        "name": "SAMALPATTI DG",
        "type": "Power Plant (Oil)",
        "category": "Thermal/Power Industry",
        "capacity_mw": 105.7,
        "lat": 12.2995,
        "lon": 78.4038,
        "source": "WRI Power Database"
      }
    },
    {
      "type": "Feature",
      "geometry": {
        "type": "Point",
        "coordinates": [
          78.0445,
          9.9751
        ]
      },
      "properties": {
        "name": "SAMAYANALLUR DG",
        "type": "Power Plant (Oil)",
        "category": "Thermal/Power Industry",
        "capacity_mw": 106.0,
        "lat": 9.9751,
        "lon": 78.0445,
        "source": "WRI Power Database"
      }
    },
    {
      "type": "Feature",
      "geometry": {
        "type": "Point",
        "coordinates": [
          75.0411,
          16.3918
        ]
      },
      "properties": {
        "name": "SAMEERWADI MILL",
        "type": "Power Plant (Biomass)",
        "category": "Thermal/Power Industry",
        "capacity_mw": 24.0,
        "lat": 16.3918,
        "lon": 75.0411,
        "source": "WRI Power Database"
      }
    },
    {
      "type": "Feature",
      "geometry": {
        "type": "Point",
        "coordinates": [
          74.4272,
          17.1354
        ]
      },
      "properties": {
        "name": "SANGLI KRANTI",
        "type": "Power Plant (Biomass)",
        "category": "Thermal/Power Industry",
        "capacity_mw": 19.7,
        "lat": 17.1354,
        "lon": 74.4272,
        "source": "WRI Power Database"
      }
    },
    {
      "type": "Feature",
      "geometry": {
        "type": "Point",
        "coordinates": [
          74.4821,
          16.9171
        ]
      },
      "properties": {
        "name": "SANGLI MIRAJ BIOMASS",
        "type": "Power Plant (Biomass)",
        "category": "Thermal/Power Industry",
        "capacity_mw": 10.0,
        "lat": 16.9171,
        "lon": 74.4821,
        "source": "WRI Power Database"
      }
    },
    {
      "type": "Feature",
      "geometry": {
        "type": "Point",
        "coordinates": [
          74.5898,
          16.881
        ]
      },
      "properties": {
        "name": "SANGLI VASANTDADA",
        "type": "Power Plant (Biomass)",
        "category": "Thermal/Power Industry",
        "capacity_mw": 12.5,
        "lat": 16.881,
        "lon": 74.5898,
        "source": "WRI Power Database"
      }
    },
    {
      "type": "Feature",
      "geometry": {
        "type": "Point",
        "coordinates": [
          78.4835,
          31.2642
        ]
      },
      "properties": {
        "name": "SANJAY BHABA",
        "type": "Power Plant (Hydro)",
        "category": "Thermal/Power Industry",
        "capacity_mw": 120.0,
        "lat": 31.2642,
        "lon": 78.4835,
        "source": "WRI Power Database"
      }
    },
    {
      "type": "Feature",
      "geometry": {
        "type": "Point",
        "coordinates": [
          81.0668,
          23.3026
        ]
      },
      "properties": {
        "name": "SANJAY GANDHI",
        "type": "Power Plant (Coal)",
        "category": "Thermal/Power Industry",
        "capacity_mw": 1340.0,
        "lat": 23.3026,
        "lon": 81.0668,
        "source": "WRI Power Database"
      }
    },
    {
      "type": "Feature",
      "geometry": {
        "type": "Point",
        "coordinates": [
          74.5003,
          16.2478
        ]
      },
      "properties": {
        "name": "SANKESHWAR MILL",
        "type": "Power Plant (Biomass)",
        "category": "Thermal/Power Industry",
        "capacity_mw": 26.0,
        "lat": 16.2478,
        "lon": 74.5003,
        "source": "WRI Power Database"
      }
    },
    {
      "type": "Feature",
      "geometry": {
        "type": "Point",
        "coordinates": [
          86.4666,
          23.6013
        ]
      },
      "properties": {
        "name": "SANTALDIH",
        "type": "Power Plant (Coal)",
        "category": "Thermal/Power Industry",
        "capacity_mw": 500.0,
        "lat": 23.6013,
        "lon": 86.4666,
        "source": "WRI Power Database"
      }
    },
    {
      "type": "Feature",
      "geometry": {
        "type": "Point",
        "coordinates": [
          76.8302,
          10.4558
        ]
      },
      "properties": {
        "name": "SARKARPATHY",
        "type": "Power Plant (Hydro)",
        "category": "Thermal/Power Industry",
        "capacity_mw": 30.0,
        "lat": 10.4558,
        "lon": 76.8302,
        "source": "WRI Power Database"
      }
    },
    {
      "type": "Feature",
      "geometry": {
        "type": "Point",
        "coordinates": [
          82.6275,
          23.9784
        ]
      },
      "properties": {
        "name": "SASAN UMPP",
        "type": "Power Plant (Coal)",
        "category": "Thermal/Power Industry",
        "capacity_mw": 3960.0,
        "lat": 23.9784,
        "lon": 82.6275,
        "source": "WRI Power Database"
      }
    },
    {
      "type": "Feature",
      "geometry": {
        "type": "Point",
        "coordinates": [
          80.858,
          24.5959
        ]
      },
      "properties": {
        "name": "SATNA CEMENT PLANT",
        "type": "Power Plant (Coal)",
        "category": "Thermal/Power Industry",
        "capacity_mw": 29.0,
        "lat": 24.5959,
        "lon": 80.858,
        "source": "WRI Power Database"
      }
    },
    {
      "type": "Feature",
      "geometry": {
        "type": "Point",
        "coordinates": [
          78.173,
          22.11
        ]
      },
      "properties": {
        "name": "SATPURA",
        "type": "Power Plant (Coal)",
        "category": "Thermal/Power Industry",
        "capacity_mw": 1330.0,
        "lat": 22.11,
        "lon": 78.173,
        "source": "WRI Power Database"
      }
    },
    {
      "type": "Feature",
      "geometry": {
        "type": "Point",
        "coordinates": [
          74.1924,
          19.6125
        ]
      },
      "properties": {
        "name": "SBT SUGAR",
        "type": "Power Plant (Biomass)",
        "category": "Thermal/Power Industry",
        "capacity_mw": 16.0,
        "lat": 19.6125,
        "lon": 74.1924,
        "source": "WRI Power Database"
      }
    },
    {
      "type": "Feature",
      "geometry": {
        "type": "Point",
        "coordinates": [
          79.9123,
          22.7355
        ]
      },
      "properties": {
        "name": "SEIONI TPP",
        "type": "Power Plant (Coal)",
        "category": "Thermal/Power Industry",
        "capacity_mw": 600.0,
        "lat": 22.7355,
        "lon": 79.9123,
        "source": "WRI Power Database"
      }
    },
    {
      "type": "Feature",
      "geometry": {
        "type": "Point",
        "coordinates": [
          80.1443,
          14.351
        ]
      },
      "properties": {
        "name": "SEMBCORP GAYATRI",
        "type": "Power Plant (Coal)",
        "category": "Thermal/Power Industry",
        "capacity_mw": 1320.0,
        "lat": 14.351,
        "lon": 80.1443,
        "source": "WRI Power Database"
      }
    },
    {
      "type": "Feature",
      "geometry": {
        "type": "Point",
        "coordinates": [
          77.0309,
          9.976
        ]
      },
      "properties": {
        "name": "SENGULAM",
        "type": "Power Plant (Hydro)",
        "category": "Thermal/Power Industry",
        "capacity_mw": 48.0,
        "lat": 9.976,
        "lon": 77.0309,
        "source": "WRI Power Database"
      }
    },
    {
      "type": "Feature",
      "geometry": {
        "type": "Point",
        "coordinates": [
          77.3048,
          8.6895
        ]
      },
      "properties": {
        "name": "SERVALAR",
        "type": "Power Plant (Hydro)",
        "category": "Thermal/Power Industry",
        "capacity_mw": 20.0,
        "lat": 8.6895,
        "lon": 77.3048,
        "source": "WRI Power Database"
      }
    },
    {
      "type": "Feature",
      "geometry": {
        "type": "Point",
        "coordinates": [
          75.8215,
          32.6762
        ]
      },
      "properties": {
        "name": "SEWA-II",
        "type": "Power Plant (Hydro)",
        "category": "Thermal/Power Industry",
        "capacity_mw": 120.0,
        "lat": 32.6762,
        "lon": 75.8215,
        "source": "WRI Power Database"
      }
    },
    {
      "type": "Feature",
      "geometry": {
        "type": "Point",
        "coordinates": [
          75.9006,
          32.6029
        ]
      },
      "properties": {
        "name": "SEWA-III",
        "type": "Power Plant (Hydro)",
        "category": "Thermal/Power Industry",
        "capacity_mw": 9.0,
        "lat": 32.6029,
        "lon": 75.9006,
        "source": "WRI Power Database"
      }
    },
    {
      "type": "Feature",
      "geometry": {
        "type": "Point",
        "coordinates": [
          76.8072,
          31.9894
        ]
      },
      "properties": {
        "name": "SHANAN",
        "type": "Power Plant (Hydro)",
        "category": "Thermal/Power Industry",
        "capacity_mw": 110.0,
        "lat": 31.9894,
        "lon": 76.8072,
        "source": "WRI Power Database"
      }
    },
    {
      "type": "Feature",
      "geometry": {
        "type": "Point",
        "coordinates": [
          74.7673,
          14.2352
        ]
      },
      "properties": {
        "name": "SHARAVATHY",
        "type": "Power Plant (Hydro)",
        "category": "Thermal/Power Industry",
        "capacity_mw": 1035.0,
        "lat": 14.2352,
        "lon": 74.7673,
        "source": "WRI Power Database"
      }
    },
    {
      "type": "Feature",
      "geometry": {
        "type": "Point",
        "coordinates": [
          74.7673,
          14.2352
        ]
      },
      "properties": {
        "name": "SHARAVATHY TAIL RACE (Gerusupa)",
        "type": "Power Plant (Hydro)",
        "category": "Thermal/Power Industry",
        "capacity_mw": 240.0,
        "lat": 14.2352,
        "lon": 74.7673,
        "source": "WRI Power Database"
      }
    },
    {
      "type": "Feature",
      "geometry": {
        "type": "Point",
        "coordinates": [
          77.1906,
          12.3409
        ]
      },
      "properties": {
        "name": "SHIMSAPURA",
        "type": "Power Plant (Hydro)",
        "category": "Thermal/Power Industry",
        "capacity_mw": 17.2,
        "lat": 12.3409,
        "lon": 77.1906,
        "source": "WRI Power Database"
      }
    },
    {
      "type": "Feature",
      "geometry": {
        "type": "Point",
        "coordinates": [
          74.5854,
          16.7493
        ]
      },
      "properties": {
        "name": "SHIROL MILL",
        "type": "Power Plant (Biomass)",
        "category": "Thermal/Power Industry",
        "capacity_mw": 36.0,
        "lat": 16.7493,
        "lon": 74.5854,
        "source": "WRI Power Database"
      }
    },
    {
      "type": "Feature",
      "geometry": {
        "type": "Point",
        "coordinates": [
          76.7305,
          10.3046
        ]
      },
      "properties": {
        "name": "SHOLAYAR",
        "type": "Power Plant (Hydro)",
        "category": "Thermal/Power Industry",
        "capacity_mw": 54.0,
        "lat": 10.3046,
        "lon": 76.7305,
        "source": "WRI Power Database"
      }
    },
    {
      "type": "Feature",
      "geometry": {
        "type": "Point",
        "coordinates": [
          76.879,
          10.3575
        ]
      },
      "properties": {
        "name": "SHOLAYAR I&II",
        "type": "Power Plant (Hydro)",
        "category": "Thermal/Power Industry",
        "capacity_mw": 70.0,
        "lat": 10.3575,
        "lon": 76.879,
        "source": "WRI Power Database"
      }
    },
    {
      "type": "Feature",
      "geometry": {
        "type": "Point",
        "coordinates": [
          74.3858,
          26.0743
        ]
      },
      "properties": {
        "name": "SHREE MEGA POWER",
        "type": "Power Plant (Coal)",
        "category": "Thermal/Power Industry",
        "capacity_mw": 300.0,
        "lat": 26.0743,
        "lon": 74.3858,
        "source": "WRI Power Database"
      }
    },
    {
      "type": "Feature",
      "geometry": {
        "type": "Point",
        "coordinates": [
          74.7162,
          15.6933
        ]
      },
      "properties": {
        "name": "SHRI MALAPRABHA",
        "type": "Power Plant (Biomass)",
        "category": "Thermal/Power Industry",
        "capacity_mw": 22.0,
        "lat": 15.6933,
        "lon": 74.7162,
        "source": "WRI Power Database"
      }
    },
    {
      "type": "Feature",
      "geometry": {
        "type": "Point",
        "coordinates": [
          74.8405,
          17.8676
        ]
      },
      "properties": {
        "name": "SHRI SHANKAR",
        "type": "Power Plant (Biomass)",
        "category": "Thermal/Power Industry",
        "capacity_mw": 20.0,
        "lat": 17.8676,
        "lon": 74.8405,
        "source": "WRI Power Database"
      }
    },
    {
      "type": "Feature",
      "geometry": {
        "type": "Point",
        "coordinates": [
          75.8832,
          25.1296
        ]
      },
      "properties": {
        "name": "SHRIRAM RAYONS PLANT",
        "type": "Power Plant (Coal)",
        "category": "Thermal/Power Industry",
        "capacity_mw": 40.0,
        "lat": 25.1296,
        "lon": 75.8832,
        "source": "WRI Power Database"
      }
    },
    {
      "type": "Feature",
      "geometry": {
        "type": "Point",
        "coordinates": [
          74.2673,
          21.127
        ]
      },
      "properties": {
        "name": "SIIL Jaibhim Wind Farm",
        "type": "Power Plant (Wind)",
        "category": "Thermal/Power Industry",
        "capacity_mw": 33.6,
        "lat": 21.127,
        "lon": 74.2673,
        "source": "WRI Power Database"
      }
    },
    {
      "type": "Feature",
      "geometry": {
        "type": "Point",
        "coordinates": [
          69.8276,
          22.4208
        ]
      },
      "properties": {
        "name": "SIKKA REP.",
        "type": "Power Plant (Coal)",
        "category": "Thermal/Power Industry",
        "capacity_mw": 500.0,
        "lat": 22.4208,
        "lon": 69.8276,
        "source": "WRI Power Database"
      }
    },
    {
      "type": "Feature",
      "geometry": {
        "type": "Point",
        "coordinates": [
          83.0917,
          17.591
        ]
      },
      "properties": {
        "name": "SIMHADRI",
        "type": "Power Plant (Coal)",
        "category": "Thermal/Power Industry",
        "capacity_mw": 2000.0,
        "lat": 17.591,
        "lon": 83.0917,
        "source": "WRI Power Database"
      }
    },
    {
      "type": "Feature",
      "geometry": {
        "type": "Point",
        "coordinates": [
          80.0838,
          14.2133
        ]
      },
      "properties": {
        "name": "SIMHAPURI TPP",
        "type": "Power Plant (Coal)",
        "category": "Thermal/Power Industry",
        "capacity_mw": 600.0,
        "lat": 14.2133,
        "lon": 80.0838,
        "source": "WRI Power Database"
      }
    },
    {
      "type": "Feature",
      "geometry": {
        "type": "Point",
        "coordinates": [
          79.5748,
          18.8372
        ]
      },
      "properties": {
        "name": "SINGARENI TPP",
        "type": "Power Plant (Coal)",
        "category": "Thermal/Power Industry",
        "capacity_mw": 1200.0,
        "lat": 18.8372,
        "lon": 79.5748,
        "source": "WRI Power Database"
      }
    },
    {
      "type": "Feature",
      "geometry": {
        "type": "Point",
        "coordinates": [
          82.7068,
          24.1033
        ]
      },
      "properties": {
        "name": "SINGRAULI STPS",
        "type": "Power Plant (Coal)",
        "category": "Thermal/Power Industry",
        "capacity_mw": 2000.0,
        "lat": 24.1033,
        "lon": 82.7068,
        "source": "WRI Power Database"
      }
    },
    {
      "type": "Feature",
      "geometry": {
        "type": "Point",
        "coordinates": [
          78.0876,
          18.6609
        ]
      },
      "properties": {
        "name": "SINGUR",
        "type": "Power Plant (Hydro)",
        "category": "Thermal/Power Industry",
        "capacity_mw": 15.0,
        "lat": 18.6609,
        "lon": 78.0876,
        "source": "WRI Power Database"
      }
    },
    {
      "type": "Feature",
      "geometry": {
        "type": "Point",
        "coordinates": [
          82.293,
          22.13
        ]
      },
      "properties": {
        "name": "SIPAT STPS",
        "type": "Power Plant (Coal)",
        "category": "Thermal/Power Industry",
        "capacity_mw": 2980.0,
        "lat": 22.13,
        "lon": 82.293,
        "source": "WRI Power Database"
      }
    },
    {
      "type": "Feature",
      "geometry": {
        "type": "Point",
        "coordinates": [
          80.0407,
          16.8301
        ]
      },
      "properties": {
        "name": "SITAPURAM POWER LIMITED",
        "type": "Power Plant (Coal)",
        "category": "Thermal/Power Industry",
        "capacity_mw": 43.0,
        "lat": 16.8301,
        "lon": 80.0407,
        "source": "WRI Power Database"
      }
    },
    {
      "type": "Feature",
      "geometry": {
        "type": "Point",
        "coordinates": [
          77.165,
          12.3082
        ]
      },
      "properties": {
        "name": "SIVASAMUNDRUM",
        "type": "Power Plant (Hydro)",
        "category": "Thermal/Power Industry",
        "capacity_mw": 42.0,
        "lat": 12.3082,
        "lon": 77.165,
        "source": "WRI Power Database"
      }
    },
    {
      "type": "Feature",
      "geometry": {
        "type": "Point",
        "coordinates": [
          77.246,
          31.7537
        ]
      },
      "properties": {
        "name": "SOLAPUR STPP",
        "type": "Power Plant (Coal)",
        "category": "Thermal/Power Industry",
        "capacity_mw": 1320.0,
        "lat": 31.7537,
        "lon": 77.246,
        "source": "WRI Power Database"
      }
    },
    {
      "type": "Feature",
      "geometry": {
        "type": "Point",
        "coordinates": [
          74.8397,
          19.3804
        ]
      },
      "properties": {
        "name": "SONAI MILL",
        "type": "Power Plant (Biomass)",
        "category": "Thermal/Power Industry",
        "capacity_mw": 16.0,
        "lat": 19.3804,
        "lon": 74.8397,
        "source": "WRI Power Database"
      }
    },
    {
      "type": "Feature",
      "geometry": {
        "type": "Point",
        "coordinates": [
          88.2926,
          22.5488
        ]
      },
      "properties": {
        "name": "SOUTHERN REPL.",
        "type": "Power Plant (Coal)",
        "category": "Thermal/Power Industry",
        "capacity_mw": 135.0,
        "lat": 22.5488,
        "lon": 88.2926,
        "source": "WRI Power Database"
      }
    },
    {
      "type": "Feature",
      "geometry": {
        "type": "Point",
        "coordinates": [
          78.7924,
          30.2313
        ]
      },
      "properties": {
        "name": "SRINAGAR",
        "type": "Power Plant (Hydro)",
        "category": "Thermal/Power Industry",
        "capacity_mw": 330.0,
        "lat": 30.2313,
        "lon": 78.7924,
        "source": "WRI Power Database"
      }
    },
    {
      "type": "Feature",
      "geometry": {
        "type": "Point",
        "coordinates": [
          78.9007,
          16.0869
        ]
      },
      "properties": {
        "name": "SRISAILAM",
        "type": "Power Plant (Hydro)",
        "category": "Thermal/Power Industry",
        "capacity_mw": 770.0,
        "lat": 16.0869,
        "lon": 78.9007,
        "source": "WRI Power Database"
      }
    },
    {
      "type": "Feature",
      "geometry": {
        "type": "Point",
        "coordinates": [
          78.9118,
          16.0929
        ]
      },
      "properties": {
        "name": "SRISAILAM LBPH",
        "type": "Power Plant (Hydro)",
        "category": "Thermal/Power Industry",
        "capacity_mw": 900.0,
        "lat": 16.0929,
        "lon": 78.9118,
        "source": "WRI Power Database"
      }
    },
    {
      "type": "Feature",
      "geometry": {
        "type": "Point",
        "coordinates": [
          77.7142,
          33.9594
        ]
      },
      "properties": {
        "name": "STAKNA",
        "type": "Power Plant (Hydro)",
        "category": "Thermal/Power Industry",
        "capacity_mw": 4.0,
        "lat": 33.9594,
        "lon": 77.7142,
        "source": "WRI Power Database"
      }
    },
    {
      "type": "Feature",
      "geometry": {
        "type": "Point",
        "coordinates": [
          84.0404,
          21.8144
        ]
      },
      "properties": {
        "name": "STERLITE TPP",
        "type": "Power Plant (Coal)",
        "category": "Thermal/Power Industry",
        "capacity_mw": 600.0,
        "lat": 21.8144,
        "lon": 84.0404,
        "source": "WRI Power Database"
      }
    },
    {
      "type": "Feature",
      "geometry": {
        "type": "Point",
        "coordinates": [
          85.555,
          23.457
        ]
      },
      "properties": {
        "name": "SUBERNREKHA I&II",
        "type": "Power Plant (Hydro)",
        "category": "Thermal/Power Industry",
        "capacity_mw": 130.0,
        "lat": 23.457,
        "lon": 85.555,
        "source": "WRI Power Database"
      }
    },
    {
      "type": "Feature",
      "geometry": {
        "type": "Point",
        "coordinates": [
          72.9889,
          21.3395
        ]
      },
      "properties": {
        "name": "SUGEN CCCP",
        "type": "Power Plant (Gas)",
        "category": "Thermal/Power Industry",
        "capacity_mw": 1147.5,
        "lat": 21.3395,
        "lon": 72.9889,
        "source": "WRI Power Database"
      }
    },
    {
      "type": "Feature",
      "geometry": {
        "type": "Point",
        "coordinates": [
          73.106,
          21.397
        ]
      },
      "properties": {
        "name": "SURAT LIG.",
        "type": "Power Plant (Coal)",
        "category": "Thermal/Power Industry",
        "capacity_mw": 500.0,
        "lat": 21.397,
        "lon": 73.106,
        "source": "WRI Power Database"
      }
    },
    {
      "type": "Feature",
      "geometry": {
        "type": "Point",
        "coordinates": [
          74.0202,
          29.179
        ]
      },
      "properties": {
        "name": "SURATGARH",
        "type": "Power Plant (Coal)",
        "category": "Thermal/Power Industry",
        "capacity_mw": 1500.0,
        "lat": 29.179,
        "lon": 74.0202,
        "source": "WRI Power Database"
      }
    },
    {
      "type": "Feature",
      "geometry": {
        "type": "Point",
        "coordinates": [
          77.2726,
          9.62
        ]
      },
      "properties": {
        "name": "SURULIYAR",
        "type": "Power Plant (Hydro)",
        "category": "Thermal/Power Industry",
        "capacity_mw": 35.0,
        "lat": 9.62,
        "lon": 77.2726,
        "source": "WRI Power Database"
      }
    },
    {
      "type": "Feature",
      "geometry": {
        "type": "Point",
        "coordinates": [
          73.0575,
          19.9214
        ]
      },
      "properties": {
        "name": "SURYA",
        "type": "Power Plant (Hydro)",
        "category": "Thermal/Power Industry",
        "capacity_mw": 6.0,
        "lat": 19.9214,
        "lon": 73.0575,
        "source": "WRI Power Database"
      }
    },
    {
      "type": "Feature",
      "geometry": {
        "type": "Point",
        "coordinates": [
          82.5257,
          22.2915
        ]
      },
      "properties": {
        "name": "SVPL",
        "type": "Power Plant (Coal)",
        "category": "Thermal/Power Industry",
        "capacity_mw": 63.0,
        "lat": 22.2915,
        "lon": 82.5257,
        "source": "WRI Power Database"
      }
    },
    {
      "type": "Feature",
      "geometry": {
        "type": "Point",
        "coordinates": [
          82.7047,
          22.3005
        ]
      },
      "properties": {
        "name": "SWASTIK KORBA",
        "type": "Power Plant (Coal)",
        "category": "Thermal/Power Industry",
        "capacity_mw": 25.0,
        "lat": 22.3005,
        "lon": 82.7047,
        "source": "WRI Power Database"
      }
    },
    {
      "type": "Feature",
      "geometry": {
        "type": "Point",
        "coordinates": [
          77.6271,
          8.823
        ]
      },
      "properties": {
        "name": "SWPPL Madhavakurichi",
        "type": "Power Plant (Wind)",
        "category": "Thermal/Power Industry",
        "capacity_mw": 10.5,
        "lat": 8.823,
        "lon": 77.6271,
        "source": "WRI Power Database"
      }
    },
    {
      "type": "Feature",
      "geometry": {
        "type": "Point",
        "coordinates": [
          77.3199,
          10.8166
        ]
      },
      "properties": {
        "name": "SWPPL Manurpalayam",
        "type": "Power Plant (Wind)",
        "category": "Thermal/Power Industry",
        "capacity_mw": 21.0,
        "lat": 10.8166,
        "lon": 77.3199,
        "source": "WRI Power Database"
      }
    },
    {
      "type": "Feature",
      "geometry": {
        "type": "Point",
        "coordinates": [
          77.591,
          9.0782
        ]
      },
      "properties": {
        "name": "SWPPL Vadakkupanavadali",
        "type": "Power Plant (Wind)",
        "category": "Thermal/Power Industry",
        "capacity_mw": 10.5,
        "lat": 9.0782,
        "lon": 77.591,
        "source": "WRI Power Database"
      }
    },
    {
      "type": "Feature",
      "geometry": {
        "type": "Point",
        "coordinates": [
          77.803,
          17.7
        ]
      },
      "properties": {
        "name": "Sadashivpet Acme",
        "type": "Power Plant (Solar)",
        "category": "Thermal/Power Industry",
        "capacity_mw": 50.0,
        "lat": 17.7,
        "lon": 77.803,
        "source": "WRI Power Database"
      }
    },
    {
      "type": "Feature",
      "geometry": {
        "type": "Point",
        "coordinates": [
          77.885,
          17.584
        ]
      },
      "properties": {
        "name": "Sadashivpet ES",
        "type": "Power Plant (Solar)",
        "category": "Thermal/Power Industry",
        "capacity_mw": 50.0,
        "lat": 17.584,
        "lon": 77.885,
        "source": "WRI Power Database"
      }
    },
    {
      "type": "Feature",
      "geometry": {
        "type": "Point",
        "coordinates": [
          77.866,
          17.662
        ]
      },
      "properties": {
        "name": "Sadashivpet Karvy",
        "type": "Power Plant (Solar)",
        "category": "Thermal/Power Industry",
        "capacity_mw": 20.0,
        "lat": 17.662,
        "lon": 77.866,
        "source": "WRI Power Database"
      }
    },
    {
      "type": "Feature",
      "geometry": {
        "type": "Point",
        "coordinates": [
          77.966,
          17.542
        ]
      },
      "properties": {
        "name": "Sadashivpet Renew",
        "type": "Power Plant (Solar)",
        "category": "Thermal/Power Industry",
        "capacity_mw": 24.0,
        "lat": 17.542,
        "lon": 77.966,
        "source": "WRI Power Database"
      }
    },
    {
      "type": "Feature",
      "geometry": {
        "type": "Point",
        "coordinates": [
          83.4538,
          20.731
        ]
      },
      "properties": {
        "name": "Sadeipali - ASPL Solar Power Plant",
        "type": "Power Plant (Solar)",
        "category": "Thermal/Power Industry",
        "capacity_mw": 5.0,
        "lat": 20.731,
        "lon": 83.4538,
        "source": "WRI Power Database"
      }
    },
    {
      "type": "Feature",
      "geometry": {
        "type": "Point",
        "coordinates": [
          83.4632,
          20.7325
        ]
      },
      "properties": {
        "name": "Sadeipali - REHPL Solar Power Plant",
        "type": "Power Plant (Solar)",
        "category": "Thermal/Power Industry",
        "capacity_mw": 1.0,
        "lat": 20.7325,
        "lon": 83.4632,
        "source": "WRI Power Database"
      }
    },
    {
      "type": "Feature",
      "geometry": {
        "type": "Point",
        "coordinates": [
          83.48,
          20.75
        ]
      },
      "properties": {
        "name": "Sadipali IBC",
        "type": "Power Plant (Solar)",
        "category": "Thermal/Power Industry",
        "capacity_mw": 20.0,
        "lat": 20.75,
        "lon": 83.48,
        "source": "WRI Power Database"
      }
    },
    {
      "type": "Feature",
      "geometry": {
        "type": "Point",
        "coordinates": [
          77.013,
          17.793
        ]
      },
      "properties": {
        "name": "Sadlapur",
        "type": "Power Plant (Solar)",
        "category": "Thermal/Power Industry",
        "capacity_mw": 50.0,
        "lat": 17.793,
        "lon": 77.013,
        "source": "WRI Power Database"
      }
    },
    {
      "type": "Feature",
      "geometry": {
        "type": "Point",
        "coordinates": [
          77.3841,
          10.9262
        ]
      },
      "properties": {
        "name": "Sai Sulphonates Wind Mill",
        "type": "Power Plant (Wind)",
        "category": "Thermal/Power Industry",
        "capacity_mw": 1.5,
        "lat": 10.9262,
        "lon": 77.3841,
        "source": "WRI Power Database"
      }
    },
    {
      "type": "Feature",
      "geometry": {
        "type": "Point",
        "coordinates": [
          74.3862,
          21.0726
        ]
      },
      "properties": {
        "name": "Sakri 1A Solar Power Plant",
        "type": "Power Plant (Solar)",
        "category": "Thermal/Power Industry",
        "capacity_mw": 100.0,
        "lat": 21.0726,
        "lon": 74.3862,
        "source": "WRI Power Database"
      }
    },
    {
      "type": "Feature",
      "geometry": {
        "type": "Point",
        "coordinates": [
          74.3529,
          21.0864
        ]
      },
      "properties": {
        "name": "Sakri 1B Solar Power Plant",
        "type": "Power Plant (Solar)",
        "category": "Thermal/Power Industry",
        "capacity_mw": 25.0,
        "lat": 21.0864,
        "lon": 74.3529,
        "source": "WRI Power Database"
      }
    },
    {
      "type": "Feature",
      "geometry": {
        "type": "Point",
        "coordinates": [
          79.032,
          17.903
        ]
      },
      "properties": {
        "name": "Salakpur",
        "type": "Power Plant (Solar)",
        "category": "Thermal/Power Industry",
        "capacity_mw": 11.0,
        "lat": 17.903,
        "lon": 79.032,
        "source": "WRI Power Database"
      }
    },
    {
      "type": "Feature",
      "geometry": {
        "type": "Point",
        "coordinates": [
          87.285,
          22.605
        ]
      },
      "properties": {
        "name": "Salboni OCL",
        "type": "Power Plant (Solar)",
        "category": "Thermal/Power Industry",
        "capacity_mw": 5.5,
        "lat": 22.605,
        "lon": 87.285,
        "source": "WRI Power Database"
      }
    },
    {
      "type": "Feature",
      "geometry": {
        "type": "Point",
        "coordinates": [
          87.265,
          22.585
        ]
      },
      "properties": {
        "name": "Salboni WBSEDCL",
        "type": "Power Plant (Solar)",
        "category": "Thermal/Power Industry",
        "capacity_mw": 10.0,
        "lat": 22.585,
        "lon": 87.265,
        "source": "WRI Power Database"
      }
    },
    {
      "type": "Feature",
      "geometry": {
        "type": "Point",
        "coordinates": [
          82.484,
          21.12
        ]
      },
      "properties": {
        "name": "Salhebhantha",
        "type": "Power Plant (Solar)",
        "category": "Thermal/Power Industry",
        "capacity_mw": 30.0,
        "lat": 21.12,
        "lon": 82.484,
        "source": "WRI Power Database"
      }
    },
    {
      "type": "Feature",
      "geometry": {
        "type": "Point",
        "coordinates": [
          74.32,
          21.07
        ]
      },
      "properties": {
        "name": "Saltek-Bhamer",
        "type": "Power Plant (Solar)",
        "category": "Thermal/Power Industry",
        "capacity_mw": 70.0,
        "lat": 21.07,
        "lon": 74.32,
        "source": "WRI Power Database"
      }
    },
    {
      "type": "Feature",
      "geometry": {
        "type": "Point",
        "coordinates": [
          77.89,
          11.665
        ]
      },
      "properties": {
        "name": "Samudram",
        "type": "Power Plant (Solar)",
        "category": "Thermal/Power Industry",
        "capacity_mw": 39.0,
        "lat": 11.665,
        "lon": 77.89,
        "source": "WRI Power Database"
      }
    },
    {
      "type": "Feature",
      "geometry": {
        "type": "Point",
        "coordinates": [
          75.7767,
          29.9611
        ]
      },
      "properties": {
        "name": "Sangatpura Solar Power Plant",
        "type": "Power Plant (Solar)",
        "category": "Thermal/Power Industry",
        "capacity_mw": 10.0,
        "lat": 29.9611,
        "lon": 75.7767,
        "source": "WRI Power Database"
      }
    },
    {
      "type": "Feature",
      "geometry": {
        "type": "Point",
        "coordinates": [
          86.475,
          23.56
        ]
      },
      "properties": {
        "name": "Santaldih",
        "type": "Power Plant (Solar)",
        "category": "Thermal/Power Industry",
        "capacity_mw": 10.0,
        "lat": 23.56,
        "lon": 86.475,
        "source": "WRI Power Database"
      }
    },
    {
      "type": "Feature",
      "geometry": {
        "type": "Point",
        "coordinates": [
          72.4528,
          23.1394
        ]
      },
      "properties": {
        "name": "Santej",
        "type": "Power Plant (Solar)",
        "category": "Thermal/Power Industry",
        "capacity_mw": 16.2,
        "lat": 23.1394,
        "lon": 72.4528,
        "source": "WRI Power Database"
      }
    },
    {
      "type": "Feature",
      "geometry": {
        "type": "Point",
        "coordinates": [
          77.425,
          18.17
        ]
      },
      "properties": {
        "name": "Santhpur PCIL",
        "type": "Power Plant (Solar)",
        "category": "Thermal/Power Industry",
        "capacity_mw": 40.0,
        "lat": 18.17,
        "lon": 77.425,
        "source": "WRI Power Database"
      }
    },
    {
      "type": "Feature",
      "geometry": {
        "type": "Point",
        "coordinates": [
          77.423,
          18.147
        ]
      },
      "properties": {
        "name": "Santhpur Sharda",
        "type": "Power Plant (Solar)",
        "category": "Thermal/Power Industry",
        "capacity_mw": 6.0,
        "lat": 18.147,
        "lon": 77.423,
        "source": "WRI Power Database"
      }
    },
    {
      "type": "Feature",
      "geometry": {
        "type": "Point",
        "coordinates": [
          72.25,
          26.98
        ]
      },
      "properties": {
        "name": "Sanwreej JWE",
        "type": "Power Plant (Solar)",
        "category": "Thermal/Power Industry",
        "capacity_mw": 20.0,
        "lat": 26.98,
        "lon": 72.25,
        "source": "WRI Power Database"
      }
    },
    {
      "type": "Feature",
      "geometry": {
        "type": "Point",
        "coordinates": [
          74.761,
          30.219
        ]
      },
      "properties": {
        "name": "Sardargarh",
        "type": "Power Plant (Solar)",
        "category": "Thermal/Power Industry",
        "capacity_mw": 100.0,
        "lat": 30.219,
        "lon": 74.761,
        "source": "WRI Power Database"
      }
    },
    {
      "type": "Feature",
      "geometry": {
        "type": "Point",
        "coordinates": [
          70.943,
          27.697
        ]
      },
      "properties": {
        "name": "Sarkari Tala",
        "type": "Power Plant (Solar)",
        "category": "Thermal/Power Industry",
        "capacity_mw": 5.0,
        "lat": 27.697,
        "lon": 70.943,
        "source": "WRI Power Database"
      }
    },
    {
      "type": "Feature",
      "geometry": {
        "type": "Point",
        "coordinates": [
          73.9096,
          17.2387
        ]
      },
      "properties": {
        "name": "Satara Wind Farm",
        "type": "Power Plant (Wind)",
        "category": "Thermal/Power Industry",
        "capacity_mw": 100.0,
        "lat": 17.2387,
        "lon": 73.9096,
        "source": "WRI Power Database"
      }
    },
    {
      "type": "Feature",
      "geometry": {
        "type": "Point",
        "coordinates": [
          78.003,
          9.41
        ]
      },
      "properties": {
        "name": "Sattur",
        "type": "Power Plant (Solar)",
        "category": "Thermal/Power Industry",
        "capacity_mw": 50.0,
        "lat": 9.41,
        "lon": 78.003,
        "source": "WRI Power Database"
      }
    },
    {
      "type": "Feature",
      "geometry": {
        "type": "Point",
        "coordinates": [
          76.811,
          16.521
        ]
      },
      "properties": {
        "name": "Satyampet",
        "type": "Power Plant (Solar)",
        "category": "Thermal/Power Industry",
        "capacity_mw": 10.0,
        "lat": 16.521,
        "lon": 76.811,
        "source": "WRI Power Database"
      }
    },
    {
      "type": "Feature",
      "geometry": {
        "type": "Point",
        "coordinates": [
          71.782,
          23.26
        ]
      },
      "properties": {
        "name": "Savda",
        "type": "Power Plant (Solar)",
        "category": "Thermal/Power Industry",
        "capacity_mw": 25.0,
        "lat": 23.26,
        "lon": 71.782,
        "source": "WRI Power Database"
      }
    },
    {
      "type": "Feature",
      "geometry": {
        "type": "Point",
        "coordinates": [
          76.77,
          19.21
        ]
      },
      "properties": {
        "name": "Sayala",
        "type": "Power Plant (Solar)",
        "category": "Thermal/Power Industry",
        "capacity_mw": 20.0,
        "lat": 19.21,
        "lon": 76.77,
        "source": "WRI Power Database"
      }
    },
    {
      "type": "Feature",
      "geometry": {
        "type": "Point",
        "coordinates": [
          77.49,
          13.935
        ]
      },
      "properties": {
        "name": "Seegipalle",
        "type": "Power Plant (Solar)",
        "category": "Thermal/Power Industry",
        "capacity_mw": 50.0,
        "lat": 13.935,
        "lon": 77.49,
        "source": "WRI Power Database"
      }
    },
    {
      "type": "Feature",
      "geometry": {
        "type": "Point",
        "coordinates": [
          77.0701,
          16.5614
        ]
      },
      "properties": {
        "name": "Shahpur KA",
        "type": "Power Plant (Solar)",
        "category": "Thermal/Power Industry",
        "capacity_mw": 20.0,
        "lat": 16.5614,
        "lon": 77.0701,
        "source": "WRI Power Database"
      }
    },
    {
      "type": "Feature",
      "geometry": {
        "type": "Point",
        "coordinates": [
          77.935,
          16.544
        ]
      },
      "properties": {
        "name": "Shakhapur",
        "type": "Power Plant (Solar)",
        "category": "Thermal/Power Industry",
        "capacity_mw": 100.0,
        "lat": 16.544,
        "lon": 77.935,
        "source": "WRI Power Database"
      }
    },
    {
      "type": "Feature",
      "geometry": {
        "type": "Point",
        "coordinates": [
          78.417,
          18.062
        ]
      },
      "properties": {
        "name": "Shankapur",
        "type": "Power Plant (Solar)",
        "category": "Thermal/Power Industry",
        "capacity_mw": 5.0,
        "lat": 18.062,
        "lon": 78.417,
        "source": "WRI Power Database"
      }
    },
    {
      "type": "Feature",
      "geometry": {
        "type": "Point",
        "coordinates": [
          73.0562,
          28.0292
        ]
      },
      "properties": {
        "name": "Sharah Bhiyanimani RP",
        "type": "Power Plant (Solar)",
        "category": "Thermal/Power Industry",
        "capacity_mw": 5.0,
        "lat": 28.0292,
        "lon": 73.0562,
        "source": "WRI Power Database"
      }
    },
    {
      "type": "Feature",
      "geometry": {
        "type": "Point",
        "coordinates": [
          73.061,
          28.023
        ]
      },
      "properties": {
        "name": "Sharah Bhiyanimani RR",
        "type": "Power Plant (Solar)",
        "category": "Thermal/Power Industry",
        "capacity_mw": 10.0,
        "lat": 28.023,
        "lon": 73.061,
        "source": "WRI Power Database"
      }
    },
    {
      "type": "Feature",
      "geometry": {
        "type": "Point",
        "coordinates": [
          73.0606,
          28.029
        ]
      },
      "properties": {
        "name": "Sharah Bhiyanimani RSMM",
        "type": "Power Plant (Solar)",
        "category": "Thermal/Power Industry",
        "capacity_mw": 5.0,
        "lat": 28.029,
        "lon": 73.0606,
        "source": "WRI Power Database"
      }
    },
    {
      "type": "Feature",
      "geometry": {
        "type": "Point",
        "coordinates": [
          72.995,
          27.966
        ]
      },
      "properties": {
        "name": "Sharah Kishnayat JMIP",
        "type": "Power Plant (Solar)",
        "category": "Thermal/Power Industry",
        "capacity_mw": 5.0,
        "lat": 27.966,
        "lon": 72.995,
        "source": "WRI Power Database"
      }
    },
    {
      "type": "Feature",
      "geometry": {
        "type": "Point",
        "coordinates": [
          73.3094,
          23.3045
        ]
      },
      "properties": {
        "name": "Sherdi Sharkhandi",
        "type": "Power Plant (Solar)",
        "category": "Thermal/Power Industry",
        "capacity_mw": 5.0,
        "lat": 23.3045,
        "lon": 73.3094,
        "source": "WRI Power Database"
      }
    },
    {
      "type": "Feature",
      "geometry": {
        "type": "Point",
        "coordinates": [
          84.851,
          24.574
        ]
      },
      "properties": {
        "name": "Sherghati",
        "type": "Power Plant (Solar)",
        "category": "Thermal/Power Industry",
        "capacity_mw": 10.0,
        "lat": 24.574,
        "lon": 84.851,
        "source": "WRI Power Database"
      }
    },
    {
      "type": "Feature",
      "geometry": {
        "type": "Point",
        "coordinates": [
          77.715,
          8.917
        ]
      },
      "properties": {
        "name": "Shezhilanallur",
        "type": "Power Plant (Solar)",
        "category": "Thermal/Power Industry",
        "capacity_mw": 100.0,
        "lat": 8.917,
        "lon": 77.715,
        "source": "WRI Power Database"
      }
    },
    {
      "type": "Feature",
      "geometry": {
        "type": "Point",
        "coordinates": [
          75.194,
          15.028
        ]
      },
      "properties": {
        "name": "Shiggaon",
        "type": "Power Plant (Solar)",
        "category": "Thermal/Power Industry",
        "capacity_mw": 20.0,
        "lat": 15.028,
        "lon": 75.194,
        "source": "WRI Power Database"
      }
    },
    {
      "type": "Feature",
      "geometry": {
        "type": "Point",
        "coordinates": [
          71.0063,
          20.8183
        ]
      },
      "properties": {
        "name": "Shiloj Solar Power Plant",
        "type": "Power Plant (Solar)",
        "category": "Thermal/Power Industry",
        "capacity_mw": 10.0,
        "lat": 20.8183,
        "lon": 71.0063,
        "source": "WRI Power Database"
      }
    },
    {
      "type": "Feature",
      "geometry": {
        "type": "Point",
        "coordinates": [
          73.4235,
          23.497
        ]
      },
      "properties": {
        "name": "Shinawad",
        "type": "Power Plant (Solar)",
        "category": "Thermal/Power Industry",
        "capacity_mw": 5.0,
        "lat": 23.497,
        "lon": 73.4235,
        "source": "WRI Power Database"
      }
    },
    {
      "type": "Feature",
      "geometry": {
        "type": "Point",
        "coordinates": [
          75.565,
          15.225
        ]
      },
      "properties": {
        "name": "Shirahatti",
        "type": "Power Plant (Solar)",
        "category": "Thermal/Power Industry",
        "capacity_mw": 20.0,
        "lat": 15.225,
        "lon": 75.565,
        "source": "WRI Power Database"
      }
    },
    {
      "type": "Feature",
      "geometry": {
        "type": "Point",
        "coordinates": [
          75.781,
          17.4999
        ]
      },
      "properties": {
        "name": "Shirsoli Solar Power Plant",
        "type": "Power Plant (Solar)",
        "category": "Thermal/Power Industry",
        "capacity_mw": 8.5,
        "lat": 17.4999,
        "lon": 75.781,
        "source": "WRI Power Database"
      }
    },
    {
      "type": "Feature",
      "geometry": {
        "type": "Point",
        "coordinates": [
          74.568,
          18.316
        ]
      },
      "properties": {
        "name": "Shirsuphal",
        "type": "Power Plant (Solar)",
        "category": "Thermal/Power Industry",
        "capacity_mw": 52.0,
        "lat": 18.316,
        "lon": 74.568,
        "source": "WRI Power Database"
      }
    },
    {
      "type": "Feature",
      "geometry": {
        "type": "Point",
        "coordinates": [
          77.305,
          18.685
        ]
      },
      "properties": {
        "name": "Shirur",
        "type": "Power Plant (Solar)",
        "category": "Thermal/Power Industry",
        "capacity_mw": 20.0,
        "lat": 18.685,
        "lon": 77.305,
        "source": "WRI Power Database"
      }
    },
    {
      "type": "Feature",
      "geometry": {
        "type": "Point",
        "coordinates": [
          74.745,
          20.93
        ]
      },
      "properties": {
        "name": "Shivaji Nagar",
        "type": "Power Plant (Solar)",
        "category": "Thermal/Power Industry",
        "capacity_mw": 5.0,
        "lat": 20.93,
        "lon": 74.745,
        "source": "WRI Power Database"
      }
    },
    {
      "type": "Feature",
      "geometry": {
        "type": "Point",
        "coordinates": [
          77.1638,
          12.3003
        ]
      },
      "properties": {
        "name": "Shivasamundra Solar Power Plant",
        "type": "Power Plant (Solar)",
        "category": "Thermal/Power Industry",
        "capacity_mw": 5.0,
        "lat": 12.3003,
        "lon": 77.1638,
        "source": "WRI Power Database"
      }
    },
    {
      "type": "Feature",
      "geometry": {
        "type": "Point",
        "coordinates": [
          70.6206,
          23.3585
        ]
      },
      "properties": {
        "name": "Shivlakha - Backbone Solar Power Plant",
        "type": "Power Plant (Solar)",
        "category": "Thermal/Power Industry",
        "capacity_mw": 5.0,
        "lat": 23.3585,
        "lon": 70.6206,
        "source": "WRI Power Database"
      }
    },
    {
      "type": "Feature",
      "geometry": {
        "type": "Point",
        "coordinates": [
          70.6146,
          23.383
        ]
      },
      "properties": {
        "name": "Shivlakha - CPEC Solar Power Plant",
        "type": "Power Plant (Solar)",
        "category": "Thermal/Power Industry",
        "capacity_mw": 5.0,
        "lat": 23.383,
        "lon": 70.6146,
        "source": "WRI Power Database"
      }
    },
    {
      "type": "Feature",
      "geometry": {
        "type": "Point",
        "coordinates": [
          70.6268,
          23.3654
        ]
      },
      "properties": {
        "name": "Shivlakha - Konark Solar Power Plant",
        "type": "Power Plant (Solar)",
        "category": "Thermal/Power Industry",
        "capacity_mw": 5.0,
        "lat": 23.3654,
        "lon": 70.6268,
        "source": "WRI Power Database"
      }
    },
    {
      "type": "Feature",
      "geometry": {
        "type": "Point",
        "coordinates": [
          70.618,
          23.356
        ]
      },
      "properties": {
        "name": "Shivlakha Backbone II",
        "type": "Power Plant (Solar)",
        "category": "Thermal/Power Industry",
        "capacity_mw": 10.0,
        "lat": 23.356,
        "lon": 70.618,
        "source": "WRI Power Database"
      }
    },
    {
      "type": "Feature",
      "geometry": {
        "type": "Point",
        "coordinates": [
          73.9074,
          19.845
        ]
      },
      "properties": {
        "name": "Shree Nashik Wind Farm",
        "type": "Power Plant (Wind)",
        "category": "Thermal/Power Industry",
        "capacity_mw": 10.5,
        "lat": 19.845,
        "lon": 73.9074,
        "source": "WRI Power Database"
      }
    },
    {
      "type": "Feature",
      "geometry": {
        "type": "Point",
        "coordinates": [
          74.631,
          17.3031
        ]
      },
      "properties": {
        "name": "Shree Sangli Wind Farm",
        "type": "Power Plant (Wind)",
        "category": "Thermal/Power Industry",
        "capacity_mw": 16.5,
        "lat": 17.3031,
        "lon": 74.631,
        "source": "WRI Power Database"
      }
    },
    {
      "type": "Feature",
      "geometry": {
        "type": "Point",
        "coordinates": [
          74.3386,
          17.5724
        ]
      },
      "properties": {
        "name": "Shree Southern Wind Farm",
        "type": "Power Plant (Wind)",
        "category": "Thermal/Power Industry",
        "capacity_mw": 2.25,
        "lat": 17.5724,
        "lon": 74.3386,
        "source": "WRI Power Database"
      }
    },
    {
      "type": "Feature",
      "geometry": {
        "type": "Point",
        "coordinates": [
          76.5317,
          22.0971
        ]
      },
      "properties": {
        "name": "Shri Singaji MALWA TPP",
        "type": "Power Plant (Coal)",
        "category": "Thermal/Power Industry",
        "capacity_mw": 2520.0,
        "lat": 22.0971,
        "lon": 76.5317,
        "source": "WRI Power Database"
      }
    },
    {
      "type": "Feature",
      "geometry": {
        "type": "Point",
        "coordinates": [
          75.545,
          16.915
        ]
      },
      "properties": {
        "name": "Siddapur",
        "type": "Power Plant (Solar)",
        "category": "Thermal/Power Industry",
        "capacity_mw": 40.0,
        "lat": 16.915,
        "lon": 75.545,
        "source": "WRI Power Database"
      }
    },
    {
      "type": "Feature",
      "geometry": {
        "type": "Point",
        "coordinates": [
          78.995,
          18.225
        ]
      },
      "properties": {
        "name": "Siddipet Sky",
        "type": "Power Plant (Solar)",
        "category": "Thermal/Power Industry",
        "capacity_mw": 50.0,
        "lat": 18.225,
        "lon": 78.995,
        "source": "WRI Power Database"
      }
    },
    {
      "type": "Feature",
      "geometry": {
        "type": "Point",
        "coordinates": [
          76.225,
          16.93
        ]
      },
      "properties": {
        "name": "Sindagi",
        "type": "Power Plant (Solar)",
        "category": "Thermal/Power Industry",
        "capacity_mw": 15.0,
        "lat": 16.93,
        "lon": 76.225,
        "source": "WRI Power Database"
      }
    },
    {
      "type": "Feature",
      "geometry": {
        "type": "Point",
        "coordinates": [
          76.845,
          15.775
        ]
      },
      "properties": {
        "name": "Sindhanur",
        "type": "Power Plant (Solar)",
        "category": "Thermal/Power Industry",
        "capacity_mw": 30.0,
        "lat": 15.775,
        "lon": 76.845,
        "source": "WRI Power Database"
      }
    },
    {
      "type": "Feature",
      "geometry": {
        "type": "Point",
        "coordinates": [
          82.6415,
          24.1185
        ]
      },
      "properties": {
        "name": "Singrauli Solar Power Plant",
        "type": "Power Plant (Solar)",
        "category": "Thermal/Power Industry",
        "capacity_mw": 15.0,
        "lat": 24.1185,
        "lon": 82.6415,
        "source": "WRI Power Database"
      }
    },
    {
      "type": "Feature",
      "geometry": {
        "type": "Point",
        "coordinates": [
          78.892,
          18.302
        ]
      },
      "properties": {
        "name": "Sircilla Acme",
        "type": "Power Plant (Solar)",
        "category": "Thermal/Power Industry",
        "capacity_mw": 30.0,
        "lat": 18.302,
        "lon": 78.892,
        "source": "WRI Power Database"
      }
    },
    {
      "type": "Feature",
      "geometry": {
        "type": "Point",
        "coordinates": [
          76.911,
          15.51
        ]
      },
      "properties": {
        "name": "Siruguppa",
        "type": "Power Plant (Solar)",
        "category": "Thermal/Power Industry",
        "capacity_mw": 20.0,
        "lat": 15.51,
        "lon": 76.911,
        "source": "WRI Power Database"
      }
    },
    {
      "type": "Feature",
      "geometry": {
        "type": "Point",
        "coordinates": [
          78.4487,
          9.8043
        ]
      },
      "properties": {
        "name": "Sivaganga Solar Power Plant",
        "type": "Power Plant (Solar)",
        "category": "Thermal/Power Industry",
        "capacity_mw": 5.0,
        "lat": 9.8043,
        "lon": 78.4487,
        "source": "WRI Power Database"
      }
    },
    {
      "type": "Feature",
      "geometry": {
        "type": "Point",
        "coordinates": [
          71.9324,
          23.9116
        ]
      },
      "properties": {
        "name": "Solitaire Solar Power Plant",
        "type": "Power Plant (Solar)",
        "category": "Thermal/Power Industry",
        "capacity_mw": 15.0,
        "lat": 23.9116,
        "lon": 71.9324,
        "source": "WRI Power Database"
      }
    },
    {
      "type": "Feature",
      "geometry": {
        "type": "Point",
        "coordinates": [
          78.995,
          17.718
        ]
      },
      "properties": {
        "name": "Somaram A",
        "type": "Power Plant (Solar)",
        "category": "Thermal/Power Industry",
        "capacity_mw": 20.0,
        "lat": 17.718,
        "lon": 78.995,
        "source": "WRI Power Database"
      }
    },
    {
      "type": "Feature",
      "geometry": {
        "type": "Point",
        "coordinates": [
          78.978,
          17.723
        ]
      },
      "properties": {
        "name": "Somaram B",
        "type": "Power Plant (Solar)",
        "category": "Thermal/Power Industry",
        "capacity_mw": 20.0,
        "lat": 17.723,
        "lon": 78.978,
        "source": "WRI Power Database"
      }
    },
    {
      "type": "Feature",
      "geometry": {
        "type": "Point",
        "coordinates": [
          79.019,
          17.713
        ]
      },
      "properties": {
        "name": "Somaram C",
        "type": "Power Plant (Solar)",
        "category": "Thermal/Power Industry",
        "capacity_mw": 17.6,
        "lat": 17.713,
        "lon": 79.019,
        "source": "WRI Power Database"
      }
    },
    {
      "type": "Feature",
      "geometry": {
        "type": "Point",
        "coordinates": [
          78.304,
          18.257
        ]
      },
      "properties": {
        "name": "Somaram F",
        "type": "Power Plant (Solar)",
        "category": "Thermal/Power Industry",
        "capacity_mw": 20.0,
        "lat": 18.257,
        "lon": 78.304,
        "source": "WRI Power Database"
      }
    },
    {
      "type": "Feature",
      "geometry": {
        "type": "Point",
        "coordinates": [
          70.6958,
          27.2081
        ]
      },
      "properties": {
        "name": "Sonu Wind Farm",
        "type": "Power Plant (Wind)",
        "category": "Thermal/Power Industry",
        "capacity_mw": 8.4,
        "lat": 27.2081,
        "lon": 70.6958,
        "source": "WRI Power Database"
      }
    },
    {
      "type": "Feature",
      "geometry": {
        "type": "Point",
        "coordinates": [
          78.365,
          13.369
        ]
      },
      "properties": {
        "name": "Srinivasapura",
        "type": "Power Plant (Solar)",
        "category": "Thermal/Power Industry",
        "capacity_mw": 20.0,
        "lat": 13.369,
        "lon": 78.365,
        "source": "WRI Power Database"
      }
    },
    {
      "type": "Feature",
      "geometry": {
        "type": "Point",
        "coordinates": [
          71.4364,
          22.7257
        ]
      },
      "properties": {
        "name": "Sujangadh",
        "type": "Power Plant (Solar)",
        "category": "Thermal/Power Industry",
        "capacity_mw": 25.0,
        "lat": 22.7257,
        "lon": 71.4364,
        "source": "WRI Power Database"
      }
    },
    {
      "type": "Feature",
      "geometry": {
        "type": "Point",
        "coordinates": [
          70.7262,
          23.2414
        ]
      },
      "properties": {
        "name": "Sumilon Shikarpur Wind Farm",
        "type": "Power Plant (Wind)",
        "category": "Thermal/Power Industry",
        "capacity_mw": 3.6,
        "lat": 23.2414,
        "lon": 70.7262,
        "source": "WRI Power Database"
      }
    },
    {
      "type": "Feature",
      "geometry": {
        "type": "Point",
        "coordinates": [
          70.5443,
          22.972
        ]
      },
      "properties": {
        "name": "Sumilon Vershamedi Wind Farm",
        "type": "Power Plant (Wind)",
        "category": "Thermal/Power Industry",
        "capacity_mw": 3.6,
        "lat": 22.972,
        "lon": 70.5443,
        "source": "WRI Power Database"
      }
    },
    {
      "type": "Feature",
      "geometry": {
        "type": "Point",
        "coordinates": [
          79.769,
          25.353
        ]
      },
      "properties": {
        "name": "Supa",
        "type": "Power Plant (Solar)",
        "category": "Thermal/Power Industry",
        "capacity_mw": 20.0,
        "lat": 25.353,
        "lon": 79.769,
        "source": "WRI Power Database"
      }
    },
    {
      "type": "Feature",
      "geometry": {
        "type": "Point",
        "coordinates": [
          74.3686,
          18.3198
        ]
      },
      "properties": {
        "name": "Supe Solar Power Plant",
        "type": "Power Plant (Solar)",
        "category": "Thermal/Power Industry",
        "capacity_mw": 2.0,
        "lat": 18.3198,
        "lon": 74.3686,
        "source": "WRI Power Database"
      }
    },
    {
      "type": "Feature",
      "geometry": {
        "type": "Point",
        "coordinates": [
          70.6417,
          23.3232
        ]
      },
      "properties": {
        "name": "Surajbari Creek Wind Farm",
        "type": "Power Plant (Wind)",
        "category": "Thermal/Power Industry",
        "capacity_mw": 30.0,
        "lat": 23.3232,
        "lon": 70.6417,
        "source": "WRI Power Database"
      }
    },
    {
      "type": "Feature",
      "geometry": {
        "type": "Point",
        "coordinates": [
          71.583,
          23.474
        ]
      },
      "properties": {
        "name": "Surel",
        "type": "Power Plant (Solar)",
        "category": "Thermal/Power Industry",
        "capacity_mw": 25.0,
        "lat": 23.474,
        "lon": 71.583,
        "source": "WRI Power Database"
      }
    },
    {
      "type": "Feature",
      "geometry": {
        "type": "Point",
        "coordinates": [
          75.347,
          24.048
        ]
      },
      "properties": {
        "name": "Suriyakheda 1",
        "type": "Power Plant (Solar)",
        "category": "Thermal/Power Industry",
        "capacity_mw": 20.0,
        "lat": 24.048,
        "lon": 75.347,
        "source": "WRI Power Database"
      }
    },
    {
      "type": "Feature",
      "geometry": {
        "type": "Point",
        "coordinates": [
          75.346,
          24.04
        ]
      },
      "properties": {
        "name": "Suriyakheda 2",
        "type": "Power Plant (Solar)",
        "category": "Thermal/Power Industry",
        "capacity_mw": 20.0,
        "lat": 24.04,
        "lon": 75.346,
        "source": "WRI Power Database"
      }
    },
    {
      "type": "Feature",
      "geometry": {
        "type": "Point",
        "coordinates": [
          72.481,
          27.445
        ]
      },
      "properties": {
        "name": "Suryalabh",
        "type": "Power Plant (Solar)",
        "category": "Thermal/Power Industry",
        "capacity_mw": 30.0,
        "lat": 27.445,
        "lon": 72.481,
        "source": "WRI Power Database"
      }
    },
    {
      "type": "Feature",
      "geometry": {
        "type": "Point",
        "coordinates": [
          75.04,
          24.721
        ]
      },
      "properties": {
        "name": "Sutholi",
        "type": "Power Plant (Solar)",
        "category": "Thermal/Power Industry",
        "capacity_mw": 25.0,
        "lat": 24.721,
        "lon": 75.04,
        "source": "WRI Power Database"
      }
    },
    {
      "type": "Feature",
      "geometry": {
        "type": "Point",
        "coordinates": [
          76.3379,
          15.2615
        ]
      },
      "properties": {
        "name": "T.B. DAM",
        "type": "Power Plant (Hydro)",
        "category": "Thermal/Power Industry",
        "capacity_mw": 36.0,
        "lat": 15.2615,
        "lon": 76.3379,
        "source": "WRI Power Database"
      }
    },
    {
      "type": "Feature",
      "geometry": {
        "type": "Point",
        "coordinates": [
          76.961,
          12.055
        ]
      },
      "properties": {
        "name": "T.N.Pura",
        "type": "Power Plant (Solar)",
        "category": "Thermal/Power Industry",
        "capacity_mw": 20.0,
        "lat": 12.055,
        "lon": 76.961,
        "source": "WRI Power Database"
      }
    },
    {
      "type": "Feature",
      "geometry": {
        "type": "Point",
        "coordinates": [
          79.2036,
          20.0116
        ]
      },
      "properties": {
        "name": "TADALI",
        "type": "Power Plant (Coal)",
        "category": "Thermal/Power Industry",
        "capacity_mw": 600.0,
        "lat": 20.0116,
        "lon": 79.2036,
        "source": "WRI Power Database"
      }
    },
    {
      "type": "Feature",
      "geometry": {
        "type": "Point",
        "coordinates": [
          79.1863,
          20.0123
        ]
      },
      "properties": {
        "name": "TADALI SPONGE IRON",
        "type": "Power Plant (Coal)",
        "category": "Thermal/Power Industry",
        "capacity_mw": 33.0,
        "lat": 20.0123,
        "lon": 79.1863,
        "source": "WRI Power Database"
      }
    },
    {
      "type": "Feature",
      "geometry": {
        "type": "Point",
        "coordinates": [
          85.2072,
          20.9099
        ]
      },
      "properties": {
        "name": "TALCHER",
        "type": "Power Plant (Coal)",
        "category": "Thermal/Power Industry",
        "capacity_mw": 460.0,
        "lat": 20.9099,
        "lon": 85.2072,
        "source": "WRI Power Database"
      }
    },
    {
      "type": "Feature",
      "geometry": {
        "type": "Point",
        "coordinates": [
          85.074,
          21.0966
        ]
      },
      "properties": {
        "name": "TALCHER STPS",
        "type": "Power Plant (Coal)",
        "category": "Thermal/Power Industry",
        "capacity_mw": 3000.0,
        "lat": 21.0966,
        "lon": 85.074,
        "source": "WRI Power Database"
      }
    },
    {
      "type": "Feature",
      "geometry": {
        "type": "Point",
        "coordinates": [
          75.2372,
          29.924
        ]
      },
      "properties": {
        "name": "TALWANDI SABO",
        "type": "Power Plant (Coal)",
        "category": "Thermal/Power Industry",
        "capacity_mw": 1980.0,
        "lat": 29.924,
        "lon": 75.2372,
        "source": "WRI Power Database"
      }
    },
    {
      "type": "Feature",
      "geometry": {
        "type": "Point",
        "coordinates": [
          83.4513,
          22.0987
        ]
      },
      "properties": {
        "name": "TAMNAR TPP",
        "type": "Power Plant (Coal)",
        "category": "Thermal/Power Industry",
        "capacity_mw": 2400.0,
        "lat": 22.0987,
        "lon": 83.4513,
        "source": "WRI Power Database"
      }
    },
    {
      "type": "Feature",
      "geometry": {
        "type": "Point",
        "coordinates": [
          80.0946,
          29.0057
        ]
      },
      "properties": {
        "name": "TANAKPUR",
        "type": "Power Plant (Hydro)",
        "category": "Thermal/Power Industry",
        "capacity_mw": 94.2,
        "lat": 29.0057,
        "lon": 80.0946,
        "source": "WRI Power Database"
      }
    },
    {
      "type": "Feature",
      "geometry": {
        "type": "Point",
        "coordinates": [
          82.602,
          26.586
        ]
      },
      "properties": {
        "name": "TANDA",
        "type": "Power Plant (Coal)",
        "category": "Thermal/Power Industry",
        "capacity_mw": 440.0,
        "lat": 26.586,
        "lon": 82.602,
        "source": "WRI Power Database"
      }
    },
    {
      "type": "Feature",
      "geometry": {
        "type": "Point",
        "coordinates": [
          74.816,
          12.9019
        ]
      },
      "properties": {
        "name": "TANIR BAVI",
        "type": "Power Plant (Gas)",
        "category": "Thermal/Power Industry",
        "capacity_mw": 220.0,
        "lat": 12.9019,
        "lon": 74.816,
        "source": "WRI Power Database"
      }
    },
    {
      "type": "Feature",
      "geometry": {
        "type": "Point",
        "coordinates": [
          72.6617,
          19.8294
        ]
      },
      "properties": {
        "name": "TARAPUR",
        "type": "Power Plant (Nuclear)",
        "category": "Thermal/Power Industry",
        "capacity_mw": 1400.0,
        "lat": 19.8294,
        "lon": 72.6617,
        "source": "WRI Power Database"
      }
    },
    {
      "type": "Feature",
      "geometry": {
        "type": "Point",
        "coordinates": [
          88.2332,
          27.3403
        ]
      },
      "properties": {
        "name": "TASHIDING",
        "type": "Power Plant (Hydro)",
        "category": "Thermal/Power Industry",
        "capacity_mw": 97.0,
        "lat": 27.3403,
        "lon": 88.2332,
        "source": "WRI Power Database"
      }
    },
    {
      "type": "Feature",
      "geometry": {
        "type": "Point",
        "coordinates": [
          77.9635,
          22.5616
        ]
      },
      "properties": {
        "name": "TAWA",
        "type": "Power Plant (Hydro)",
        "category": "Thermal/Power Industry",
        "capacity_mw": 13.5,
        "lat": 22.5616,
        "lon": 77.9635,
        "source": "WRI Power Database"
      }
    },
    {
      "type": "Feature",
      "geometry": {
        "type": "Point",
        "coordinates": [
          88.3155,
          26.4875
        ]
      },
      "properties": {
        "name": "TEESTA  I-III",
        "type": "Power Plant (Hydro)",
        "category": "Thermal/Power Industry",
        "capacity_mw": 67.5,
        "lat": 26.4875,
        "lon": 88.3155,
        "source": "WRI Power Database"
      }
    },
    {
      "type": "Feature",
      "geometry": {
        "type": "Point",
        "coordinates": [
          88.4604,
          27.2517
        ]
      },
      "properties": {
        "name": "TEESTA -V",
        "type": "Power Plant (Hydro)",
        "category": "Thermal/Power Industry",
        "capacity_mw": 510.0,
        "lat": 27.2517,
        "lon": 88.4604,
        "source": "WRI Power Database"
      }
    },
    {
      "type": "Feature",
      "geometry": {
        "type": "Point",
        "coordinates": [
          88.4562,
          26.9279
        ]
      },
      "properties": {
        "name": "TEESTA LOW DAM -IV",
        "type": "Power Plant (Hydro)",
        "category": "Thermal/Power Industry",
        "capacity_mw": 160.0,
        "lat": 26.9279,
        "lon": 88.4562,
        "source": "WRI Power Database"
      }
    },
    {
      "type": "Feature",
      "geometry": {
        "type": "Point",
        "coordinates": [
          88.443,
          27.0017
        ]
      },
      "properties": {
        "name": "TEESTA LOW DAM-III",
        "type": "Power Plant (Hydro)",
        "category": "Thermal/Power Industry",
        "capacity_mw": 132.0,
        "lat": 27.0017,
        "lon": 88.443,
        "source": "WRI Power Database"
      }
    },
    {
      "type": "Feature",
      "geometry": {
        "type": "Point",
        "coordinates": [
          88.6505,
          27.5981
        ]
      },
      "properties": {
        "name": "TEESTA-III",
        "type": "Power Plant (Hydro)",
        "category": "Thermal/Power Industry",
        "capacity_mw": 1200.0,
        "lat": 27.5981,
        "lon": 88.6505,
        "source": "WRI Power Database"
      }
    },
    {
      "type": "Feature",
      "geometry": {
        "type": "Point",
        "coordinates": [
          78.4795,
          30.3787
        ]
      },
      "properties": {
        "name": "TEHRI ST -1",
        "type": "Power Plant (Hydro)",
        "category": "Thermal/Power Industry",
        "capacity_mw": 1000.0,
        "lat": 30.3787,
        "lon": 78.4795,
        "source": "WRI Power Database"
      }
    },
    {
      "type": "Feature",
      "geometry": {
        "type": "Point",
        "coordinates": [
          85.8936,
          23.7573
        ]
      },
      "properties": {
        "name": "TENUGHAT",
        "type": "Power Plant (Coal)",
        "category": "Thermal/Power Industry",
        "capacity_mw": 420.0,
        "lat": 23.7573,
        "lon": 85.8936,
        "source": "WRI Power Database"
      }
    },
    {
      "type": "Feature",
      "geometry": {
        "type": "Point",
        "coordinates": [
          72.8709,
          18.7026
        ]
      },
      "properties": {
        "name": "THAL WORKS",
        "type": "Power Plant (Gas)",
        "category": "Thermal/Power Industry",
        "capacity_mw": 30.0,
        "lat": 18.7026,
        "lon": 72.8709,
        "source": "WRI Power Database"
      }
    },
    {
      "type": "Feature",
      "geometry": {
        "type": "Point",
        "coordinates": [
          80.0838,
          14.2133
        ]
      },
      "properties": {
        "name": "THAMMINAPATNAM TPP",
        "type": "Power Plant (Coal)",
        "category": "Thermal/Power Industry",
        "capacity_mw": 300.0,
        "lat": 14.2133,
        "lon": 80.0838,
        "source": "WRI Power Database"
      }
    },
    {
      "type": "Feature",
      "geometry": {
        "type": "Point",
        "coordinates": [
          73.0258,
          19.0875
        ]
      },
      "properties": {
        "name": "THANE PLANT",
        "type": "Power Plant (Oil)",
        "category": "Thermal/Power Industry",
        "capacity_mw": 22.5,
        "lat": 19.0875,
        "lon": 73.0258,
        "source": "WRI Power Database"
      }
    },
    {
      "type": "Feature",
      "geometry": {
        "type": "Point",
        "coordinates": [
          76.7817,
          32.659
        ]
      },
      "properties": {
        "name": "THIROT",
        "type": "Power Plant (Hydro)",
        "category": "Thermal/Power Industry",
        "capacity_mw": 4.5,
        "lat": 32.659,
        "lon": 76.7817,
        "source": "WRI Power Database"
      }
    },
    {
      "type": "Feature",
      "geometry": {
        "type": "Point",
        "coordinates": [
          74.1588,
          15.8094
        ]
      },
      "properties": {
        "name": "TILLARI",
        "type": "Power Plant (Hydro)",
        "category": "Thermal/Power Industry",
        "capacity_mw": 60.0,
        "lat": 15.8094,
        "lon": 74.1588,
        "source": "WRI Power Database"
      }
    },
    {
      "type": "Feature",
      "geometry": {
        "type": "Point",
        "coordinates": [
          85.5198,
          24.3249
        ]
      },
      "properties": {
        "name": "TILLAYA",
        "type": "Power Plant (Hydro)",
        "category": "Thermal/Power Industry",
        "capacity_mw": 4.0,
        "lat": 24.3249,
        "lon": 85.5198,
        "source": "WRI Power Database"
      }
    },
    {
      "type": "Feature",
      "geometry": {
        "type": "Point",
        "coordinates": [
          79.9671,
          21.4129
        ]
      },
      "properties": {
        "name": "TIRORA TPP",
        "type": "Power Plant (Coal)",
        "category": "Thermal/Power Industry",
        "capacity_mw": 3300.0,
        "lat": 21.4129,
        "lon": 79.9671,
        "source": "WRI Power Database"
      }
    },
    {
      "type": "Feature",
      "geometry": {
        "type": "Point",
        "coordinates": [
          88.371,
          22.7318
        ]
      },
      "properties": {
        "name": "TITAGARH",
        "type": "Power Plant (Coal)",
        "category": "Thermal/Power Industry",
        "capacity_mw": 240.0,
        "lat": 22.7318,
        "lon": 88.371,
        "source": "WRI Power Database"
      }
    },
    {
      "type": "Feature",
      "geometry": {
        "type": "Point",
        "coordinates": [
          76.6622,
          15.1839
        ]
      },
      "properties": {
        "name": "TORANGALLU EXT",
        "type": "Power Plant (Coal)",
        "category": "Thermal/Power Industry",
        "capacity_mw": 600.0,
        "lat": 15.1839,
        "lon": 76.6622,
        "source": "WRI Power Database"
      }
    },
    {
      "type": "Feature",
      "geometry": {
        "type": "Point",
        "coordinates": [
          76.6622,
          15.1839
        ]
      },
      "properties": {
        "name": "TORANGALLU IMP",
        "type": "Power Plant (Coal)",
        "category": "Thermal/Power Industry",
        "capacity_mw": 260.0,
        "lat": 15.1839,
        "lon": 76.6622,
        "source": "WRI Power Database"
      }
    },
    {
      "type": "Feature",
      "geometry": {
        "type": "Point",
        "coordinates": [
          72.5933,
          23.0701
        ]
      },
      "properties": {
        "name": "TORR POWER SAB.",
        "type": "Power Plant (Coal)",
        "category": "Thermal/Power Industry",
        "capacity_mw": 422.0,
        "lat": 23.0701,
        "lon": 72.5933,
        "source": "WRI Power Database"
      }
    },
    {
      "type": "Feature",
      "geometry": {
        "type": "Point",
        "coordinates": [
          72.8983,
          19.0004
        ]
      },
      "properties": {
        "name": "TROMBAY",
        "type": "Power Plant (Oil)",
        "category": "Thermal/Power Industry",
        "capacity_mw": 500.0,
        "lat": 19.0004,
        "lon": 72.8983,
        "source": "WRI Power Database"
      }
    },
    {
      "type": "Feature",
      "geometry": {
        "type": "Point",
        "coordinates": [
          72.8967,
          19.0018
        ]
      },
      "properties": {
        "name": "TROMBAY GT",
        "type": "Power Plant (Gas)",
        "category": "Thermal/Power Industry",
        "capacity_mw": 180.0,
        "lat": 19.0018,
        "lon": 72.8967,
        "source": "WRI Power Database"
      }
    },
    {
      "type": "Feature",
      "geometry": {
        "type": "Point",
        "coordinates": [
          72.8892,
          19.0366
        ]
      },
      "properties": {
        "name": "TROMBAY WORKS",
        "type": "Power Plant (Gas)",
        "category": "Thermal/Power Industry",
        "capacity_mw": 18.0,
        "lat": 19.0366,
        "lon": 72.8892,
        "source": "WRI Power Database"
      }
    },
    {
      "type": "Feature",
      "geometry": {
        "type": "Point",
        "coordinates": [
          72.8983,
          19.0004
        ]
      },
      "properties": {
        "name": "TROMBAY_Coal",
        "type": "Power Plant (Coal)",
        "category": "Thermal/Power Industry",
        "capacity_mw": 750.0,
        "lat": 19.0004,
        "lon": 72.8983,
        "source": "WRI Power Database"
      }
    },
    {
      "type": "Feature",
      "geometry": {
        "type": "Point",
        "coordinates": [
          72.8983,
          19.0004
        ]
      },
      "properties": {
        "name": "TROMBAY_Oil",
        "type": "Power Plant (Oil)",
        "category": "Thermal/Power Industry",
        "capacity_mw": 150.0,
        "lat": 19.0004,
        "lon": 72.8983,
        "source": "WRI Power Database"
      }
    },
    {
      "type": "Feature",
      "geometry": {
        "type": "Point",
        "coordinates": [
          92.8837,
          24.3588
        ]
      },
      "properties": {
        "name": "TUIRIAL",
        "type": "Power Plant (Hydro)",
        "category": "Thermal/Power Industry",
        "capacity_mw": 60.0,
        "lat": 24.3588,
        "lon": 92.8837,
        "source": "WRI Power Database"
      }
    },
    {
      "type": "Feature",
      "geometry": {
        "type": "Point",
        "coordinates": [
          76.8756,
          15.6609
        ]
      },
      "properties": {
        "name": "TUNGABHADRA SUGAR",
        "type": "Power Plant (Biomass)",
        "category": "Thermal/Power Industry",
        "capacity_mw": 28.0,
        "lat": 15.6609,
        "lon": 76.8756,
        "source": "WRI Power Database"
      }
    },
    {
      "type": "Feature",
      "geometry": {
        "type": "Point",
        "coordinates": [
          78.1753,
          8.7635
        ]
      },
      "properties": {
        "name": "TUTICORIN",
        "type": "Power Plant (Coal)",
        "category": "Thermal/Power Industry",
        "capacity_mw": 1050.0,
        "lat": 8.7635,
        "lon": 78.1753,
        "source": "WRI Power Database"
      }
    },
    {
      "type": "Feature",
      "geometry": {
        "type": "Point",
        "coordinates": [
          78.1699,
          8.7603
        ]
      },
      "properties": {
        "name": "TUTICORIN JV",
        "type": "Power Plant (Coal)",
        "category": "Thermal/Power Industry",
        "capacity_mw": 1000.0,
        "lat": 8.7603,
        "lon": 78.1699,
        "source": "WRI Power Database"
      }
    },
    {
      "type": "Feature",
      "geometry": {
        "type": "Point",
        "coordinates": [
          78.1753,
          8.7635
        ]
      },
      "properties": {
        "name": "TUTICORIN- IND BARATH",
        "type": "Power Plant (Coal)",
        "category": "Thermal/Power Industry",
        "capacity_mw": 300.0,
        "lat": 8.7635,
        "lon": 78.1753,
        "source": "WRI Power Database"
      }
    },
    {
      "type": "Feature",
      "geometry": {
        "type": "Point",
        "coordinates": [
          77.5077,
          9.9438
        ]
      },
      "properties": {
        "name": "TVS Kunnur Wind Farm",
        "type": "Power Plant (Wind)",
        "category": "Thermal/Power Industry",
        "capacity_mw": 9.35,
        "lat": 9.9438,
        "lon": 77.5077,
        "source": "WRI Power Database"
      }
    },
    {
      "type": "Feature",
      "geometry": {
        "type": "Point",
        "coordinates": [
          77.659,
          8.9165
        ]
      },
      "properties": {
        "name": "TVS Tirunelveli Wind Farm",
        "type": "Power Plant (Wind)",
        "category": "Thermal/Power Industry",
        "capacity_mw": 14.4,
        "lat": 8.9165,
        "lon": 77.659,
        "source": "WRI Power Database"
      }
    },
    {
      "type": "Feature",
      "geometry": {
        "type": "Point",
        "coordinates": [
          74.7001,
          17.501
        ]
      },
      "properties": {
        "name": "TVS Virali Wind Farm",
        "type": "Power Plant (Wind)",
        "category": "Thermal/Power Industry",
        "capacity_mw": 25.5,
        "lat": 17.501,
        "lon": 74.7001,
        "source": "WRI Power Database"
      }
    },
    {
      "type": "Feature",
      "geometry": {
        "type": "Point",
        "coordinates": [
          75.1661,
          15.1069
        ]
      },
      "properties": {
        "name": "Tadas wind farm",
        "type": "Power Plant (Wind)",
        "category": "Thermal/Power Industry",
        "capacity_mw": 100.0,
        "lat": 15.1069,
        "lon": 75.1661,
        "source": "WRI Power Database"
      }
    },
    {
      "type": "Feature",
      "geometry": {
        "type": "Point",
        "coordinates": [
          78.264,
          18.278
        ]
      },
      "properties": {
        "name": "Tadwai A",
        "type": "Power Plant (Solar)",
        "category": "Thermal/Power Industry",
        "capacity_mw": 30.0,
        "lat": 18.278,
        "lon": 78.264,
        "source": "WRI Power Database"
      }
    },
    {
      "type": "Feature",
      "geometry": {
        "type": "Point",
        "coordinates": [
          78.262,
          18.246
        ]
      },
      "properties": {
        "name": "Tadwai B",
        "type": "Power Plant (Solar)",
        "category": "Thermal/Power Industry",
        "capacity_mw": 15.0,
        "lat": 18.246,
        "lon": 78.262,
        "source": "WRI Power Database"
      }
    },
    {
      "type": "Feature",
      "geometry": {
        "type": "Point",
        "coordinates": [
          78.294,
          18.256
        ]
      },
      "properties": {
        "name": "Tadwai C",
        "type": "Power Plant (Solar)",
        "category": "Thermal/Power Industry",
        "capacity_mw": 30.0,
        "lat": 18.256,
        "lon": 78.294,
        "source": "WRI Power Database"
      }
    },
    {
      "type": "Feature",
      "geometry": {
        "type": "Point",
        "coordinates": [
          74.192,
          30.345
        ]
      },
      "properties": {
        "name": "Tahliwala",
        "type": "Power Plant (Solar)",
        "category": "Thermal/Power Industry",
        "capacity_mw": 15.0,
        "lat": 30.345,
        "lon": 74.192,
        "source": "WRI Power Database"
      }
    },
    {
      "type": "Feature",
      "geometry": {
        "type": "Point",
        "coordinates": [
          78.047,
          14.987
        ]
      },
      "properties": {
        "name": "Talaricheruvu",
        "type": "Power Plant (Solar)",
        "category": "Thermal/Power Industry",
        "capacity_mw": 100.0,
        "lat": 14.987,
        "lon": 78.047,
        "source": "WRI Power Database"
      }
    },
    {
      "type": "Feature",
      "geometry": {
        "type": "Point",
        "coordinates": [
          78.059,
          14.946
        ]
      },
      "properties": {
        "name": "Talaricheruvu II",
        "type": "Power Plant (Solar)",
        "category": "Thermal/Power Industry",
        "capacity_mw": 100.0,
        "lat": 14.946,
        "lon": 78.059,
        "source": "WRI Power Database"
      }
    },
    {
      "type": "Feature",
      "geometry": {
        "type": "Point",
        "coordinates": [
          85.0987,
          21.0866
        ]
      },
      "properties": {
        "name": "Talcher Kaniha Solar Power Plant",
        "type": "Power Plant (Solar)",
        "category": "Thermal/Power Industry",
        "capacity_mw": 10.0,
        "lat": 21.0866,
        "lon": 85.0987,
        "source": "WRI Power Database"
      }
    },
    {
      "type": "Feature",
      "geometry": {
        "type": "Point",
        "coordinates": [
          78.343,
          18.232
        ]
      },
      "properties": {
        "name": "Talmadia A",
        "type": "Power Plant (Solar)",
        "category": "Thermal/Power Industry",
        "capacity_mw": 10.0,
        "lat": 18.232,
        "lon": 78.343,
        "source": "WRI Power Database"
      }
    },
    {
      "type": "Feature",
      "geometry": {
        "type": "Point",
        "coordinates": [
          78.324,
          18.22
        ]
      },
      "properties": {
        "name": "Talmadia B",
        "type": "Power Plant (Solar)",
        "category": "Thermal/Power Industry",
        "capacity_mw": 25.0,
        "lat": 18.22,
        "lon": 78.324,
        "source": "WRI Power Database"
      }
    },
    {
      "type": "Feature",
      "geometry": {
        "type": "Point",
        "coordinates": [
          78.303,
          18.22
        ]
      },
      "properties": {
        "name": "Talmadia C",
        "type": "Power Plant (Solar)",
        "category": "Thermal/Power Industry",
        "capacity_mw": 20.0,
        "lat": 18.22,
        "lon": 78.303,
        "source": "WRI Power Database"
      }
    },
    {
      "type": "Feature",
      "geometry": {
        "type": "Point",
        "coordinates": [
          77.618,
          17.341
        ]
      },
      "properties": {
        "name": "Tandur First",
        "type": "Power Plant (Solar)",
        "category": "Thermal/Power Industry",
        "capacity_mw": 50.0,
        "lat": 17.341,
        "lon": 77.618,
        "source": "WRI Power Database"
      }
    },
    {
      "type": "Feature",
      "geometry": {
        "type": "Point",
        "coordinates": [
          77.542,
          17.364
        ]
      },
      "properties": {
        "name": "Tandur Mahindra",
        "type": "Power Plant (Solar)",
        "category": "Thermal/Power Industry",
        "capacity_mw": 30.0,
        "lat": 17.364,
        "lon": 77.542,
        "source": "WRI Power Database"
      }
    },
    {
      "type": "Feature",
      "geometry": {
        "type": "Point",
        "coordinates": [
          86.757,
          24.461
        ]
      },
      "properties": {
        "name": "Tapovan",
        "type": "Power Plant (Solar)",
        "category": "Thermal/Power Industry",
        "capacity_mw": 14.0,
        "lat": 24.461,
        "lon": 86.757,
        "source": "WRI Power Database"
      }
    },
    {
      "type": "Feature",
      "geometry": {
        "type": "Point",
        "coordinates": [
          79.258,
          15.644
        ]
      },
      "properties": {
        "name": "Tarlupadu",
        "type": "Power Plant (Solar)",
        "category": "Thermal/Power Industry",
        "capacity_mw": 21.0,
        "lat": 15.644,
        "lon": 79.258,
        "source": "WRI Power Database"
      }
    },
    {
      "type": "Feature",
      "geometry": {
        "type": "Point",
        "coordinates": [
          78.472,
          16.621
        ]
      },
      "properties": {
        "name": "Tarnikal",
        "type": "Power Plant (Solar)",
        "category": "Thermal/Power Industry",
        "capacity_mw": 11.0,
        "lat": 16.621,
        "lon": 78.472,
        "source": "WRI Power Database"
      }
    },
    {
      "type": "Feature",
      "geometry": {
        "type": "Point",
        "coordinates": [
          75.5767,
          15.3302
        ]
      },
      "properties": {
        "name": "Tata Power Gadag Plains Wind Farm",
        "type": "Power Plant (Wind)",
        "category": "Thermal/Power Industry",
        "capacity_mw": 50.4,
        "lat": 15.3302,
        "lon": 75.5767,
        "source": "WRI Power Database"
      }
    },
    {
      "type": "Feature",
      "geometry": {
        "type": "Point",
        "coordinates": [
          74.8441,
          19.1757
        ]
      },
      "properties": {
        "name": "Tata Wind Farm",
        "type": "Power Plant (Wind)",
        "category": "Thermal/Power Industry",
        "capacity_mw": 50.4,
        "lat": 19.1757,
        "lon": 74.8441,
        "source": "WRI Power Database"
      }
    },
    {
      "type": "Feature",
      "geometry": {
        "type": "Point",
        "coordinates": [
          77.629,
          17.446
        ]
      },
      "properties": {
        "name": "Tattapalle A",
        "type": "Power Plant (Solar)",
        "category": "Thermal/Power Industry",
        "capacity_mw": 10.0,
        "lat": 17.446,
        "lon": 77.629,
        "source": "WRI Power Database"
      }
    },
    {
      "type": "Feature",
      "geometry": {
        "type": "Point",
        "coordinates": [
          88.31,
          26.33
        ]
      },
      "properties": {
        "name": "Teesta Canal",
        "type": "Power Plant (Solar)",
        "category": "Thermal/Power Industry",
        "capacity_mw": 10.0,
        "lat": 26.33,
        "lon": 88.31,
        "source": "WRI Power Database"
      }
    },
    {
      "type": "Feature",
      "geometry": {
        "type": "Point",
        "coordinates": [
          81.4144,
          21.4928
        ]
      },
      "properties": {
        "name": "Tenga Bhaat Daar Gaon",
        "type": "Power Plant (Solar)",
        "category": "Thermal/Power Industry",
        "capacity_mw": 5.0,
        "lat": 21.4928,
        "lon": 81.4144,
        "source": "WRI Power Database"
      }
    },
    {
      "type": "Feature",
      "geometry": {
        "type": "Point",
        "coordinates": [
          75.082,
          29.912
        ]
      },
      "properties": {
        "name": "Teona Photon",
        "type": "Power Plant (Solar)",
        "category": "Thermal/Power Industry",
        "capacity_mw": 25.0,
        "lat": 29.912,
        "lon": 75.082,
        "source": "WRI Power Database"
      }
    },
    {
      "type": "Feature",
      "geometry": {
        "type": "Point",
        "coordinates": [
          72.1577,
          27.4137
        ]
      },
      "properties": {
        "name": "Teona Pujarian Solar Power Plant",
        "type": "Power Plant (Solar)",
        "category": "Thermal/Power Industry",
        "capacity_mw": 22.0,
        "lat": 27.4137,
        "lon": 72.1577,
        "source": "WRI Power Database"
      }
    },
    {
      "type": "Feature",
      "geometry": {
        "type": "Point",
        "coordinates": [
          75.0704,
          29.9083
        ]
      },
      "properties": {
        "name": "Teona Welspun 2",
        "type": "Power Plant (Solar)",
        "category": "Thermal/Power Industry",
        "capacity_mw": 4.1,
        "lat": 29.9083,
        "lon": 75.0704,
        "source": "WRI Power Database"
      }
    },
    {
      "type": "Feature",
      "geometry": {
        "type": "Point",
        "coordinates": [
          78.183,
          13.907
        ]
      },
      "properties": {
        "name": "ThanaKallu",
        "type": "Power Plant (Solar)",
        "category": "Thermal/Power Industry",
        "capacity_mw": 10.0,
        "lat": 13.907,
        "lon": 78.183,
        "source": "WRI Power Database"
      }
    },
    {
      "type": "Feature",
      "geometry": {
        "type": "Point",
        "coordinates": [
          71.812,
          26.832
        ]
      },
      "properties": {
        "name": "That",
        "type": "Power Plant (Solar)",
        "category": "Thermal/Power Industry",
        "capacity_mw": 35.0,
        "lat": 26.832,
        "lon": 71.812,
        "source": "WRI Power Database"
      }
    },
    {
      "type": "Feature",
      "geometry": {
        "type": "Point",
        "coordinates": [
          76.905,
          11.25
        ]
      },
      "properties": {
        "name": "Thekkampatty",
        "type": "Power Plant (Solar)",
        "category": "Thermal/Power Industry",
        "capacity_mw": 4.9,
        "lat": 11.25,
        "lon": 76.905,
        "source": "WRI Power Database"
      }
    },
    {
      "type": "Feature",
      "geometry": {
        "type": "Point",
        "coordinates": [
          77.3709,
          9.9621
        ]
      },
      "properties": {
        "name": "Theni Wind Farm",
        "type": "Power Plant (Wind)",
        "category": "Thermal/Power Industry",
        "capacity_mw": 24.0,
        "lat": 9.9621,
        "lon": 77.3709,
        "source": "WRI Power Database"
      }
    },
    {
      "type": "Feature",
      "geometry": {
        "type": "Point",
        "coordinates": [
          77.69,
          10.115
        ]
      },
      "properties": {
        "name": "Theni-Dundugul",
        "type": "Power Plant (Solar)",
        "category": "Thermal/Power Industry",
        "capacity_mw": 50.0,
        "lat": 10.115,
        "lon": 77.69,
        "source": "WRI Power Database"
      }
    },
    {
      "type": "Feature",
      "geometry": {
        "type": "Point",
        "coordinates": [
          78.21,
          16.675
        ]
      },
      "properties": {
        "name": "Thimmajipet",
        "type": "Power Plant (Solar)",
        "category": "Thermal/Power Industry",
        "capacity_mw": 8.0,
        "lat": 16.675,
        "lon": 78.21,
        "source": "WRI Power Database"
      }
    },
    {
      "type": "Feature",
      "geometry": {
        "type": "Point",
        "coordinates": [
          76.815,
          14.868
        ]
      },
      "properties": {
        "name": "Thimmalapura",
        "type": "Power Plant (Solar)",
        "category": "Thermal/Power Industry",
        "capacity_mw": 10.0,
        "lat": 14.868,
        "lon": 76.815,
        "source": "WRI Power Database"
      }
    },
    {
      "type": "Feature",
      "geometry": {
        "type": "Point",
        "coordinates": [
          77.3355,
          14.7053
        ]
      },
      "properties": {
        "name": "Thimmapuram Wind Farm",
        "type": "Power Plant (Wind)",
        "category": "Thermal/Power Industry",
        "capacity_mw": 200.0,
        "lat": 14.7053,
        "lon": 77.3355,
        "source": "WRI Power Database"
      }
    },
    {
      "type": "Feature",
      "geometry": {
        "type": "Point",
        "coordinates": [
          79.225,
          16.69
        ]
      },
      "properties": {
        "name": "Thungathurthy",
        "type": "Power Plant (Solar)",
        "category": "Thermal/Power Industry",
        "capacity_mw": 15.0,
        "lat": 16.69,
        "lon": 79.225,
        "source": "WRI Power Database"
      }
    },
    {
      "type": "Feature",
      "geometry": {
        "type": "Point",
        "coordinates": [
          78.598,
          17.75
        ]
      },
      "properties": {
        "name": "Thunkiballaram",
        "type": "Power Plant (Solar)",
        "category": "Thermal/Power Industry",
        "capacity_mw": 15.0,
        "lat": 17.75,
        "lon": 78.598,
        "source": "WRI Power Database"
      }
    },
    {
      "type": "Feature",
      "geometry": {
        "type": "Point",
        "coordinates": [
          71.413,
          22.707
        ]
      },
      "properties": {
        "name": "Tikar SJG",
        "type": "Power Plant (Solar)",
        "category": "Thermal/Power Industry",
        "capacity_mw": 5.1,
        "lat": 22.707,
        "lon": 71.413,
        "source": "WRI Power Database"
      }
    },
    {
      "type": "Feature",
      "geometry": {
        "type": "Point",
        "coordinates": [
          71.417,
          22.708
        ]
      },
      "properties": {
        "name": "Tikar Waa",
        "type": "Power Plant (Solar)",
        "category": "Thermal/Power Industry",
        "capacity_mw": 10.2,
        "lat": 22.708,
        "lon": 71.417,
        "source": "WRI Power Database"
      }
    },
    {
      "type": "Feature",
      "geometry": {
        "type": "Point",
        "coordinates": [
          72.8536,
          26.5182
        ]
      },
      "properties": {
        "name": "Tinwari - MB Solar Power Plant",
        "type": "Power Plant (Solar)",
        "category": "Thermal/Power Industry",
        "capacity_mw": 5.0,
        "lat": 26.5182,
        "lon": 72.8536,
        "source": "WRI Power Database"
      }
    },
    {
      "type": "Feature",
      "geometry": {
        "type": "Point",
        "coordinates": [
          72.862,
          26.524
        ]
      },
      "properties": {
        "name": "Tinwari AES",
        "type": "Power Plant (Solar)",
        "category": "Thermal/Power Industry",
        "capacity_mw": 5.2,
        "lat": 26.524,
        "lon": 72.862,
        "source": "WRI Power Database"
      }
    },
    {
      "type": "Feature",
      "geometry": {
        "type": "Point",
        "coordinates": [
          72.856,
          26.534
        ]
      },
      "properties": {
        "name": "Tinwari Swiss",
        "type": "Power Plant (Solar)",
        "category": "Thermal/Power Industry",
        "capacity_mw": 5.0,
        "lat": 26.534,
        "lon": 72.856,
        "source": "WRI Power Database"
      }
    },
    {
      "type": "Feature",
      "geometry": {
        "type": "Point",
        "coordinates": [
          76.407,
          13.396
        ]
      },
      "properties": {
        "name": "Tipatturu",
        "type": "Power Plant (Solar)",
        "category": "Thermal/Power Industry",
        "capacity_mw": 20.0,
        "lat": 13.396,
        "lon": 76.407,
        "source": "WRI Power Database"
      }
    },
    {
      "type": "Feature",
      "geometry": {
        "type": "Point",
        "coordinates": [
          78.63,
          10.92
        ]
      },
      "properties": {
        "name": "Tiruchi",
        "type": "Power Plant (Solar)",
        "category": "Thermal/Power Industry",
        "capacity_mw": 10.0,
        "lat": 10.92,
        "lon": 78.63,
        "source": "WRI Power Database"
      }
    },
    {
      "type": "Feature",
      "geometry": {
        "type": "Point",
        "coordinates": [
          78.228,
          9.522
        ]
      },
      "properties": {
        "name": "Tiruchuli",
        "type": "Power Plant (Solar)",
        "category": "Thermal/Power Industry",
        "capacity_mw": 50.0,
        "lat": 9.522,
        "lon": 78.228,
        "source": "WRI Power Database"
      }
    },
    {
      "type": "Feature",
      "geometry": {
        "type": "Point",
        "coordinates": [
          79.3268,
          13.6344
        ]
      },
      "properties": {
        "name": "Tirumala Tirupati Devasthanams",
        "type": "Power Plant (Solar)",
        "category": "Thermal/Power Industry",
        "capacity_mw": 10.0,
        "lat": 13.6344,
        "lon": 79.3268,
        "source": "WRI Power Database"
      }
    },
    {
      "type": "Feature",
      "geometry": {
        "type": "Point",
        "coordinates": [
          77.3785,
          10.8139
        ]
      },
      "properties": {
        "name": "Tiruppur",
        "type": "Power Plant (Wind)",
        "category": "Thermal/Power Industry",
        "capacity_mw": 1.5,
        "lat": 10.8139,
        "lon": 77.3785,
        "source": "WRI Power Database"
      }
    },
    {
      "type": "Feature",
      "geometry": {
        "type": "Point",
        "coordinates": [
          77.33,
          10.79
        ]
      },
      "properties": {
        "name": "Tiruppur 2",
        "type": "Power Plant (Wind)",
        "category": "Thermal/Power Industry",
        "capacity_mw": 1.5,
        "lat": 10.79,
        "lon": 77.33,
        "source": "WRI Power Database"
      }
    },
    {
      "type": "Feature",
      "geometry": {
        "type": "Point",
        "coordinates": [
          69.8323,
          22.104
        ]
      },
      "properties": {
        "name": "Torrent Gujurat Wind Farm",
        "type": "Power Plant (Wind)",
        "category": "Thermal/Power Industry",
        "capacity_mw": 49.6,
        "lat": 22.104,
        "lon": 69.8323,
        "source": "WRI Power Database"
      }
    },
    {
      "type": "Feature",
      "geometry": {
        "type": "Point",
        "coordinates": [
          77.594,
          13.37
        ]
      },
      "properties": {
        "name": "Tubagere A",
        "type": "Power Plant (Solar)",
        "category": "Thermal/Power Industry",
        "capacity_mw": 8.5,
        "lat": 13.37,
        "lon": 77.594,
        "source": "WRI Power Database"
      }
    },
    {
      "type": "Feature",
      "geometry": {
        "type": "Point",
        "coordinates": [
          78.025,
          29.635
        ]
      },
      "properties": {
        "name": "Tughlakpur",
        "type": "Power Plant (Solar)",
        "category": "Thermal/Power Industry",
        "capacity_mw": 5.0,
        "lat": 29.635,
        "lon": 78.025,
        "source": "WRI Power Database"
      }
    },
    {
      "type": "Feature",
      "geometry": {
        "type": "Point",
        "coordinates": [
          76.742,
          13.269
        ]
      },
      "properties": {
        "name": "Turuvekere",
        "type": "Power Plant (Solar)",
        "category": "Thermal/Power Industry",
        "capacity_mw": 20.0,
        "lat": 13.269,
        "lon": 76.742,
        "source": "WRI Power Database"
      }
    },
    {
      "type": "Feature",
      "geometry": {
        "type": "Point",
        "coordinates": [
          75.5819,
          32.3367
        ]
      },
      "properties": {
        "name": "U.B.D.C. ST.-I& II",
        "type": "Power Plant (Hydro)",
        "category": "Thermal/Power Industry",
        "capacity_mw": 91.35,
        "lat": 32.3367,
        "lon": 75.5819,
        "source": "WRI Power Database"
      }
    },
    {
      "type": "Feature",
      "geometry": {
        "type": "Point",
        "coordinates": [
          88.5572,
          27.2614
        ]
      },
      "properties": {
        "name": "U.ROGNICHU",
        "type": "Power Plant (Hydro)",
        "category": "Thermal/Power Industry",
        "capacity_mw": 8.0,
        "lat": 27.2614,
        "lon": 88.5572,
        "source": "WRI Power Database"
      }
    },
    {
      "type": "Feature",
      "geometry": {
        "type": "Point",
        "coordinates": [
          83.1215,
          21.8858
        ]
      },
      "properties": {
        "name": "UCHPINDA TPP",
        "type": "Power Plant (Coal)",
        "category": "Thermal/Power Industry",
        "capacity_mw": 1440.0,
        "lat": 21.8858,
        "lon": 83.1215,
        "source": "WRI Power Database"
      }
    },
    {
      "type": "Feature",
      "geometry": {
        "type": "Point",
        "coordinates": [
          74.8002,
          13.1596
        ]
      },
      "properties": {
        "name": "UDUPI TPP",
        "type": "Power Plant (Coal)",
        "category": "Thermal/Power Industry",
        "capacity_mw": 1200.0,
        "lat": 13.1596,
        "lon": 74.8002,
        "source": "WRI Power Database"
      }
    },
    {
      "type": "Feature",
      "geometry": {
        "type": "Point",
        "coordinates": [
          75.1197,
          18.0723
        ]
      },
      "properties": {
        "name": "UJJAINI",
        "type": "Power Plant (Hydro)",
        "category": "Thermal/Power Industry",
        "capacity_mw": 12.0,
        "lat": 18.0723,
        "lon": 75.1197,
        "source": "WRI Power Database"
      }
    },
    {
      "type": "Feature",
      "geometry": {
        "type": "Point",
        "coordinates": [
          73.5917,
          21.2323
        ]
      },
      "properties": {
        "name": "UKAI LBC",
        "type": "Power Plant (Hydro)",
        "category": "Thermal/Power Industry",
        "capacity_mw": 5.0,
        "lat": 21.2323,
        "lon": 73.5917,
        "source": "WRI Power Database"
      }
    },
    {
      "type": "Feature",
      "geometry": {
        "type": "Point",
        "coordinates": [
          73.5574,
          21.2093
        ]
      },
      "properties": {
        "name": "UKAI_Coal",
        "type": "Power Plant (Coal)",
        "category": "Thermal/Power Industry",
        "capacity_mw": 1110.0,
        "lat": 21.2093,
        "lon": 73.5574,
        "source": "WRI Power Database"
      }
    },
    {
      "type": "Feature",
      "geometry": {
        "type": "Point",
        "coordinates": [
          73.5866,
          21.2478
        ]
      },
      "properties": {
        "name": "UKAI_Hydro",
        "type": "Power Plant (Hydro)",
        "category": "Thermal/Power Industry",
        "capacity_mw": 300.0,
        "lat": 21.2478,
        "lon": 73.5866,
        "source": "WRI Power Database"
      }
    },
    {
      "type": "Feature",
      "geometry": {
        "type": "Point",
        "coordinates": [
          91.9003,
          25.6593
        ]
      },
      "properties": {
        "name": "UMIAM I II &IV",
        "type": "Power Plant (Hydro)",
        "category": "Thermal/Power Industry",
        "capacity_mw": 96.0,
        "lat": 25.6593,
        "lon": 91.9003,
        "source": "WRI Power Database"
      }
    },
    {
      "type": "Feature",
      "geometry": {
        "type": "Point",
        "coordinates": [
          91.8114,
          26.0069
        ]
      },
      "properties": {
        "name": "UMTRU (NEW)",
        "type": "Power Plant (Hydro)",
        "category": "Thermal/Power Industry",
        "capacity_mw": 11.2,
        "lat": 26.0069,
        "lon": 91.8114,
        "source": "WRI Power Database"
      }
    },
    {
      "type": "Feature",
      "geometry": {
        "type": "Point",
        "coordinates": [
          81.3274,
          25.9131
        ]
      },
      "properties": {
        "name": "UNCHAHAR",
        "type": "Power Plant (Coal)",
        "category": "Thermal/Power Industry",
        "capacity_mw": 1550.0,
        "lat": 25.9131,
        "lon": 81.3274,
        "source": "WRI Power Database"
      }
    },
    {
      "type": "Feature",
      "geometry": {
        "type": "Point",
        "coordinates": [
          72.9895,
          21.3411
        ]
      },
      "properties": {
        "name": "UNO SUGEN",
        "type": "Power Plant (Gas)",
        "category": "Thermal/Power Industry",
        "capacity_mw": 382.5,
        "lat": 21.3411,
        "lon": 72.9895,
        "source": "WRI Power Database"
      }
    },
    {
      "type": "Feature",
      "geometry": {
        "type": "Point",
        "coordinates": [
          77.5123,
          10.838
        ]
      },
      "properties": {
        "name": "UPL Dharapuram Wind Farm",
        "type": "Power Plant (Wind)",
        "category": "Thermal/Power Industry",
        "capacity_mw": 1.7,
        "lat": 10.838,
        "lon": 77.5123,
        "source": "WRI Power Database"
      }
    },
    {
      "type": "Feature",
      "geometry": {
        "type": "Point",
        "coordinates": [
          82.8594,
          19.4269
        ]
      },
      "properties": {
        "name": "UPPAR INDRAVATI",
        "type": "Power Plant (Hydro)",
        "category": "Thermal/Power Industry",
        "capacity_mw": 600.0,
        "lat": 19.4269,
        "lon": 82.8594,
        "source": "WRI Power Database"
      }
    },
    {
      "type": "Feature",
      "geometry": {
        "type": "Point",
        "coordinates": [
          82.5934,
          18.8315
        ]
      },
      "properties": {
        "name": "UPPER KOLAB",
        "type": "Power Plant (Hydro)",
        "category": "Thermal/Power Industry",
        "capacity_mw": 320.0,
        "lat": 18.8315,
        "lon": 82.5934,
        "source": "WRI Power Database"
      }
    },
    {
      "type": "Feature",
      "geometry": {
        "type": "Point",
        "coordinates": [
          82.0179,
          18.0313
        ]
      },
      "properties": {
        "name": "UPPER SILERU I&II",
        "type": "Power Plant (Hydro)",
        "category": "Thermal/Power Industry",
        "capacity_mw": 240.0,
        "lat": 18.0313,
        "lon": 82.0179,
        "source": "WRI Power Database"
      }
    },
    {
      "type": "Feature",
      "geometry": {
        "type": "Point",
        "coordinates": [
          75.1245,
          34.198
        ]
      },
      "properties": {
        "name": "UPPER SINDH I& II",
        "type": "Power Plant (Hydro)",
        "category": "Thermal/Power Industry",
        "capacity_mw": 105.0,
        "lat": 34.198,
        "lon": 75.1245,
        "source": "WRI Power Database"
      }
    },
    {
      "type": "Feature",
      "geometry": {
        "type": "Point",
        "coordinates": [
          72.9715,
          18.88
        ]
      },
      "properties": {
        "name": "URAN GT",
        "type": "Power Plant (Gas)",
        "category": "Thermal/Power Industry",
        "capacity_mw": 672.0,
        "lat": 18.88,
        "lon": 72.9715,
        "source": "WRI Power Database"
      }
    },
    {
      "type": "Feature",
      "geometry": {
        "type": "Point",
        "coordinates": [
          72.9293,
          18.8681
        ]
      },
      "properties": {
        "name": "URAN ONGC",
        "type": "Power Plant (Gas)",
        "category": "Thermal/Power Industry",
        "capacity_mw": 62.6,
        "lat": 18.8681,
        "lon": 72.9293,
        "source": "WRI Power Database"
      }
    },
    {
      "type": "Feature",
      "geometry": {
        "type": "Point",
        "coordinates": [
          74.1857,
          34.1442
        ]
      },
      "properties": {
        "name": "URI",
        "type": "Power Plant (Hydro)",
        "category": "Thermal/Power Industry",
        "capacity_mw": 480.0,
        "lat": 34.1442,
        "lon": 74.1857,
        "source": "WRI Power Database"
      }
    },
    {
      "type": "Feature",
      "geometry": {
        "type": "Point",
        "coordinates": [
          74.0318,
          34.0921
        ]
      },
      "properties": {
        "name": "URI -II",
        "type": "Power Plant (Hydro)",
        "category": "Thermal/Power Industry",
        "capacity_mw": 240.0,
        "lat": 34.0921,
        "lon": 74.0318,
        "source": "WRI Power Database"
      }
    },
    {
      "type": "Feature",
      "geometry": {
        "type": "Point",
        "coordinates": [
          76.0584,
          11.3727
        ]
      },
      "properties": {
        "name": "URUMI",
        "type": "Power Plant (Hydro)",
        "category": "Thermal/Power Industry",
        "capacity_mw": 3.75,
        "lat": 11.3727,
        "lon": 76.0584,
        "source": "WRI Power Database"
      }
    },
    {
      "type": "Feature",
      "geometry": {
        "type": "Point",
        "coordinates": [
          72.8705,
          21.2285
        ]
      },
      "properties": {
        "name": "UTRAN CCCP EXT",
        "type": "Power Plant (Gas)",
        "category": "Thermal/Power Industry",
        "capacity_mw": 374.571,
        "lat": 21.2285,
        "lon": 72.8705,
        "source": "WRI Power Database"
      }
    },
    {
      "type": "Feature",
      "geometry": {
        "type": "Point",
        "coordinates": [
          82.3166,
          27.3455
        ]
      },
      "properties": {
        "name": "UTRAULA TPP",
        "type": "Power Plant (Coal)",
        "category": "Thermal/Power Industry",
        "capacity_mw": 90.0,
        "lat": 27.3455,
        "lon": 82.3166,
        "source": "WRI Power Database"
      }
    },
    {
      "type": "Feature",
      "geometry": {
        "type": "Point",
        "coordinates": [
          77.237,
          10.6143
        ]
      },
      "properties": {
        "name": "Udumalpet Wind Farm",
        "type": "Power Plant (Wind)",
        "category": "Thermal/Power Industry",
        "capacity_mw": 25.7,
        "lat": 10.6143,
        "lon": 77.237,
        "source": "WRI Power Database"
      }
    },
    {
      "type": "Feature",
      "geometry": {
        "type": "Point",
        "coordinates": [
          72.127,
          26.971
        ]
      },
      "properties": {
        "name": "Ugaras",
        "type": "Power Plant (Solar)",
        "category": "Thermal/Power Industry",
        "capacity_mw": 20.0,
        "lat": 26.971,
        "lon": 72.127,
        "source": "WRI Power Database"
      }
    },
    {
      "type": "Feature",
      "geometry": {
        "type": "Point",
        "coordinates": [
          81.315,
          25.889
        ]
      },
      "properties": {
        "name": "Unchahar",
        "type": "Power Plant (Solar)",
        "category": "Thermal/Power Industry",
        "capacity_mw": 10.0,
        "lat": 25.889,
        "lon": 81.315,
        "source": "WRI Power Database"
      }
    },
    {
      "type": "Feature",
      "geometry": {
        "type": "Point",
        "coordinates": [
          76.917,
          15.518
        ]
      },
      "properties": {
        "name": "Uppara Hosahalli A",
        "type": "Power Plant (Solar)",
        "category": "Thermal/Power Industry",
        "capacity_mw": 20.0,
        "lat": 15.518,
        "lon": 76.917,
        "source": "WRI Power Database"
      }
    },
    {
      "type": "Feature",
      "geometry": {
        "type": "Point",
        "coordinates": [
          73.6448,
          18.7127
        ]
      },
      "properties": {
        "name": "Urse",
        "type": "Power Plant (Solar)",
        "category": "Thermal/Power Industry",
        "capacity_mw": 5.5,
        "lat": 18.7127,
        "lon": 73.6448,
        "source": "WRI Power Database"
      }
    },
    {
      "type": "Feature",
      "geometry": {
        "type": "Point",
        "coordinates": [
          73.904,
          30.034
        ]
      },
      "properties": {
        "name": "Usmankhera",
        "type": "Power Plant (Solar)",
        "category": "Thermal/Power Industry",
        "capacity_mw": 25.0,
        "lat": 30.034,
        "lon": 73.904,
        "source": "WRI Power Database"
      }
    },
    {
      "type": "Feature",
      "geometry": {
        "type": "Point",
        "coordinates": [
          77.5905,
          10.0537
        ]
      },
      "properties": {
        "name": "VAIGAI DAM",
        "type": "Power Plant (Hydro)",
        "category": "Thermal/Power Industry",
        "capacity_mw": 13.5,
        "lat": 10.0537,
        "lon": 77.5905,
        "source": "WRI Power Database"
      }
    },
    {
      "type": "Feature",
      "geometry": {
        "type": "Point",
        "coordinates": [
          73.502,
          19.7674
        ]
      },
      "properties": {
        "name": "VAITARNA",
        "type": "Power Plant (Hydro)",
        "category": "Thermal/Power Industry",
        "capacity_mw": 60.0,
        "lat": 19.7674,
        "lon": 73.502,
        "source": "WRI Power Database"
      }
    },
    {
      "type": "Feature",
      "geometry": {
        "type": "Point",
        "coordinates": [
          78.9215,
          9.3279
        ]
      },
      "properties": {
        "name": "VALANTHARVI GT",
        "type": "Power Plant (Gas)",
        "category": "Thermal/Power Industry",
        "capacity_mw": 52.8,
        "lat": 9.3279,
        "lon": 78.9215,
        "source": "WRI Power Database"
      }
    },
    {
      "type": "Feature",
      "geometry": {
        "type": "Point",
        "coordinates": [
          80.3023,
          13.2371
        ]
      },
      "properties": {
        "name": "VALLUR ntpc/ntecl",
        "type": "Power Plant (Coal)",
        "category": "Thermal/Power Industry",
        "capacity_mw": 1500.0,
        "lat": 13.2371,
        "lon": 80.3023,
        "source": "WRI Power Database"
      }
    },
    {
      "type": "Feature",
      "geometry": {
        "type": "Point",
        "coordinates": [
          78.9235,
          9.3484
        ]
      },
      "properties": {
        "name": "VALUTHUR GT",
        "type": "Power Plant (Gas)",
        "category": "Thermal/Power Industry",
        "capacity_mw": 187.2,
        "lat": 9.3484,
        "lon": 78.9235,
        "source": "WRI Power Database"
      }
    },
    {
      "type": "Feature",
      "geometry": {
        "type": "Point",
        "coordinates": [
          74.9484,
          13.6576
        ]
      },
      "properties": {
        "name": "VARAHI",
        "type": "Power Plant (Hydro)",
        "category": "Thermal/Power Industry",
        "capacity_mw": 460.0,
        "lat": 13.6576,
        "lon": 74.9484,
        "source": "WRI Power Database"
      }
    },
    {
      "type": "Feature",
      "geometry": {
        "type": "Point",
        "coordinates": [
          77.6515,
          22.7808
        ]
      },
      "properties": {
        "name": "VARDHAM BUDNI",
        "type": "Power Plant (Coal)",
        "category": "Thermal/Power Industry",
        "capacity_mw": 25.8,
        "lat": 22.7808,
        "lon": 77.6515,
        "source": "WRI Power Database"
      }
    },
    {
      "type": "Feature",
      "geometry": {
        "type": "Point",
        "coordinates": [
          77.5526,
          23.0752
        ]
      },
      "properties": {
        "name": "VARDHAM SATLAPUR",
        "type": "Power Plant (Coal)",
        "category": "Thermal/Power Industry",
        "capacity_mw": 30.75,
        "lat": 23.0752,
        "lon": 77.5526,
        "source": "WRI Power Database"
      }
    },
    {
      "type": "Feature",
      "geometry": {
        "type": "Point",
        "coordinates": [
          77.293,
          17.1605
        ]
      },
      "properties": {
        "name": "VASAVADATTA CEMENT",
        "type": "Power Plant (Coal)",
        "category": "Thermal/Power Industry",
        "capacity_mw": 50.7,
        "lat": 17.1605,
        "lon": 77.293,
        "source": "WRI Power Database"
      }
    },
    {
      "type": "Feature",
      "geometry": {
        "type": "Point",
        "coordinates": [
          81.8141,
          16.9238
        ]
      },
      "properties": {
        "name": "VEMAGIRI CCCP",
        "type": "Power Plant (Gas)",
        "category": "Thermal/Power Industry",
        "capacity_mw": 388.5,
        "lat": 16.9238,
        "lon": 81.8141,
        "source": "WRI Power Database"
      }
    },
    {
      "type": "Feature",
      "geometry": {
        "type": "Point",
        "coordinates": [
          75.3218,
          17.7382
        ]
      },
      "properties": {
        "name": "VENUNAGAR SUGAR",
        "type": "Power Plant (Biomass)",
        "category": "Thermal/Power Industry",
        "capacity_mw": 19.8,
        "lat": 17.7382,
        "lon": 75.3218,
        "source": "WRI Power Database"
      }
    },
    {
      "type": "Feature",
      "geometry": {
        "type": "Point",
        "coordinates": [
          77.1513,
          24.4978
        ]
      },
      "properties": {
        "name": "VIJAIPUR WORKS",
        "type": "Power Plant (Gas)",
        "category": "Thermal/Power Industry",
        "capacity_mw": 75.0,
        "lat": 24.4978,
        "lon": 77.1513,
        "source": "WRI Power Database"
      }
    },
    {
      "type": "Feature",
      "geometry": {
        "type": "Point",
        "coordinates": [
          80.537,
          16.5984
        ]
      },
      "properties": {
        "name": "VIJAYWADA",
        "type": "Power Plant (Coal)",
        "category": "Thermal/Power Industry",
        "capacity_mw": 1260.0,
        "lat": 16.5984,
        "lon": 80.537,
        "source": "WRI Power Database"
      }
    },
    {
      "type": "Feature",
      "geometry": {
        "type": "Point",
        "coordinates": [
          80.5382,
          16.5973
        ]
      },
      "properties": {
        "name": "VIJAYWADA TPP-IV",
        "type": "Power Plant (Coal)",
        "category": "Thermal/Power Industry",
        "capacity_mw": 500.0,
        "lat": 16.5973,
        "lon": 80.5382,
        "source": "WRI Power Database"
      }
    },
    {
      "type": "Feature",
      "geometry": {
        "type": "Point",
        "coordinates": [
          81.7245,
          16.9345
        ]
      },
      "properties": {
        "name": "VIJESWARAM GT",
        "type": "Power Plant (Gas)",
        "category": "Thermal/Power Industry",
        "capacity_mw": 272.3,
        "lat": 16.9345,
        "lon": 81.7245,
        "source": "WRI Power Database"
      }
    },
    {
      "type": "Feature",
      "geometry": {
        "type": "Point",
        "coordinates": [
          74.8012,
          24.5753
        ]
      },
      "properties": {
        "name": "VIKRAM CEMENT",
        "type": "Power Plant (Coal)",
        "category": "Thermal/Power Industry",
        "capacity_mw": 46.0,
        "lat": 24.5753,
        "lon": 74.8012,
        "source": "WRI Power Database"
      }
    },
    {
      "type": "Feature",
      "geometry": {
        "type": "Point",
        "coordinates": [
          82.6719,
          24.0983
        ]
      },
      "properties": {
        "name": "VINDH_CHAL STPS",
        "type": "Power Plant (Coal)",
        "category": "Thermal/Power Industry",
        "capacity_mw": 4760.0,
        "lat": 24.0983,
        "lon": 82.6719,
        "source": "WRI Power Database"
      }
    },
    {
      "type": "Feature",
      "geometry": {
        "type": "Point",
        "coordinates": [
          74.0968,
          18.121
        ]
      },
      "properties": {
        "name": "VIR",
        "type": "Power Plant (Hydro)",
        "category": "Thermal/Power Industry",
        "capacity_mw": 9.0,
        "lat": 18.121,
        "lon": 74.0968,
        "source": "WRI Power Database"
      }
    },
    {
      "type": "Feature",
      "geometry": {
        "type": "Point",
        "coordinates": [
          79.5468,
          30.5669
        ]
      },
      "properties": {
        "name": "VISHNU PRAYAG",
        "type": "Power Plant (Hydro)",
        "category": "Thermal/Power Industry",
        "capacity_mw": 400.0,
        "lat": 30.5669,
        "lon": 79.5468,
        "source": "WRI Power Database"
      }
    },
    {
      "type": "Feature",
      "geometry": {
        "type": "Point",
        "coordinates": [
          83.1382,
          17.5635
        ]
      },
      "properties": {
        "name": "VIZAG TPP",
        "type": "Power Plant (Coal)",
        "category": "Thermal/Power Industry",
        "capacity_mw": 1040.0,
        "lat": 17.5635,
        "lon": 83.1382,
        "source": "WRI Power Database"
      }
    },
    {
      "type": "Feature",
      "geometry": {
        "type": "Point",
        "coordinates": [
          74.9885,
          19.108
        ]
      },
      "properties": {
        "name": "Vaayu Ashti Wind Farm",
        "type": "Power Plant (Wind)",
        "category": "Thermal/Power Industry",
        "capacity_mw": 50.4,
        "lat": 19.108,
        "lon": 74.9885,
        "source": "WRI Power Database"
      }
    },
    {
      "type": "Feature",
      "geometry": {
        "type": "Point",
        "coordinates": [
          70.0684,
          21.8228
        ]
      },
      "properties": {
        "name": "Vadekhan",
        "type": "Power Plant (Solar)",
        "category": "Thermal/Power Industry",
        "capacity_mw": 5.0,
        "lat": 21.8228,
        "lon": 70.0684,
        "source": "WRI Power Database"
      }
    },
    {
      "type": "Feature",
      "geometry": {
        "type": "Point",
        "coordinates": [
          75.305,
          16.24
        ]
      },
      "properties": {
        "name": "Vajramatti Acme",
        "type": "Power Plant (Solar)",
        "category": "Thermal/Power Industry",
        "capacity_mw": 80.0,
        "lat": 16.24,
        "lon": 75.305,
        "source": "WRI Power Database"
      }
    },
    {
      "type": "Feature",
      "geometry": {
        "type": "Point",
        "coordinates": [
          75.415,
          16.32
        ]
      },
      "properties": {
        "name": "Vajramatti Energon",
        "type": "Power Plant (Solar)",
        "category": "Thermal/Power Industry",
        "capacity_mw": 100.0,
        "lat": 16.32,
        "lon": 75.415,
        "source": "WRI Power Database"
      }
    },
    {
      "type": "Feature",
      "geometry": {
        "type": "Point",
        "coordinates": [
          78.635,
          10.578
        ]
      },
      "properties": {
        "name": "Valathadippatti",
        "type": "Power Plant (Solar)",
        "category": "Thermal/Power Industry",
        "capacity_mw": 10.0,
        "lat": 10.578,
        "lon": 78.635,
        "source": "WRI Power Database"
      }
    },
    {
      "type": "Feature",
      "geometry": {
        "type": "Point",
        "coordinates": [
          76.58,
          14.367
        ]
      },
      "properties": {
        "name": "Varavoo Kaval Greenko",
        "type": "Power Plant (Solar)",
        "category": "Thermal/Power Industry",
        "capacity_mw": 100.0,
        "lat": 14.367,
        "lon": 76.58,
        "source": "WRI Power Database"
      }
    },
    {
      "type": "Feature",
      "geometry": {
        "type": "Point",
        "coordinates": [
          76.595,
          14.377
        ]
      },
      "properties": {
        "name": "Varavoo Kaval Today",
        "type": "Power Plant (Solar)",
        "category": "Thermal/Power Industry",
        "capacity_mw": 70.0,
        "lat": 14.377,
        "lon": 76.595,
        "source": "WRI Power Database"
      }
    },
    {
      "type": "Feature",
      "geometry": {
        "type": "Point",
        "coordinates": [
          74.812,
          17.557
        ]
      },
      "properties": {
        "name": "Varkute Malawadi",
        "type": "Power Plant (Solar)",
        "category": "Thermal/Power Industry",
        "capacity_mw": 100.0,
        "lat": 17.557,
        "lon": 74.812,
        "source": "WRI Power Database"
      }
    },
    {
      "type": "Feature",
      "geometry": {
        "type": "Point",
        "coordinates": [
          73.1273,
          21.4239
        ]
      },
      "properties": {
        "name": "Vastan Solar Power Plant",
        "type": "Power Plant (Solar)",
        "category": "Thermal/Power Industry",
        "capacity_mw": 5.0,
        "lat": 21.4239,
        "lon": 73.1273,
        "source": "WRI Power Database"
      }
    },
    {
      "type": "Feature",
      "geometry": {
        "type": "Point",
        "coordinates": [
          77.908,
          10.536
        ]
      },
      "properties": {
        "name": "Vedachandur",
        "type": "Power Plant (Solar)",
        "category": "Thermal/Power Industry",
        "capacity_mw": 9.0,
        "lat": 10.536,
        "lon": 77.908,
        "source": "WRI Power Database"
      }
    },
    {
      "type": "Feature",
      "geometry": {
        "type": "Point",
        "coordinates": [
          77.8899,
          10.5254
        ]
      },
      "properties": {
        "name": "Vedasandur",
        "type": "Power Plant (Solar)",
        "category": "Thermal/Power Industry",
        "capacity_mw": 5.0,
        "lat": 10.5254,
        "lon": 77.8899,
        "source": "WRI Power Database"
      }
    },
    {
      "type": "Feature",
      "geometry": {
        "type": "Point",
        "coordinates": [
          76.951,
          14.761
        ]
      },
      "properties": {
        "name": "Veerapuram",
        "type": "Power Plant (Solar)",
        "category": "Thermal/Power Industry",
        "capacity_mw": 5.0,
        "lat": 14.761,
        "lon": 76.951,
        "source": "WRI Power Database"
      }
    },
    {
      "type": "Feature",
      "geometry": {
        "type": "Point",
        "coordinates": [
          77.903,
          16.529
        ]
      },
      "properties": {
        "name": "Veltoor Renew",
        "type": "Power Plant (Solar)",
        "category": "Thermal/Power Industry",
        "capacity_mw": 100.0,
        "lat": 16.529,
        "lon": 77.903,
        "source": "WRI Power Database"
      }
    },
    {
      "type": "Feature",
      "geometry": {
        "type": "Point",
        "coordinates": [
          77.909,
          16.468
        ]
      },
      "properties": {
        "name": "Veltoor SP",
        "type": "Power Plant (Solar)",
        "category": "Thermal/Power Industry",
        "capacity_mw": 100.0,
        "lat": 16.468,
        "lon": 77.909,
        "source": "WRI Power Database"
      }
    },
    {
      "type": "Feature",
      "geometry": {
        "type": "Point",
        "coordinates": [
          77.867,
          16.445
        ]
      },
      "properties": {
        "name": "Veltoor Suzlon",
        "type": "Power Plant (Solar)",
        "category": "Thermal/Power Industry",
        "capacity_mw": 100.0,
        "lat": 16.445,
        "lon": 77.867,
        "source": "WRI Power Database"
      }
    },
    {
      "type": "Feature",
      "geometry": {
        "type": "Point",
        "coordinates": [
          78.336,
          16.78
        ]
      },
      "properties": {
        "name": "Vemula",
        "type": "Power Plant (Solar)",
        "category": "Thermal/Power Industry",
        "capacity_mw": 10.0,
        "lat": 16.78,
        "lon": 78.336,
        "source": "WRI Power Database"
      }
    },
    {
      "type": "Feature",
      "geometry": {
        "type": "Point",
        "coordinates": [
          78.201,
          15.234
        ]
      },
      "properties": {
        "name": "Vemulapadu",
        "type": "Power Plant (Solar)",
        "category": "Thermal/Power Industry",
        "capacity_mw": 70.0,
        "lat": 15.234,
        "lon": 78.201,
        "source": "WRI Power Database"
      }
    },
    {
      "type": "Feature",
      "geometry": {
        "type": "Point",
        "coordinates": [
          78.624,
          17.441
        ]
      },
      "properties": {
        "name": "Venkatapur",
        "type": "Power Plant (Solar)",
        "category": "Thermal/Power Industry",
        "capacity_mw": 5.0,
        "lat": 17.441,
        "lon": 78.624,
        "source": "WRI Power Database"
      }
    },
    {
      "type": "Feature",
      "geometry": {
        "type": "Point",
        "coordinates": [
          77.979,
          17.344
        ]
      },
      "properties": {
        "name": "Vikarabad",
        "type": "Power Plant (Solar)",
        "category": "Thermal/Power Industry",
        "capacity_mw": 23.0,
        "lat": 17.344,
        "lon": 77.979,
        "source": "WRI Power Database"
      }
    },
    {
      "type": "Feature",
      "geometry": {
        "type": "Point",
        "coordinates": [
          77.841,
          15.023
        ]
      },
      "properties": {
        "name": "Virannapalle",
        "type": "Power Plant (Solar)",
        "category": "Thermal/Power Industry",
        "capacity_mw": 50.0,
        "lat": 15.023,
        "lon": 77.841,
        "source": "WRI Power Database"
      }
    },
    {
      "type": "Feature",
      "geometry": {
        "type": "Point",
        "coordinates": [
          83.255,
          17.719
        ]
      },
      "properties": {
        "name": "Visakhapatnam Port",
        "type": "Power Plant (Solar)",
        "category": "Thermal/Power Industry",
        "capacity_mw": 10.0,
        "lat": 17.719,
        "lon": 83.255,
        "source": "WRI Power Database"
      }
    },
    {
      "type": "Feature",
      "geometry": {
        "type": "Point",
        "coordinates": [
          76.9775,
          17.0552
        ]
      },
      "properties": {
        "name": "WADI CEMENT PLANT",
        "type": "Power Plant (Coal)",
        "category": "Thermal/Power Industry",
        "capacity_mw": 75.0,
        "lat": 17.0552,
        "lon": 76.9775,
        "source": "WRI Power Database"
      }
    },
    {
      "type": "Feature",
      "geometry": {
        "type": "Point",
        "coordinates": [
          73.3588,
          22.8725
        ]
      },
      "properties": {
        "name": "WANAKBORI",
        "type": "Power Plant (Coal)",
        "category": "Thermal/Power Industry",
        "capacity_mw": 1470.0,
        "lat": 22.8725,
        "lon": 73.3588,
        "source": "WRI Power Database"
      }
    },
    {
      "type": "Feature",
      "geometry": {
        "type": "Point",
        "coordinates": [
          78.9792,
          20.2727
        ]
      },
      "properties": {
        "name": "WARDHA WARORA(Sai Wardha Power)",
        "type": "Power Plant (Coal)",
        "category": "Thermal/Power Industry",
        "capacity_mw": 540.0,
        "lat": 20.2727,
        "lon": 78.9792,
        "source": "WRI Power Database"
      }
    },
    {
      "type": "Feature",
      "geometry": {
        "type": "Point",
        "coordinates": [
          78.6385,
          20.6964
        ]
      },
      "properties": {
        "name": "WARDHA WORKS",
        "type": "Power Plant (Coal)",
        "category": "Thermal/Power Industry",
        "capacity_mw": 80.0,
        "lat": 20.6964,
        "lon": 78.6385,
        "source": "WRI Power Database"
      }
    },
    {
      "type": "Feature",
      "geometry": {
        "type": "Point",
        "coordinates": [
          73.866,
          17.1401
        ]
      },
      "properties": {
        "name": "WARNA",
        "type": "Power Plant (Hydro)",
        "category": "Thermal/Power Industry",
        "capacity_mw": 16.0,
        "lat": 17.1401,
        "lon": 73.866,
        "source": "WRI Power Database"
      }
    },
    {
      "type": "Feature",
      "geometry": {
        "type": "Point",
        "coordinates": [
          77.5684,
          30.3033
        ]
      },
      "properties": {
        "name": "WY.CANAL A -D",
        "type": "Power Plant (Hydro)",
        "category": "Thermal/Power Industry",
        "capacity_mw": 62.4,
        "lat": 30.3033,
        "lon": 77.5684,
        "source": "WRI Power Database"
      }
    },
    {
      "type": "Feature",
      "geometry": {
        "type": "Point",
        "coordinates": [
          79.562,
          17.505
        ]
      },
      "properties": {
        "name": "Waddekothapally",
        "type": "Power Plant (Solar)",
        "category": "Thermal/Power Industry",
        "capacity_mw": 42.0,
        "lat": 17.505,
        "lon": 79.562,
        "source": "WRI Power Database"
      }
    },
    {
      "type": "Feature",
      "geometry": {
        "type": "Point",
        "coordinates": [
          72.4397,
          22.3172
        ]
      },
      "properties": {
        "name": "Wadgam Solar Power Plant",
        "type": "Power Plant (Solar)",
        "category": "Thermal/Power Industry",
        "capacity_mw": 15.0,
        "lat": 22.3172,
        "lon": 72.4397,
        "source": "WRI Power Database"
      }
    },
    {
      "type": "Feature",
      "geometry": {
        "type": "Point",
        "coordinates": [
          76.345,
          17.605
        ]
      },
      "properties": {
        "name": "Wagdari",
        "type": "Power Plant (Solar)",
        "category": "Thermal/Power Industry",
        "capacity_mw": 50.0,
        "lat": 17.605,
        "lon": 76.345,
        "source": "WRI Power Database"
      }
    },
    {
      "type": "Feature",
      "geometry": {
        "type": "Point",
        "coordinates": [
          79.395,
          12.955
        ]
      },
      "properties": {
        "name": "Walaja",
        "type": "Power Plant (Solar)",
        "category": "Thermal/Power Industry",
        "capacity_mw": 5.0,
        "lat": 12.955,
        "lon": 79.395,
        "source": "WRI Power Database"
      }
    },
    {
      "type": "Feature",
      "geometry": {
        "type": "Point",
        "coordinates": [
          78.002,
          16.444
        ]
      },
      "properties": {
        "name": "Wanaparthy Mytrah",
        "type": "Power Plant (Solar)",
        "category": "Thermal/Power Industry",
        "capacity_mw": 50.0,
        "lat": 16.444,
        "lon": 78.002,
        "source": "WRI Power Database"
      }
    },
    {
      "type": "Feature",
      "geometry": {
        "type": "Point",
        "coordinates": [
          78.069,
          16.424
        ]
      },
      "properties": {
        "name": "Wanaparthy Ostro",
        "type": "Power Plant (Solar)",
        "category": "Thermal/Power Industry",
        "capacity_mw": 50.0,
        "lat": 16.424,
        "lon": 78.069,
        "source": "WRI Power Database"
      }
    },
    {
      "type": "Feature",
      "geometry": {
        "type": "Point",
        "coordinates": [
          79.0237,
          20.301
        ]
      },
      "properties": {
        "name": "Warora Solar Power Plant",
        "type": "Power Plant (Solar)",
        "category": "Thermal/Power Industry",
        "capacity_mw": 25.0,
        "lat": 20.301,
        "lon": 79.0237,
        "source": "WRI Power Database"
      }
    },
    {
      "type": "Feature",
      "geometry": {
        "type": "Point",
        "coordinates": [
          77.2216,
          9.8881
        ]
      },
      "properties": {
        "name": "Weizzmann Forex Idukki Wind Farm",
        "type": "Power Plant (Wind)",
        "category": "Thermal/Power Industry",
        "capacity_mw": 3.6,
        "lat": 9.8881,
        "lon": 77.2216,
        "source": "WRI Power Database"
      }
    },
    {
      "type": "Feature",
      "geometry": {
        "type": "Point",
        "coordinates": [
          77.4466,
          8.8709
        ]
      },
      "properties": {
        "name": "Wind power project by Riddhi Siddhi Gluco Biols Limited (RSGBL)",
        "type": "Power Plant (Wind)",
        "category": "Thermal/Power Industry",
        "capacity_mw": 34.65,
        "lat": 8.8709,
        "lon": 77.4466,
        "source": "WRI Power Database"
      }
    },
    {
      "type": "Feature",
      "geometry": {
        "type": "Point",
        "coordinates": [
          70.6877,
          27.1715
        ]
      },
      "properties": {
        "name": "Wind power project in Rajasthan",
        "type": "Power Plant (Wind)",
        "category": "Thermal/Power Industry",
        "capacity_mw": 42.0,
        "lat": 27.1715,
        "lon": 70.6877,
        "source": "WRI Power Database"
      }
    },
    {
      "type": "Feature",
      "geometry": {
        "type": "Point",
        "coordinates": [
          77.3257,
          30.1081
        ]
      },
      "properties": {
        "name": "YAMUNANAGAR TPP",
        "type": "Power Plant (Coal)",
        "category": "Thermal/Power Industry",
        "capacity_mw": 600.0,
        "lat": 30.1081,
        "lon": 77.3257,
        "source": "WRI Power Database"
      }
    },
    {
      "type": "Feature",
      "geometry": {
        "type": "Point",
        "coordinates": [
          74.2456,
          17.1653
        ]
      },
      "properties": {
        "name": "YASHWANTRAO MOHITE",
        "type": "Power Plant (Biomass)",
        "category": "Thermal/Power Industry",
        "capacity_mw": 16.0,
        "lat": 17.1653,
        "lon": 74.2456,
        "source": "WRI Power Database"
      }
    },
    {
      "type": "Feature",
      "geometry": {
        "type": "Point",
        "coordinates": [
          77.5838,
          13.1156
        ]
      },
      "properties": {
        "name": "YELHANKA (DG)",
        "type": "Power Plant (Oil)",
        "category": "Thermal/Power Industry",
        "capacity_mw": 106.6,
        "lat": 13.1156,
        "lon": 77.5838,
        "source": "WRI Power Database"
      }
    },
    {
      "type": "Feature",
      "geometry": {
        "type": "Point",
        "coordinates": [
          77.3568,
          16.2949
        ]
      },
      "properties": {
        "name": "YERMARUS TPP",
        "type": "Power Plant (Coal)",
        "category": "Thermal/Power Industry",
        "capacity_mw": 1600.0,
        "lat": 16.2949,
        "lon": 77.3568,
        "source": "WRI Power Database"
      }
    },
    {
      "type": "Feature",
      "geometry": {
        "type": "Point",
        "coordinates": [
          77.209,
          16.647
        ]
      },
      "properties": {
        "name": "Yadgiri",
        "type": "Power Plant (Solar)",
        "category": "Thermal/Power Industry",
        "capacity_mw": 20.0,
        "lat": 16.647,
        "lon": 77.209,
        "source": "WRI Power Database"
      }
    },
    {
      "type": "Feature",
      "geometry": {
        "type": "Point",
        "coordinates": [
          77.757,
          16.006
        ]
      },
      "properties": {
        "name": "Yapadinne A",
        "type": "Power Plant (Solar)",
        "category": "Thermal/Power Industry",
        "capacity_mw": 5.0,
        "lat": 16.006,
        "lon": 77.757,
        "source": "WRI Power Database"
      }
    },
    {
      "type": "Feature",
      "geometry": {
        "type": "Point",
        "coordinates": [
          77.505,
          16.29
        ]
      },
      "properties": {
        "name": "Yapaladinni II",
        "type": "Power Plant (Solar)",
        "category": "Thermal/Power Industry",
        "capacity_mw": 5.0,
        "lat": 16.29,
        "lon": 77.505,
        "source": "WRI Power Database"
      }
    },
    {
      "type": "Feature",
      "geometry": {
        "type": "Point",
        "coordinates": [
          78.1654,
          12.8932
        ]
      },
      "properties": {
        "name": "Yelesandra Solar Power Plant",
        "type": "Power Plant (Solar)",
        "category": "Thermal/Power Industry",
        "capacity_mw": 3.0,
        "lat": 12.8932,
        "lon": 78.1654,
        "source": "WRI Power Database"
      }
    },
    {
      "type": "Feature",
      "geometry": {
        "type": "Point",
        "coordinates": [
          75.5811,
          15.2758
        ]
      },
      "properties": {
        "name": "Yelisirur wind power project",
        "type": "Power Plant (Wind)",
        "category": "Thermal/Power Industry",
        "capacity_mw": 25.5,
        "lat": 15.2758,
        "lon": 75.5811,
        "source": "WRI Power Database"
      }
    },
    {
      "type": "Feature",
      "geometry": {
        "type": "Point",
        "coordinates": [
          74.815,
          14.975
        ]
      },
      "properties": {
        "name": "Yellapur",
        "type": "Power Plant (Solar)",
        "category": "Thermal/Power Industry",
        "capacity_mw": 50.0,
        "lat": 14.975,
        "lon": 74.815,
        "source": "WRI Power Database"
      }
    },
    {
      "type": "Feature",
      "geometry": {
        "type": "Point",
        "coordinates": [
          73.7477,
          24.35
        ]
      },
      "properties": {
        "name": "ZAWAR MINES",
        "type": "Power Plant (Coal)",
        "category": "Thermal/Power Industry",
        "capacity_mw": 80.0,
        "lat": 24.35,
        "lon": 73.7477,
        "source": "WRI Power Database"
      }
    },
    {
      "type": "Feature",
      "geometry": {
        "type": "Point",
        "coordinates": [
          77.557,
          17.659
        ]
      },
      "properties": {
        "name": "Zaheerabad",
        "type": "Power Plant (Solar)",
        "category": "Thermal/Power Industry",
        "capacity_mw": 50.0,
        "lat": 17.659,
        "lon": 77.557,
        "source": "WRI Power Database"
      }
    },
    {
      "type": "Feature",
      "geometry": {
        "type": "Point",
        "coordinates": [
          77.552,
          17.654
        ]
      },
      "properties": {
        "name": "Zaheerabad 2",
        "type": "Power Plant (Solar)",
        "category": "Thermal/Power Industry",
        "capacity_mw": 10.0,
        "lat": 17.654,
        "lon": 77.552,
        "source": "WRI Power Database"
      }
    },
    {
      "type": "Feature",
      "geometry": {
        "type": "Point",
        "coordinates": [
          77.4768,
          9.9344
        ]
      },
      "properties": {
        "name": "iEnergy Theni Wind Farm",
        "type": "Power Plant (Wind)",
        "category": "Thermal/Power Industry",
        "capacity_mw": 16.5,
        "lat": 9.9344,
        "lon": 77.4768,
        "source": "WRI Power Database"
      }
    },
    {
      "type": "Feature",
      "geometry": {
        "type": "Point",
        "coordinates": [
          91.287056,
          23.825018
        ]
      },
      "properties": {
        "name": "Agartala power plant",
        "type": "Oil & Gas / Petrochemical Facility",
        "category": "Petrochemical / Refinery",
        "capacity_mw": 135.0,
        "lat": 23.825018,
        "lon": 91.287056,
        "source": "GEM Oil & Gas Tracker"
      }
    },
    {
      "type": "Feature",
      "geometry": {
        "type": "Point",
        "coordinates": [
          73.183,
          21.638747
        ]
      },
      "properties": {
        "name": "Ankleshwar Caustic Plant power station",
        "type": "Oil & Gas / Petrochemical Facility",
        "category": "Petrochemical / Refinery",
        "capacity_mw": 50.0,
        "lat": 21.638747,
        "lon": 73.183,
        "source": "GEM Oil & Gas Tracker"
      }
    },
    {
      "type": "Feature",
      "geometry": {
        "type": "Point",
        "coordinates": [
          76.3188,
          25.1797
        ]
      },
      "properties": {
        "name": "Anta power plant",
        "type": "Oil & Gas / Petrochemical Facility",
        "category": "Petrochemical / Refinery",
        "capacity_mw": 419.3,
        "lat": 25.1797,
        "lon": 76.3188,
        "source": "GEM Oil & Gas Tracker"
      }
    },
    {
      "type": "Feature",
      "geometry": {
        "type": "Point",
        "coordinates": [
          78.923287,
          9.328504
        ]
      },
      "properties": {
        "name": "Arkay Energy Rameswarm power station",
        "type": "Oil & Gas / Petrochemical Facility",
        "category": "Petrochemical / Refinery",
        "capacity_mw": 150.0,
        "lat": 9.328504,
        "lon": 78.923287,
        "source": "GEM Oil & Gas Tracker"
      }
    },
    {
      "type": "Feature",
      "geometry": {
        "type": "Point",
        "coordinates": [
          95.406384,
          27.340995
        ]
      },
      "properties": {
        "name": "Assam Gas Based power station",
        "type": "Oil & Gas / Petrochemical Facility",
        "category": "Petrochemical / Refinery",
        "capacity_mw": 97.0,
        "lat": 27.340995,
        "lon": 95.406384,
        "source": "GEM Oil & Gas Tracker"
      }
    },
    {
      "type": "Feature",
      "geometry": {
        "type": "Point",
        "coordinates": [
          95.406384,
          27.340995
        ]
      },
      "properties": {
        "name": "Assam Gas Based power station",
        "type": "Oil & Gas / Petrochemical Facility",
        "category": "Petrochemical / Refinery",
        "capacity_mw": 97.0,
        "lat": 27.340995,
        "lon": 95.406384,
        "source": "GEM Oil & Gas Tracker"
      }
    },
    {
      "type": "Feature",
      "geometry": {
        "type": "Point",
        "coordinates": [
          95.406384,
          27.340995
        ]
      },
      "properties": {
        "name": "Assam Gas Based power station",
        "type": "Oil & Gas / Petrochemical Facility",
        "category": "Petrochemical / Refinery",
        "capacity_mw": 97.0,
        "lat": 27.340995,
        "lon": 95.406384,
        "source": "GEM Oil & Gas Tracker"
      }
    },
    {
      "type": "Feature",
      "geometry": {
        "type": "Point",
        "coordinates": [
          79.5286,
          26.6282
        ]
      },
      "properties": {
        "name": "Auraiya Combined Cycle power plant",
        "type": "Oil & Gas / Petrochemical Facility",
        "category": "Petrochemical / Refinery",
        "capacity_mw": 663.0,
        "lat": 26.6282,
        "lon": 79.5286,
        "source": "GEM Oil & Gas Tracker"
      }
    },
    {
      "type": "Feature",
      "geometry": {
        "type": "Point",
        "coordinates": [
          94.873359,
          27.469295
        ]
      },
      "properties": {
        "name": "BCPL Captive power plant",
        "type": "Oil & Gas / Petrochemical Facility",
        "category": "Petrochemical / Refinery",
        "capacity_mw": 53.0,
        "lat": 27.469295,
        "lon": 94.873359,
        "source": "GEM Oil & Gas Tracker"
      }
    },
    {
      "type": "Feature",
      "geometry": {
        "type": "Point",
        "coordinates": [
          76.319108,
          10.074502
        ]
      },
      "properties": {
        "name": "BSES Kerala power station",
        "type": "Oil & Gas / Petrochemical Facility",
        "category": "Petrochemical / Refinery",
        "capacity_mw": 165.0,
        "lat": 10.074502,
        "lon": 76.319108,
        "source": "GEM Oil & Gas Tracker"
      }
    },
    {
      "type": "Feature",
      "geometry": {
        "type": "Point",
        "coordinates": [
          80.270147,
          13.098919
        ]
      },
      "properties": {
        "name": "Basin Bridge power station",
        "type": "Oil & Gas / Petrochemical Facility",
        "category": "Petrochemical / Refinery",
        "capacity_mw": 730.0,
        "lat": 13.098919,
        "lon": 80.270147,
        "source": "GEM Oil & Gas Tracker"
      }
    },
    {
      "type": "Feature",
      "geometry": {
        "type": "Point",
        "coordinates": [
          80.270147,
          13.098919
        ]
      },
      "properties": {
        "name": "Basin Bridge power station",
        "type": "Oil & Gas / Petrochemical Facility",
        "category": "Petrochemical / Refinery",
        "capacity_mw": 730.0,
        "lat": 13.098919,
        "lon": 80.270147,
        "source": "GEM Oil & Gas Tracker"
      }
    },
    {
      "type": "Feature",
      "geometry": {
        "type": "Point",
        "coordinates": [
          72.656204,
          21.114424
        ]
      },
      "properties": {
        "name": "Bhander power station",
        "type": "Oil & Gas / Petrochemical Facility",
        "category": "Petrochemical / Refinery",
        "capacity_mw": 500.0,
        "lat": 21.114424,
        "lon": 72.656204,
        "source": "GEM Oil & Gas Tracker"
      }
    },
    {
      "type": "Feature",
      "geometry": {
        "type": "Point",
        "coordinates": [
          76.373166,
          9.997399
        ]
      },
      "properties": {
        "name": "Brahmapuram Diesel power station",
        "type": "Oil & Gas / Petrochemical Facility",
        "category": "Petrochemical / Refinery",
        "capacity_mw": 64.0,
        "lat": 9.997399,
        "lon": 76.373166,
        "source": "GEM Oil & Gas Tracker"
      }
    },
    {
      "type": "Feature",
      "geometry": {
        "type": "Point",
        "coordinates": [
          72.6215,
          21.6923
        ]
      },
      "properties": {
        "name": "DGEN Mega Combined Cycle power plant",
        "type": "Oil & Gas / Petrochemical Facility",
        "category": "Petrochemical / Refinery",
        "capacity_mw": 400.0,
        "lat": 21.6923,
        "lon": 72.6215,
        "source": "GEM Oil & Gas Tracker"
      }
    },
    {
      "type": "Feature",
      "geometry": {
        "type": "Point",
        "coordinates": [
          72.6215,
          21.6923
        ]
      },
      "properties": {
        "name": "DGEN Mega Combined Cycle power plant",
        "type": "Oil & Gas / Petrochemical Facility",
        "category": "Petrochemical / Refinery",
        "capacity_mw": 400.0,
        "lat": 21.6923,
        "lon": 72.6215,
        "source": "GEM Oil & Gas Tracker"
      }
    },
    {
      "type": "Feature",
      "geometry": {
        "type": "Point",
        "coordinates": [
          72.6215,
          21.6923
        ]
      },
      "properties": {
        "name": "DGEN Mega Combined Cycle power plant",
        "type": "Oil & Gas / Petrochemical Facility",
        "category": "Petrochemical / Refinery",
        "capacity_mw": 400.0,
        "lat": 21.6923,
        "lon": 72.6215,
        "source": "GEM Oil & Gas Tracker"
      }
    },
    {
      "type": "Feature",
      "geometry": {
        "type": "Point",
        "coordinates": [
          77.6101,
          28.5932
        ]
      },
      "properties": {
        "name": "Dadri Combined Cycle power plant",
        "type": "Oil & Gas / Petrochemical Facility",
        "category": "Petrochemical / Refinery",
        "capacity_mw": 829.8,
        "lat": 28.5932,
        "lon": 77.6101,
        "source": "GEM Oil & Gas Tracker"
      }
    },
    {
      "type": "Feature",
      "geometry": {
        "type": "Point",
        "coordinates": [
          72.623335,
          21.693394
        ]
      },
      "properties": {
        "name": "Dahej OPAL Captive power plant",
        "type": "Oil & Gas / Petrochemical Facility",
        "category": "Petrochemical / Refinery",
        "capacity_mw": 195.0,
        "lat": 21.693394,
        "lon": 72.623335,
        "source": "GEM Oil & Gas Tracker"
      }
    },
    {
      "type": "Feature",
      "geometry": {
        "type": "Point",
        "coordinates": [
          77.847933,
          26.701839
        ]
      },
      "properties": {
        "name": "Dholpur Combined Cycle power plant",
        "type": "Oil & Gas / Petrochemical Facility",
        "category": "Petrochemical / Refinery",
        "capacity_mw": 330.0,
        "lat": 26.701839,
        "lon": 77.847933,
        "source": "GEM Oil & Gas Tracker"
      }
    },
    {
      "type": "Feature",
      "geometry": {
        "type": "Point",
        "coordinates": [
          72.752,
          22.2396
        ]
      },
      "properties": {
        "name": "Dhuvaran Combined Cycle power plant",
        "type": "Oil & Gas / Petrochemical Facility",
        "category": "Petrochemical / Refinery",
        "capacity_mw": 106.0,
        "lat": 22.2396,
        "lon": 72.752,
        "source": "GEM Oil & Gas Tracker"
      }
    },
    {
      "type": "Feature",
      "geometry": {
        "type": "Point",
        "coordinates": [
          72.752,
          22.2396
        ]
      },
      "properties": {
        "name": "Dhuvaran Combined Cycle power plant",
        "type": "Oil & Gas / Petrochemical Facility",
        "category": "Petrochemical / Refinery",
        "capacity_mw": 112.0,
        "lat": 22.2396,
        "lon": 72.752,
        "source": "GEM Oil & Gas Tracker"
      }
    },
    {
      "type": "Feature",
      "geometry": {
        "type": "Point",
        "coordinates": [
          72.752,
          22.2396
        ]
      },
      "properties": {
        "name": "Dhuvaran Combined Cycle power plant",
        "type": "Oil & Gas / Petrochemical Facility",
        "category": "Petrochemical / Refinery",
        "capacity_mw": 376.0,
        "lat": 22.2396,
        "lon": 72.752,
        "source": "GEM Oil & Gas Tracker"
      }
    },
    {
      "type": "Feature",
      "geometry": {
        "type": "Point",
        "coordinates": [
          77.359003,
          28.34652
        ]
      },
      "properties": {
        "name": "Faridabad Combined Cycle power plant",
        "type": "Oil & Gas / Petrochemical Facility",
        "category": "Petrochemical / Refinery",
        "capacity_mw": 431.6,
        "lat": 28.34652,
        "lon": 77.359003,
        "source": "GEM Oil & Gas Tracker"
      }
    },
    {
      "type": "Feature",
      "geometry": {
        "type": "Point",
        "coordinates": [
          72.690402,
          21.70975
        ]
      },
      "properties": {
        "name": "GACL Dahej Caustic Captive power plant",
        "type": "Oil & Gas / Petrochemical Facility",
        "category": "Petrochemical / Refinery",
        "capacity_mw": 113.0,
        "lat": 21.70975,
        "lon": 72.690402,
        "source": "GEM Oil & Gas Tracker"
      }
    },
    {
      "type": "Feature",
      "geometry": {
        "type": "Point",
        "coordinates": [
          82.27019,
          16.950087
        ]
      },
      "properties": {
        "name": "GMR Energy Limited Combined Cycle power plant",
        "type": "Oil & Gas / Petrochemical Facility",
        "category": "Petrochemical / Refinery",
        "capacity_mw": 220.0,
        "lat": 16.950087,
        "lon": 82.27019,
        "source": "GEM Oil & Gas Tracker"
      }
    },
    {
      "type": "Feature",
      "geometry": {
        "type": "Point",
        "coordinates": [
          81.8112,
          16.9247
        ]
      },
      "properties": {
        "name": "GREL Combined Cycle power plant (Rajahmundry)",
        "type": "Oil & Gas / Petrochemical Facility",
        "category": "Petrochemical / Refinery",
        "capacity_mw": 384.0,
        "lat": 16.9247,
        "lon": 81.8112,
        "source": "GEM Oil & Gas Tracker"
      }
    },
    {
      "type": "Feature",
      "geometry": {
        "type": "Point",
        "coordinates": [
          81.8112,
          16.9247
        ]
      },
      "properties": {
        "name": "GREL Combined Cycle power plant (Rajahmundry)",
        "type": "Oil & Gas / Petrochemical Facility",
        "category": "Petrochemical / Refinery",
        "capacity_mw": 384.0,
        "lat": 16.9247,
        "lon": 81.8112,
        "source": "GEM Oil & Gas Tracker"
      }
    },
    {
      "type": "Feature",
      "geometry": {
        "type": "Point",
        "coordinates": [
          82.1286,
          17.0386
        ]
      },
      "properties": {
        "name": "Gautami Combined Cycle power plant",
        "type": "Oil & Gas / Petrochemical Facility",
        "category": "Petrochemical / Refinery",
        "capacity_mw": 464.0,
        "lat": 17.0386,
        "lon": 82.1286,
        "source": "GEM Oil & Gas Tracker"
      }
    },
    {
      "type": "Feature",
      "geometry": {
        "type": "Point",
        "coordinates": [
          82.3097,
          17.0587
        ]
      },
      "properties": {
        "name": "Godavari Combined Cycle power plant",
        "type": "Oil & Gas / Petrochemical Facility",
        "category": "Petrochemical / Refinery",
        "capacity_mw": 208.0,
        "lat": 17.0587,
        "lon": 82.3097,
        "source": "GEM Oil & Gas Tracker"
      }
    },
    {
      "type": "Feature",
      "geometry": {
        "type": "Point",
        "coordinates": [
          73.617556,
          22.773567
        ]
      },
      "properties": {
        "name": "Godhra power station",
        "type": "Oil & Gas / Petrochemical Facility",
        "category": "Petrochemical / Refinery",
        "capacity_mw": 2000.0,
        "lat": 22.773567,
        "lon": 73.617556,
        "source": "GEM Oil & Gas Tracker"
      }
    },
    {
      "type": "Feature",
      "geometry": {
        "type": "Point",
        "coordinates": [
          71.458493,
          20.910433
        ]
      },
      "properties": {
        "name": "Gujarat Cement Works Combined Cycle power station",
        "type": "Oil & Gas / Petrochemical Facility",
        "category": "Petrochemical / Refinery",
        "capacity_mw": 50.0,
        "lat": 20.910433,
        "lon": 71.458493,
        "source": "GEM Oil & Gas Tracker"
      }
    },
    {
      "type": "Feature",
      "geometry": {
        "type": "Point",
        "coordinates": [
          74.958902,
          29.924421
        ]
      },
      "properties": {
        "name": "Guru Gobind Singh Refinery power station",
        "type": "Oil & Gas / Petrochemical Facility",
        "category": "Petrochemical / Refinery",
        "capacity_mw": 165.0,
        "lat": 29.924421,
        "lon": 74.958902,
        "source": "GEM Oil & Gas Tracker"
      }
    },
    {
      "type": "Feature",
      "geometry": {
        "type": "Point",
        "coordinates": [
          83.251943,
          17.68858
        ]
      },
      "properties": {
        "name": "HPCL Vizag Refinery power station",
        "type": "Oil & Gas / Petrochemical Facility",
        "category": "Petrochemical / Refinery",
        "capacity_mw": 60.0,
        "lat": 17.68858,
        "lon": 83.251943,
        "source": "GEM Oil & Gas Tracker"
      }
    },
    {
      "type": "Feature",
      "geometry": {
        "type": "Point",
        "coordinates": [
          88.086507,
          22.651466
        ]
      },
      "properties": {
        "name": "HPL Cogeneration power station",
        "type": "Oil & Gas / Petrochemical Facility",
        "category": "Petrochemical / Refinery",
        "capacity_mw": 116.0,
        "lat": 22.651466,
        "lon": 88.086507,
        "source": "GEM Oil & Gas Tracker"
      }
    },
    {
      "type": "Feature",
      "geometry": {
        "type": "Point",
        "coordinates": [
          72.654514,
          21.110391
        ]
      },
      "properties": {
        "name": "Hazira (Essar) power station",
        "type": "Oil & Gas / Petrochemical Facility",
        "category": "Petrochemical / Refinery",
        "capacity_mw": 515.0,
        "lat": 21.110391,
        "lon": 72.654514,
        "source": "GEM Oil & Gas Tracker"
      }
    },
    {
      "type": "Feature",
      "geometry": {
        "type": "Point",
        "coordinates": [
          72.6613,
          21.1652
        ]
      },
      "properties": {
        "name": "Hazira (GSEG) power station",
        "type": "Oil & Gas / Petrochemical Facility",
        "category": "Petrochemical / Refinery",
        "capacity_mw": 156.0,
        "lat": 21.1652,
        "lon": 72.6613,
        "source": "GEM Oil & Gas Tracker"
      }
    },
    {
      "type": "Feature",
      "geometry": {
        "type": "Point",
        "coordinates": [
          72.6613,
          21.1652
        ]
      },
      "properties": {
        "name": "Hazira (GSEG) power station",
        "type": "Oil & Gas / Petrochemical Facility",
        "category": "Petrochemical / Refinery",
        "capacity_mw": 351.0,
        "lat": 21.1652,
        "lon": 72.6613,
        "source": "GEM Oil & Gas Tracker"
      }
    },
    {
      "type": "Feature",
      "geometry": {
        "type": "Point",
        "coordinates": [
          72.739369,
          21.16102
        ]
      },
      "properties": {
        "name": "Hazira Gas Processing Complex Captive Power station",
        "type": "Oil & Gas / Petrochemical Facility",
        "category": "Petrochemical / Refinery",
        "capacity_mw": 51.0,
        "lat": 21.16102,
        "lon": 72.739369,
        "source": "GEM Oil & Gas Tracker"
      }
    },
    {
      "type": "Feature",
      "geometry": {
        "type": "Point",
        "coordinates": [
          72.687127,
          21.1592
        ]
      },
      "properties": {
        "name": "Hazira power station (Reliance)",
        "type": "Oil & Gas / Petrochemical Facility",
        "category": "Petrochemical / Refinery",
        "capacity_mw": 320.0,
        "lat": 21.1592,
        "lon": 72.687127,
        "source": "GEM Oil & Gas Tracker"
      }
    },
    {
      "type": "Feature",
      "geometry": {
        "type": "Point",
        "coordinates": [
          92.736766,
          11.706072
        ]
      },
      "properties": {
        "name": "Hope Town power station",
        "type": "Oil & Gas / Petrochemical Facility",
        "category": "Petrochemical / Refinery",
        "capacity_mw": 50.0,
        "lat": 11.706072,
        "lon": 92.736766,
        "source": "GEM Oil & Gas Tracker"
      }
    },
    {
      "type": "Feature",
      "geometry": {
        "type": "Point",
        "coordinates": [
          76.872665,
          29.452388
        ]
      },
      "properties": {
        "name": "IOCL Panipat Naphtha Cracker Captive cogeneration power plant",
        "type": "Oil & Gas / Petrochemical Facility",
        "category": "Petrochemical / Refinery",
        "capacity_mw": 238.4,
        "lat": 29.452388,
        "lon": 76.872665,
        "source": "GEM Oil & Gas Tracker"
      }
    },
    {
      "type": "Feature",
      "geometry": {
        "type": "Point",
        "coordinates": [
          76.875446,
          29.467309
        ]
      },
      "properties": {
        "name": "IOCL Panipat cogeneration power plant",
        "type": "Oil & Gas / Petrochemical Facility",
        "category": "Petrochemical / Refinery",
        "capacity_mw": 110.0,
        "lat": 29.467309,
        "lon": 76.875446,
        "source": "GEM Oil & Gas Tracker"
      }
    },
    {
      "type": "Feature",
      "geometry": {
        "type": "Point",
        "coordinates": [
          77.102222,
          28.707077
        ]
      },
      "properties": {
        "name": "Indraprastha Gas power station",
        "type": "Oil & Gas / Petrochemical Facility",
        "category": "Petrochemical / Refinery",
        "capacity_mw": 270.0,
        "lat": 28.707077,
        "lon": 77.102222,
        "source": "GEM Oil & Gas Tracker"
      }
    },
    {
      "type": "Feature",
      "geometry": {
        "type": "Point",
        "coordinates": [
          81.86,
          16.9312
        ]
      },
      "properties": {
        "name": "Jegurupadu Combined Cycle power plant",
        "type": "Oil & Gas / Petrochemical Facility",
        "category": "Petrochemical / Refinery",
        "capacity_mw": 235.0,
        "lat": 16.9312,
        "lon": 81.86,
        "source": "GEM Oil & Gas Tracker"
      }
    },
    {
      "type": "Feature",
      "geometry": {
        "type": "Point",
        "coordinates": [
          81.86,
          16.9312
        ]
      },
      "properties": {
        "name": "Jegurupadu Combined Cycle power plant",
        "type": "Oil & Gas / Petrochemical Facility",
        "category": "Petrochemical / Refinery",
        "capacity_mw": 220.0,
        "lat": 16.9312,
        "lon": 81.86,
        "source": "GEM Oil & Gas Tracker"
      }
    },
    {
      "type": "Feature",
      "geometry": {
        "type": "Point",
        "coordinates": [
          73.1136,
          21.8242
        ]
      },
      "properties": {
        "name": "Jhanor Gandhar Combined Cycle power plant",
        "type": "Oil & Gas / Petrochemical Facility",
        "category": "Petrochemical / Refinery",
        "capacity_mw": 657.0,
        "lat": 21.8242,
        "lon": 73.1136,
        "source": "GEM Oil & Gas Tracker"
      }
    },
    {
      "type": "Feature",
      "geometry": {
        "type": "Point",
        "coordinates": [
          79.527904,
          11.121782
        ]
      },
      "properties": {
        "name": "Karappur Combined Cycle power plant",
        "type": "Oil & Gas / Petrochemical Facility",
        "category": "Petrochemical / Refinery",
        "capacity_mw": 120.0,
        "lat": 11.121782,
        "lon": 79.527904,
        "source": "GEM Oil & Gas Tracker"
      }
    },
    {
      "type": "Feature",
      "geometry": {
        "type": "Point",
        "coordinates": [
          78.963497,
          29.141711
        ]
      },
      "properties": {
        "name": "Kashipur (Gama) power station",
        "type": "Oil & Gas / Petrochemical Facility",
        "category": "Petrochemical / Refinery",
        "capacity_mw": 225.0,
        "lat": 29.141711,
        "lon": 78.963497,
        "source": "GEM Oil & Gas Tracker"
      }
    },
    {
      "type": "Feature",
      "geometry": {
        "type": "Point",
        "coordinates": [
          78.974029,
          29.154721
        ]
      },
      "properties": {
        "name": "Kashipur Sravanthi power station",
        "type": "Oil & Gas / Petrochemical Facility",
        "category": "Petrochemical / Refinery",
        "capacity_mw": 225.0,
        "lat": 29.154721,
        "lon": 78.974029,
        "source": "GEM Oil & Gas Tracker"
      }
    },
    {
      "type": "Feature",
      "geometry": {
        "type": "Point",
        "coordinates": [
          78.974029,
          29.154721
        ]
      },
      "properties": {
        "name": "Kashipur Sravanthi power station",
        "type": "Oil & Gas / Petrochemical Facility",
        "category": "Petrochemical / Refinery",
        "capacity_mw": 225.0,
        "lat": 29.154721,
        "lon": 78.974029,
        "source": "GEM Oil & Gas Tracker"
      }
    },
    {
      "type": "Feature",
      "geometry": {
        "type": "Point",
        "coordinates": [
          80.340732,
          13.258618
        ]
      },
      "properties": {
        "name": "Kattupalli power station",
        "type": "Oil & Gas / Petrochemical Facility",
        "category": "Petrochemical / Refinery",
        "capacity_mw": 750.0,
        "lat": 13.258618,
        "lon": 80.340732,
        "source": "GEM Oil & Gas Tracker"
      }
    },
    {
      "type": "Feature",
      "geometry": {
        "type": "Point",
        "coordinates": [
          80.340732,
          13.258618
        ]
      },
      "properties": {
        "name": "Kattupalli power station",
        "type": "Oil & Gas / Petrochemical Facility",
        "category": "Petrochemical / Refinery",
        "capacity_mw": 150.0,
        "lat": 13.258618,
        "lon": 80.340732,
        "source": "GEM Oil & Gas Tracker"
      }
    },
    {
      "type": "Feature",
      "geometry": {
        "type": "Point",
        "coordinates": [
          72.6879,
          21.175
        ]
      },
      "properties": {
        "name": "Kawas Combined Cycle power plant",
        "type": "Oil & Gas / Petrochemical Facility",
        "category": "Petrochemical / Refinery",
        "capacity_mw": 656.0,
        "lat": 21.175,
        "lon": 72.6879,
        "source": "GEM Oil & Gas Tracker"
      }
    },
    {
      "type": "Feature",
      "geometry": {
        "type": "Point",
        "coordinates": [
          76.434225,
          9.207196
        ]
      },
      "properties": {
        "name": "Kayamkulam Gas power plant",
        "type": "Oil & Gas / Petrochemical Facility",
        "category": "Petrochemical / Refinery",
        "capacity_mw": 350.0,
        "lat": 9.207196,
        "lon": 76.434225,
        "source": "GEM Oil & Gas Tracker"
      }
    },
    {
      "type": "Feature",
      "geometry": {
        "type": "Point",
        "coordinates": [
          81.8622,
          16.7346
        ]
      },
      "properties": {
        "name": "Konaseema Combined Cycle power plant",
        "type": "Oil & Gas / Petrochemical Facility",
        "category": "Petrochemical / Refinery",
        "capacity_mw": 445.0,
        "lat": 16.7346,
        "lon": 81.8622,
        "source": "GEM Oil & Gas Tracker"
      }
    },
    {
      "type": "Feature",
      "geometry": {
        "type": "Point",
        "coordinates": [
          81.8622,
          16.7346
        ]
      },
      "properties": {
        "name": "Konaseema Combined Cycle power plant",
        "type": "Oil & Gas / Petrochemical Facility",
        "category": "Petrochemical / Refinery",
        "capacity_mw": 410.0,
        "lat": 16.7346,
        "lon": 81.8622,
        "source": "GEM Oil & Gas Tracker"
      }
    },
    {
      "type": "Feature",
      "geometry": {
        "type": "Point",
        "coordinates": [
          81.8622,
          16.7346
        ]
      },
      "properties": {
        "name": "Konaseema Combined Cycle power plant",
        "type": "Oil & Gas / Petrochemical Facility",
        "category": "Petrochemical / Refinery",
        "capacity_mw": 410.0,
        "lat": 16.7346,
        "lon": 81.8622,
        "source": "GEM Oil & Gas Tracker"
      }
    },
    {
      "type": "Feature",
      "geometry": {
        "type": "Point",
        "coordinates": [
          80.5504,
          16.64
        ]
      },
      "properties": {
        "name": "Kondapalli Combined Cycle power plant",
        "type": "Oil & Gas / Petrochemical Facility",
        "category": "Petrochemical / Refinery",
        "capacity_mw": 368.0,
        "lat": 16.64,
        "lon": 80.5504,
        "source": "GEM Oil & Gas Tracker"
      }
    },
    {
      "type": "Feature",
      "geometry": {
        "type": "Point",
        "coordinates": [
          80.5504,
          16.64
        ]
      },
      "properties": {
        "name": "Kondapalli Combined Cycle power plant",
        "type": "Oil & Gas / Petrochemical Facility",
        "category": "Petrochemical / Refinery",
        "capacity_mw": 366.0,
        "lat": 16.64,
        "lon": 80.5504,
        "source": "GEM Oil & Gas Tracker"
      }
    },
    {
      "type": "Feature",
      "geometry": {
        "type": "Point",
        "coordinates": [
          80.5504,
          16.64
        ]
      },
      "properties": {
        "name": "Kondapalli Combined Cycle power plant",
        "type": "Oil & Gas / Petrochemical Facility",
        "category": "Petrochemical / Refinery",
        "capacity_mw": 371.0,
        "lat": 16.64,
        "lon": 80.5504,
        "source": "GEM Oil & Gas Tracker"
      }
    },
    {
      "type": "Feature",
      "geometry": {
        "type": "Point",
        "coordinates": [
          80.5504,
          16.64
        ]
      },
      "properties": {
        "name": "Kondapalli Combined Cycle power plant",
        "type": "Oil & Gas / Petrochemical Facility",
        "category": "Petrochemical / Refinery",
        "capacity_mw": 371.0,
        "lat": 16.64,
        "lon": 80.5504,
        "source": "GEM Oil & Gas Tracker"
      }
    },
    {
      "type": "Feature",
      "geometry": {
        "type": "Point",
        "coordinates": [
          75.806959,
          11.205247
        ]
      },
      "properties": {
        "name": "Kozhikode Diesel power station",
        "type": "Oil & Gas / Petrochemical Facility",
        "category": "Petrochemical / Refinery",
        "capacity_mw": 96.0,
        "lat": 11.205247,
        "lon": 75.806959,
        "source": "GEM Oil & Gas Tracker"
      }
    },
    {
      "type": "Feature",
      "geometry": {
        "type": "Point",
        "coordinates": [
          79.57,
          11.076
        ]
      },
      "properties": {
        "name": "Kuttalam Combined Cycle power plant",
        "type": "Oil & Gas / Petrochemical Facility",
        "category": "Petrochemical / Refinery",
        "capacity_mw": 101.0,
        "lat": 11.076,
        "lon": 79.57,
        "source": "GEM Oil & Gas Tracker"
      }
    },
    {
      "type": "Feature",
      "geometry": {
        "type": "Point",
        "coordinates": [
          94.93017,
          26.985766
        ]
      },
      "properties": {
        "name": "Lakwa Replacement power station",
        "type": "Oil & Gas / Petrochemical Facility",
        "category": "Petrochemical / Refinery",
        "capacity_mw": 69.8,
        "lat": 26.985766,
        "lon": 94.93017,
        "source": "GEM Oil & Gas Tracker"
      }
    },
    {
      "type": "Feature",
      "geometry": {
        "type": "Point",
        "coordinates": [
          76.890224,
          28.366459
        ]
      },
      "properties": {
        "name": "Manesar Captive power plant",
        "type": "Oil & Gas / Petrochemical Facility",
        "category": "Petrochemical / Refinery",
        "capacity_mw": 77.5,
        "lat": 28.366459,
        "lon": 76.890224,
        "source": "GEM Oil & Gas Tracker"
      }
    },
    {
      "type": "Feature",
      "geometry": {
        "type": "Point",
        "coordinates": [
          74.844176,
          12.983902
        ]
      },
      "properties": {
        "name": "Mangalore Refinery power plant",
        "type": "Oil & Gas / Petrochemical Facility",
        "category": "Petrochemical / Refinery",
        "capacity_mw": 115.0,
        "lat": 12.983902,
        "lon": 74.844176,
        "source": "GEM Oil & Gas Tracker"
      }
    },
    {
      "type": "Feature",
      "geometry": {
        "type": "Point",
        "coordinates": [
          74.844176,
          12.983902
        ]
      },
      "properties": {
        "name": "Mangalore Refinery power plant",
        "type": "Oil & Gas / Petrochemical Facility",
        "category": "Petrochemical / Refinery",
        "capacity_mw": 114.0,
        "lat": 12.983902,
        "lon": 74.844176,
        "source": "GEM Oil & Gas Tracker"
      }
    },
    {
      "type": "Feature",
      "geometry": {
        "type": "Point",
        "coordinates": [
          73.3529,
          18.3879
        ]
      },
      "properties": {
        "name": "Mangaon Combined Cycle power plant",
        "type": "Oil & Gas / Petrochemical Facility",
        "category": "Petrochemical / Refinery",
        "capacity_mw": 388.0,
        "lat": 18.3879,
        "lon": 73.3529,
        "source": "GEM Oil & Gas Tracker"
      }
    },
    {
      "type": "Feature",
      "geometry": {
        "type": "Point",
        "coordinates": [
          87.492464,
          23.44414
        ]
      },
      "properties": {
        "name": "Matix Fertilisers Captive power plant",
        "type": "Oil & Gas / Petrochemical Facility",
        "category": "Petrochemical / Refinery",
        "capacity_mw": 54.0,
        "lat": 23.44414,
        "lon": 87.492464,
        "source": "GEM Oil & Gas Tracker"
      }
    },
    {
      "type": "Feature",
      "geometry": {
        "type": "Point",
        "coordinates": [
          91.274,
          23.438
        ]
      },
      "properties": {
        "name": "Monarchak Combined Cycle power plant",
        "type": "Oil & Gas / Petrochemical Facility",
        "category": "Petrochemical / Refinery",
        "capacity_mw": 101.0,
        "lat": 23.438,
        "lon": 91.274,
        "source": "GEM Oil & Gas Tracker"
      }
    },
    {
      "type": "Feature",
      "geometry": {
        "type": "Point",
        "coordinates": [
          95.376,
          27.1858
        ]
      },
      "properties": {
        "name": "Namrup power station",
        "type": "Oil & Gas / Petrochemical Facility",
        "category": "Petrochemical / Refinery",
        "capacity_mw": 98.4,
        "lat": 27.1858,
        "lon": 95.376,
        "source": "GEM Oil & Gas Tracker"
      }
    },
    {
      "type": "Feature",
      "geometry": {
        "type": "Point",
        "coordinates": [
          79.834,
          11.0749
        ]
      },
      "properties": {
        "name": "P.Nallur Combined Cycle power plant",
        "type": "Oil & Gas / Petrochemical Facility",
        "category": "Petrochemical / Refinery",
        "capacity_mw": 331.0,
        "lat": 11.0749,
        "lon": 79.834,
        "source": "GEM Oil & Gas Tracker"
      }
    },
    {
      "type": "Feature",
      "geometry": {
        "type": "Point",
        "coordinates": [
          79.834,
          11.0749
        ]
      },
      "properties": {
        "name": "P.Nallur Combined Cycle power plant",
        "type": "Oil & Gas / Petrochemical Facility",
        "category": "Petrochemical / Refinery",
        "capacity_mw": 360.0,
        "lat": 11.0749,
        "lon": 79.834,
        "source": "GEM Oil & Gas Tracker"
      }
    },
    {
      "type": "Feature",
      "geometry": {
        "type": "Point",
        "coordinates": [
          79.834,
          11.0749
        ]
      },
      "properties": {
        "name": "P.Nallur Combined Cycle power plant",
        "type": "Oil & Gas / Petrochemical Facility",
        "category": "Petrochemical / Refinery",
        "capacity_mw": 360.0,
        "lat": 11.0749,
        "lon": 79.834,
        "source": "GEM Oil & Gas Tracker"
      }
    },
    {
      "type": "Feature",
      "geometry": {
        "type": "Point",
        "coordinates": [
          79.834,
          11.0749
        ]
      },
      "properties": {
        "name": "P.Nallur Combined Cycle power plant",
        "type": "Oil & Gas / Petrochemical Facility",
        "category": "Petrochemical / Refinery",
        "capacity_mw": 360.0,
        "lat": 11.0749,
        "lon": 79.834,
        "source": "GEM Oil & Gas Tracker"
      }
    },
    {
      "type": "Feature",
      "geometry": {
        "type": "Point",
        "coordinates": [
          72.979,
          21.78
        ]
      },
      "properties": {
        "name": "Paguthan Combined Cycle power plant",
        "type": "Oil & Gas / Petrochemical Facility",
        "category": "Petrochemical / Refinery",
        "capacity_mw": 655.0,
        "lat": 21.78,
        "lon": 72.979,
        "source": "GEM Oil & Gas Tracker"
      }
    },
    {
      "type": "Feature",
      "geometry": {
        "type": "Point",
        "coordinates": [
          81.619462,
          17.122874
        ]
      },
      "properties": {
        "name": "Panduranga power station",
        "type": "Oil & Gas / Petrochemical Facility",
        "category": "Petrochemical / Refinery",
        "capacity_mw": 116.0,
        "lat": 17.122874,
        "lon": 81.619462,
        "source": "GEM Oil & Gas Tracker"
      }
    },
    {
      "type": "Feature",
      "geometry": {
        "type": "Point",
        "coordinates": [
          81.619462,
          17.122874
        ]
      },
      "properties": {
        "name": "Panduranga power station",
        "type": "Oil & Gas / Petrochemical Facility",
        "category": "Petrochemical / Refinery",
        "capacity_mw": 354.0,
        "lat": 17.122874,
        "lon": 81.619462,
        "source": "GEM Oil & Gas Tracker"
      }
    },
    {
      "type": "Feature",
      "geometry": {
        "type": "Point",
        "coordinates": [
          86.59751,
          20.250004
        ]
      },
      "properties": {
        "name": "Paradip Refinery Captive power station",
        "type": "Oil & Gas / Petrochemical Facility",
        "category": "Petrochemical / Refinery",
        "capacity_mw": 122.0,
        "lat": 20.250004,
        "lon": 86.59751,
        "source": "GEM Oil & Gas Tracker"
      }
    },
    {
      "type": "Feature",
      "geometry": {
        "type": "Point",
        "coordinates": [
          86.59751,
          20.250004
        ]
      },
      "properties": {
        "name": "Paradip Refinery Captive power station",
        "type": "Oil & Gas / Petrochemical Facility",
        "category": "Petrochemical / Refinery",
        "capacity_mw": 122.0,
        "lat": 20.250004,
        "lon": 86.59751,
        "source": "GEM Oil & Gas Tracker"
      }
    },
    {
      "type": "Feature",
      "geometry": {
        "type": "Point",
        "coordinates": [
          86.59751,
          20.250004
        ]
      },
      "properties": {
        "name": "Paradip Refinery Captive power station",
        "type": "Oil & Gas / Petrochemical Facility",
        "category": "Petrochemical / Refinery",
        "capacity_mw": 122.0,
        "lat": 20.250004,
        "lon": 86.59751,
        "source": "GEM Oil & Gas Tracker"
      }
    },
    {
      "type": "Feature",
      "geometry": {
        "type": "Point",
        "coordinates": [
          71.46926,
          20.8986
        ]
      },
      "properties": {
        "name": "Pipavav Combined Cycle power plant",
        "type": "Oil & Gas / Petrochemical Facility",
        "category": "Petrochemical / Refinery",
        "capacity_mw": 351.0,
        "lat": 20.8986,
        "lon": 71.46926,
        "source": "GEM Oil & Gas Tracker"
      }
    },
    {
      "type": "Feature",
      "geometry": {
        "type": "Point",
        "coordinates": [
          71.46926,
          20.8986
        ]
      },
      "properties": {
        "name": "Pipavav Combined Cycle power plant",
        "type": "Oil & Gas / Petrochemical Facility",
        "category": "Petrochemical / Refinery",
        "capacity_mw": 351.0,
        "lat": 20.8986,
        "lon": 71.46926,
        "source": "GEM Oil & Gas Tracker"
      }
    },
    {
      "type": "Feature",
      "geometry": {
        "type": "Point",
        "coordinates": [
          77.0709926,
          28.7962571
        ]
      },
      "properties": {
        "name": "Pragati Combined Cycle Gas Turbine-III power station",
        "type": "Oil & Gas / Petrochemical Facility",
        "category": "Petrochemical / Refinery",
        "capacity_mw": 750.0,
        "lat": 28.7962571,
        "lon": 77.0709926,
        "source": "GEM Oil & Gas Tracker"
      }
    },
    {
      "type": "Feature",
      "geometry": {
        "type": "Point",
        "coordinates": [
          77.0709926,
          28.7962571
        ]
      },
      "properties": {
        "name": "Pragati Combined Cycle Gas Turbine-III power station",
        "type": "Oil & Gas / Petrochemical Facility",
        "category": "Petrochemical / Refinery",
        "capacity_mw": 750.0,
        "lat": 28.7962571,
        "lon": 77.0709926,
        "source": "GEM Oil & Gas Tracker"
      }
    },
    {
      "type": "Feature",
      "geometry": {
        "type": "Point",
        "coordinates": [
          77.2528,
          28.6146
        ]
      },
      "properties": {
        "name": "Pragati Combined Cycle power plant",
        "type": "Oil & Gas / Petrochemical Facility",
        "category": "Petrochemical / Refinery",
        "capacity_mw": 330.4,
        "lat": 28.6146,
        "lon": 77.2528,
        "source": "GEM Oil & Gas Tracker"
      }
    },
    {
      "type": "Feature",
      "geometry": {
        "type": "Point",
        "coordinates": [
          70.525314,
          27.337693
        ]
      },
      "properties": {
        "name": "Ramgarh Combined Cycle power plant",
        "type": "Oil & Gas / Petrochemical Facility",
        "category": "Petrochemical / Refinery",
        "capacity_mw": 270.5,
        "lat": 27.337693,
        "lon": 70.525314,
        "source": "GEM Oil & Gas Tracker"
      }
    },
    {
      "type": "Feature",
      "geometry": {
        "type": "Point",
        "coordinates": [
          73.16705,
          17.5587
        ]
      },
      "properties": {
        "name": "Ratnagiri Combined Cycle power plant",
        "type": "Oil & Gas / Petrochemical Facility",
        "category": "Petrochemical / Refinery",
        "capacity_mw": 640.0,
        "lat": 17.5587,
        "lon": 73.16705,
        "source": "GEM Oil & Gas Tracker"
      }
    },
    {
      "type": "Feature",
      "geometry": {
        "type": "Point",
        "coordinates": [
          73.16705,
          17.5587
        ]
      },
      "properties": {
        "name": "Ratnagiri Combined Cycle power plant",
        "type": "Oil & Gas / Petrochemical Facility",
        "category": "Petrochemical / Refinery",
        "capacity_mw": 664.0,
        "lat": 17.5587,
        "lon": 73.16705,
        "source": "GEM Oil & Gas Tracker"
      }
    },
    {
      "type": "Feature",
      "geometry": {
        "type": "Point",
        "coordinates": [
          73.16705,
          17.5587
        ]
      },
      "properties": {
        "name": "Ratnagiri Combined Cycle power plant",
        "type": "Oil & Gas / Petrochemical Facility",
        "category": "Petrochemical / Refinery",
        "capacity_mw": 664.0,
        "lat": 17.5587,
        "lon": 73.16705,
        "source": "GEM Oil & Gas Tracker"
      }
    },
    {
      "type": "Feature",
      "geometry": {
        "type": "Point",
        "coordinates": [
          77.1016,
          28.7327
        ]
      },
      "properties": {
        "name": "Rithala Gas power plant",
        "type": "Oil & Gas / Petrochemical Facility",
        "category": "Petrochemical / Refinery",
        "capacity_mw": 108.0,
        "lat": 28.7327,
        "lon": 77.1016,
        "source": "GEM Oil & Gas Tracker"
      }
    },
    {
      "type": "Feature",
      "geometry": {
        "type": "Point",
        "coordinates": [
          91.5,
          23.75
        ]
      },
      "properties": {
        "name": "Rokhia power plant",
        "type": "Oil & Gas / Petrochemical Facility",
        "category": "Petrochemical / Refinery",
        "capacity_mw": 120.0,
        "lat": 23.75,
        "lon": 91.5,
        "source": "GEM Oil & Gas Tracker"
      }
    },
    {
      "type": "Feature",
      "geometry": {
        "type": "Point",
        "coordinates": [
          78.893266,
          9.362703
        ]
      },
      "properties": {
        "name": "Sai Regency Power power plant",
        "type": "Oil & Gas / Petrochemical Facility",
        "category": "Petrochemical / Refinery",
        "capacity_mw": 58.0,
        "lat": 9.362703,
        "lon": 78.893266,
        "source": "GEM Oil & Gas Tracker"
      }
    },
    {
      "type": "Feature",
      "geometry": {
        "type": "Point",
        "coordinates": [
          82.1283,
          17.0853
        ]
      },
      "properties": {
        "name": "Samalkot Combined Cycle power plant",
        "type": "Oil & Gas / Petrochemical Facility",
        "category": "Petrochemical / Refinery",
        "capacity_mw": 220.0,
        "lat": 17.0853,
        "lon": 82.1283,
        "source": "GEM Oil & Gas Tracker"
      }
    },
    {
      "type": "Feature",
      "geometry": {
        "type": "Point",
        "coordinates": [
          72.9889,
          21.3395
        ]
      },
      "properties": {
        "name": "Sugen Combined Cycle power plant",
        "type": "Oil & Gas / Petrochemical Facility",
        "category": "Petrochemical / Refinery",
        "capacity_mw": 383.0,
        "lat": 21.3395,
        "lon": 72.9889,
        "source": "GEM Oil & Gas Tracker"
      }
    },
    {
      "type": "Feature",
      "geometry": {
        "type": "Point",
        "coordinates": [
          72.9889,
          21.3395
        ]
      },
      "properties": {
        "name": "Sugen Combined Cycle power plant",
        "type": "Oil & Gas / Petrochemical Facility",
        "category": "Petrochemical / Refinery",
        "capacity_mw": 383.0,
        "lat": 21.3395,
        "lon": 72.9889,
        "source": "GEM Oil & Gas Tracker"
      }
    },
    {
      "type": "Feature",
      "geometry": {
        "type": "Point",
        "coordinates": [
          72.9889,
          21.3395
        ]
      },
      "properties": {
        "name": "Sugen Combined Cycle power plant",
        "type": "Oil & Gas / Petrochemical Facility",
        "category": "Petrochemical / Refinery",
        "capacity_mw": 383.0,
        "lat": 21.3395,
        "lon": 72.9889,
        "source": "GEM Oil & Gas Tracker"
      }
    },
    {
      "type": "Feature",
      "geometry": {
        "type": "Point",
        "coordinates": [
          79.4507,
          10.5415
        ]
      },
      "properties": {
        "name": "Thirumakotai Combined Cycle power plant",
        "type": "Oil & Gas / Petrochemical Facility",
        "category": "Petrochemical / Refinery",
        "capacity_mw": 107.0,
        "lat": 10.5415,
        "lon": 79.4507,
        "source": "GEM Oil & Gas Tracker"
      }
    },
    {
      "type": "Feature",
      "geometry": {
        "type": "Point",
        "coordinates": [
          91.4385,
          23.4987
        ]
      },
      "properties": {
        "name": "Tripura Combined Cycle power plant",
        "type": "Oil & Gas / Petrochemical Facility",
        "category": "Petrochemical / Refinery",
        "capacity_mw": 363.0,
        "lat": 23.4987,
        "lon": 91.4385,
        "source": "GEM Oil & Gas Tracker"
      }
    },
    {
      "type": "Feature",
      "geometry": {
        "type": "Point",
        "coordinates": [
          91.4385,
          23.4987
        ]
      },
      "properties": {
        "name": "Tripura Combined Cycle power plant",
        "type": "Oil & Gas / Petrochemical Facility",
        "category": "Petrochemical / Refinery",
        "capacity_mw": 363.0,
        "lat": 23.4987,
        "lon": 91.4385,
        "source": "GEM Oil & Gas Tracker"
      }
    },
    {
      "type": "Feature",
      "geometry": {
        "type": "Point",
        "coordinates": [
          72.8967,
          19.0018
        ]
      },
      "properties": {
        "name": "Trombay Combined Cycle power plant",
        "type": "Oil & Gas / Petrochemical Facility",
        "category": "Petrochemical / Refinery",
        "capacity_mw": 180.0,
        "lat": 19.0018,
        "lon": 72.8967,
        "source": "GEM Oil & Gas Tracker"
      }
    },
    {
      "type": "Feature",
      "geometry": {
        "type": "Point",
        "coordinates": [
          72.989,
          21.3413
        ]
      },
      "properties": {
        "name": "Unosugen Combined Cycle power plant",
        "type": "Oil & Gas / Petrochemical Facility",
        "category": "Petrochemical / Refinery",
        "capacity_mw": 383.0,
        "lat": 21.3413,
        "lon": 72.989,
        "source": "GEM Oil & Gas Tracker"
      }
    },
    {
      "type": "Feature",
      "geometry": {
        "type": "Point",
        "coordinates": [
          72.9715,
          18.88
        ]
      },
      "properties": {
        "name": "Uran Combined Cycle power plant",
        "type": "Oil & Gas / Petrochemical Facility",
        "category": "Petrochemical / Refinery",
        "capacity_mw": 672.0,
        "lat": 18.88,
        "lon": 72.9715,
        "source": "GEM Oil & Gas Tracker"
      }
    },
    {
      "type": "Feature",
      "geometry": {
        "type": "Point",
        "coordinates": [
          72.8705,
          21.2285
        ]
      },
      "properties": {
        "name": "Utran Combined Cycle power plant",
        "type": "Oil & Gas / Petrochemical Facility",
        "category": "Petrochemical / Refinery",
        "capacity_mw": 374.0,
        "lat": 21.2285,
        "lon": 72.8705,
        "source": "GEM Oil & Gas Tracker"
      }
    },
    {
      "type": "Feature",
      "geometry": {
        "type": "Point",
        "coordinates": [
          69.737699,
          22.324327
        ]
      },
      "properties": {
        "name": "Vadinar P1 power station",
        "type": "Oil & Gas / Petrochemical Facility",
        "category": "Petrochemical / Refinery",
        "capacity_mw": 380.0,
        "lat": 22.324327,
        "lon": 69.737699,
        "source": "GEM Oil & Gas Tracker"
      }
    },
    {
      "type": "Feature",
      "geometry": {
        "type": "Point",
        "coordinates": [
          73.099511,
          22.375805
        ]
      },
      "properties": {
        "name": "Vadodara Combined Cycle power plant",
        "type": "Oil & Gas / Petrochemical Facility",
        "category": "Petrochemical / Refinery",
        "capacity_mw": 145.0,
        "lat": 22.375805,
        "lon": 73.099511,
        "source": "GEM Oil & Gas Tracker"
      }
    },
    {
      "type": "Feature",
      "geometry": {
        "type": "Point",
        "coordinates": [
          73.099511,
          22.375805
        ]
      },
      "properties": {
        "name": "Vadodara Combined Cycle power plant",
        "type": "Oil & Gas / Petrochemical Facility",
        "category": "Petrochemical / Refinery",
        "capacity_mw": 165.0,
        "lat": 22.375805,
        "lon": 73.099511,
        "source": "GEM Oil & Gas Tracker"
      }
    },
    {
      "type": "Feature",
      "geometry": {
        "type": "Point",
        "coordinates": [
          78.9235,
          9.34836
        ]
      },
      "properties": {
        "name": "Valuthur Combined Cycle power plant",
        "type": "Oil & Gas / Petrochemical Facility",
        "category": "Petrochemical / Refinery",
        "capacity_mw": 95.0,
        "lat": 9.34836,
        "lon": 78.9235,
        "source": "GEM Oil & Gas Tracker"
      }
    },
    {
      "type": "Feature",
      "geometry": {
        "type": "Point",
        "coordinates": [
          78.9235,
          9.34836
        ]
      },
      "properties": {
        "name": "Valuthur Combined Cycle power plant",
        "type": "Oil & Gas / Petrochemical Facility",
        "category": "Petrochemical / Refinery",
        "capacity_mw": 92.0,
        "lat": 9.34836,
        "lon": 78.9235,
        "source": "GEM Oil & Gas Tracker"
      }
    },
    {
      "type": "Feature",
      "geometry": {
        "type": "Point",
        "coordinates": [
          81.8141,
          16.9238
        ]
      },
      "properties": {
        "name": "Vemagiri Combined Cycle power plant",
        "type": "Oil & Gas / Petrochemical Facility",
        "category": "Petrochemical / Refinery",
        "capacity_mw": 388.0,
        "lat": 16.9238,
        "lon": 81.8141,
        "source": "GEM Oil & Gas Tracker"
      }
    },
    {
      "type": "Feature",
      "geometry": {
        "type": "Point",
        "coordinates": [
          81.7243,
          16.9335
        ]
      },
      "properties": {
        "name": "Vijjeswaram Combined Cycle power plant",
        "type": "Oil & Gas / Petrochemical Facility",
        "category": "Petrochemical / Refinery",
        "capacity_mw": 100.0,
        "lat": 16.9335,
        "lon": 81.7243,
        "source": "GEM Oil & Gas Tracker"
      }
    },
    {
      "type": "Feature",
      "geometry": {
        "type": "Point",
        "coordinates": [
          81.7243,
          16.9335
        ]
      },
      "properties": {
        "name": "Vijjeswaram Combined Cycle power plant",
        "type": "Oil & Gas / Petrochemical Facility",
        "category": "Petrochemical / Refinery",
        "capacity_mw": 172.0,
        "lat": 16.9335,
        "lon": 81.7243,
        "source": "GEM Oil & Gas Tracker"
      }
    },
    {
      "type": "Feature",
      "geometry": {
        "type": "Point",
        "coordinates": [
          83.196713,
          17.606547
        ]
      },
      "properties": {
        "name": "Vizag Steel Plant power station",
        "type": "Oil & Gas / Petrochemical Facility",
        "category": "Petrochemical / Refinery",
        "capacity_mw": 120.0,
        "lat": 17.606547,
        "lon": 83.196713,
        "source": "GEM Oil & Gas Tracker"
      }
    },
    {
      "type": "Feature",
      "geometry": {
        "type": "Point",
        "coordinates": [
          77.581875,
          13.117556
        ]
      },
      "properties": {
        "name": "Yelahanka Raichur power station",
        "type": "Oil & Gas / Petrochemical Facility",
        "category": "Petrochemical / Refinery",
        "capacity_mw": 370.0,
        "lat": 13.117556,
        "lon": 77.581875,
        "source": "GEM Oil & Gas Tracker"
      }
    }
  ]
}