event_id,latitude,longitude,ground_truth_class,ground_truth_label,site_name,region_split,source_reference,label_confidence,frp_mw,bright_mwir_k,bright_lwir_k,estimated_emitter_temp_k,estimated_emitter_area_m2,mwir_lwir_delta,dist_to_facility_km,facility_type_code,facility_polygon_overlap,dist_to_mine_km,forest_fraction,cropland_fraction,builtup_fraction,bare_fraction,recurrence_90d,recurrence_365d,day_night_flag,historical_mean_frp,historical_std_frp,frp_z_score,sample_count_n,ndvi_val,nbr_val,swir_ratio_val,wind_u,wind_v
EVT_00001,22.39738,69.86516,0,INDUSTRIAL_ROUTINE_FLARE,Jamnagar Refinery (Gujarat),TRAIN,GEM Refinery Stack Log,0.98,15.19,369.53,307.57,1500.0,47.27,61.96,4.66,2.0,0.0,1422.46,0.171,0.129,0.05,0.65,0.811,0.73,1.0,16.5,3.5,-0.38,147.0,0.201,0.14,1.2,-9.23,-12.7
EVT_00002,22.36311,69.87575,0,INDUSTRIAL_ROUTINE_FLARE,Jamnagar Refinery (Gujarat),TRAIN,GEM Refinery Stack Log,0.98,14.01,366.63,303.35,1500.0,43.2,63.28,8.1,2.0,0.0,1421.27,0.056,0.186,0.05,0.707,0.978,0.881,0.0,16.5,3.5,-0.71,117.0,0.138,0.082,1.2,-9.23,-12.7
EVT_00003,22.40858,69.81666,0,INDUSTRIAL_ROUTINE_FLARE,Jamnagar Refinery (Gujarat),TRAIN,GEM Refinery Stack Log,0.98,17.19,362.0,300.77,1500.0,37.29,61.23,1.76,2.0,0.0,1427.85,0.008,0.247,0.676,0.068,0.871,0.784,0.0,16.5,3.5,0.2,110.0,0.007,-0.062,1.2,-10.17,-14.0
EVT_00004,22.3946,69.89914,0,INDUSTRIAL_ROUTINE_FLARE,Jamnagar Refinery (Gujarat),TRAIN,GEM Refinery Stack Log,0.98,33.96,362.95,302.91,1500.0,38.46,60.04,7.91,2.0,0.0,1418.68,0.134,0.237,0.05,0.579,0.893,0.803,0.0,16.5,3.5,4.99,149.0,0.23,0.094,1.2,-9.23,-12.7
EVT_00005,22.34425,69.86434,0,INDUSTRIAL_ROUTINE_FLARE,Jamnagar Refinery (Gujarat),TRAIN,GEM Refinery Stack Log,0.98,30.8,361.26,302.98,1500.0,36.43,58.28,9.31,2.0,0.0,1422.54,0.131,0.142,0.05,0.678,0.832,0.749,0.0,16.5,3.5,4.09,61.0,0.176,0.052,1.2,-8.32,-13.31
EVT_00006,22.36385,69.87233,0,INDUSTRIAL_ROUTINE_FLARE,Jamnagar Refinery (Gujarat),TRAIN,GEM Refinery Stack Log,0.98,17.52,363.77,306.6,1500.0,39.5,57.16,7.83,2.0,0.0,1421.65,0.234,0.139,0.05,0.577,0.965,0.869,0.0,16.5,3.5,0.29,74.0,0.258,0.188,1.2,-9.23,-12.7
EVT_00007,22.37595,69.85946,0,INDUSTRIAL_ROUTINE_FLARE,Jamnagar Refinery (Gujarat),TRAIN,GEM Refinery Stack Log,0.98,26.35,354.65,300.84,1500.0,29.19,53.81,5.97,2.0,0.0,1423.08,0.178,0.133,0.05,0.639,0.851,0.766,1.0,16.5,3.5,2.81,100.0,0.209,0.104,1.2,-9.23,-12.7
EVT_00008,22.37848,69.86036,0,INDUSTRIAL_ROUTINE_FLARE,Jamnagar Refinery (Gujarat),TRAIN,GEM Refinery Stack Log,0.98,14.1,354.06,300.61,1500.0,28.6,53.45,5.79,2.0,0.0,1422.98,0.054,0.115,0.05,0.781,0.82,0.738,0.0,16.5,3.5,-0.69,94.0,0.098,0.041,1.2,-9.23,-12.7
EVT_00009,22.35063,69.85918,0,INDUSTRIAL_ROUTINE_FLARE,Jamnagar Refinery (Gujarat),TRAIN,GEM Refinery Stack Log,0.98,16.81,367.32,305.93,1500.0,44.15,61.39,8.45,2.0,0.0,1423.11,0.0,0.218,0.05,0.75,0.793,0.713,0.0,16.5,3.5,0.09,147.0,0.11,0.043,1.2,-9.23,-12.7
EVT_00010,22.39603,69.81105,0,INDUSTRIAL_ROUTINE_FLARE,Jamnagar Refinery (Gujarat),TRAIN,GEM Refinery Stack Log,0.98,27.23,367.29,302.76,1500.0,44.08,64.53,3.24,2.0,0.0,1428.46,0.047,0.205,0.05,0.698,0.924,0.832,1.0,16.5,3.5,3.07,73.0,0.141,0.032,1.2,-10.17,-14.0
EVT_00011,22.36605,69.86787,0,INDUSTRIAL_ROUTINE_FLARE,Jamnagar Refinery (Gujarat),TRAIN,GEM Refinery Stack Log,0.98,18.97,355.07,306.13,1500.0,29.63,48.94,7.36,2.0,0.0,1422.15,0.028,0.146,0.05,0.777,0.962,0.865,1.0,16.5,3.5,0.71,74.0,0.093,0.017,1.2,-9.23,-12.7
EVT_00012,22.37257,69.85506,0,INDUSTRIAL_ROUTINE_FLARE,Jamnagar Refinery (Gujarat),TRAIN,GEM Refinery Stack Log,0.98,28.36,368.51,306.47,1500.0,45.81,62.04,6.06,2.0,0.0,1423.57,0.0,0.165,0.05,0.815,0.941,0.847,1.0,16.5,3.5,3.39,89.0,0.081,-0.033,1.2,-9.23,-12.7
EVT_00013,22.36853,69.83984,0,INDUSTRIAL_ROUTINE_FLARE,Jamnagar Refinery (Gujarat),TRAIN,GEM Refinery Stack Log,0.98,21.3,363.19,304.38,1500.0,38.77,58.81,5.95,2.0,0.0,1425.26,0.196,0.202,0.05,0.552,0.78,0.702,0.0,16.5,3.5,1.37,62.0,0.262,0.177,1.2,-9.23,-12.7
EVT_00014,22.33046,69.85528,0,INDUSTRIAL_ROUTINE_FLARE,Jamnagar Refinery (Gujarat),TRAIN,GEM Refinery Stack Log,0.98,34.04,362.6,300.59,1500.0,38.02,62.01,10.44,2.0,0.0,1423.55,0.0,0.294,0.05,0.659,0.845,0.76,0.0,16.5,3.5,5.01,111.0,0.152,0.016,1.2,-8.32,-13.31
EVT_00015,22.31284,69.86907,0,INDUSTRIAL_ROUTINE_FLARE,Jamnagar Refinery (Gujarat),TRAIN,GEM Refinery Stack Log,0.98,14.37,365.42,310.39,1500.0,41.64,55.03,12.74,2.0,0.0,1422.02,0.0,0.206,0.05,0.754,0.836,0.752,0.0,16.5,3.5,-0.61,78.0,0.103,0.046,1.2,-8.32,-13.31
EVT_00016,22.44878,69.8021,0,INDUSTRIAL_ROUTINE_FLARE,Jamnagar Refinery (Gujarat),TRAIN,GEM Refinery Stack Log,0.98,17.23,359.66,303.51,1500.0,34.57,56.16,4.07,2.0,0.0,1429.49,0.0,0.227,0.05,0.74,0.828,0.746,0.0,16.5,3.5,0.21,128.0,0.115,0.046,1.2,-10.17,-14.0
EVT_00017,22.34918,69.87269,0,INDUSTRIAL_ROUTINE_FLARE,Jamnagar Refinery (Gujarat),TRAIN,GEM Refinery Stack Log,0.98,15.45,361.55,305.77,1500.0,36.78,55.78,9.22,2.0,0.0,1421.61,0.092,0.242,0.05,0.616,0.788,0.709,0.0,16.5,3.5,-0.3,118.0,0.199,0.137,1.2,-8.32,-13.31
EVT_00018,22.36123,69.90838,0,INDUSTRIAL_ROUTINE_FLARE,Jamnagar Refinery (Gujarat),TRAIN,GEM Refinery Stack Log,0.98,26.73,368.0,295.59,1500.0,44.98,72.41,10.62,2.0,0.0,1417.65,0.0,0.275,0.05,0.827,0.915,0.824,0.0,16.5,3.5,2.92,109.0,0.141,0.034,1.2,-8.32,-13.31
EVT_00019,22.40847,69.82692,0,INDUSTRIAL_ROUTINE_FLARE,Jamnagar Refinery (Gujarat),TRAIN,GEM Refinery Stack Log,0.98,19.28,366.59,306.92,1500.0,43.17,59.67,1.37,2.0,0.0,1426.71,0.005,0.232,0.712,0.051,0.828,0.746,1.0,16.5,3.5,0.79,71.0,-0.011,-0.088,1.2,-10.17,-14.0
EVT_00020,22.41377,69.83273,0,INDUSTRIAL_ROUTINE_FLARE,Jamnagar Refinery (Gujarat),TRAIN,GEM Refinery Stack Log,0.98,17.63,365.76,303.32,1500.0,42.04,62.44,0.94,2.0,0.0,1426.06,0.0,0.2,0.757,0.075,0.958,0.862,0.0,16.5,3.5,0.32,131.0,-0.041,-0.112,1.2,-9.23,-12.7
EVT_00021,22.39984,69.86424,0,INDUSTRIAL_ROUTINE_FLARE,Jamnagar Refinery (Gujarat),TRAIN,GEM Refinery Stack Log,0.98,18.16,364.0,297.2,1500.0,39.72,66.8,4.43,2.0,0.0,1422.56,0.164,0.165,0.05,0.621,0.979,0.881,1.0,16.5,3.5,0.48,127.0,0.215,0.143,1.2,-9.23,-12.7
EVT_00022,22.40695,69.91439,0,INDUSTRIAL_ROUTINE_FLARE,Jamnagar Refinery (Gujarat),TRAIN,GEM Refinery Stack Log,0.98,19.88,367.97,305.82,1500.0,45.05,62.15,9.05,2.0,0.0,1417.0,0.032,0.295,0.05,0.623,0.799,0.719,0.0,16.5,3.5,0.97,81.0,0.178,0.099,1.2,-9.23,-12.7
EVT_00023,22.41075,69.86161,0,INDUSTRIAL_ROUTINE_FLARE,Jamnagar Refinery (Gujarat),TRAIN,GEM Refinery Stack Log,0.98,18.89,373.47,304.61,1500.0,53.15,68.85,3.67,2.0,0.0,1422.86,0.131,0.2,0.05,0.619,0.895,0.806,0.0,16.5,3.5,0.68,128.0,0.207,0.132,1.2,-9.23,-12.7
EVT_00024,22.43179,69.88389,0,INDUSTRIAL_ROUTINE_FLARE,Jamnagar Refinery (Gujarat),TRAIN,GEM Refinery Stack Log,0.98,29.05,352.52,302.27,1500.0,27.11,50.25,5.91,2.0,0.0,1420.4,0.0,0.293,0.05,0.84,0.93,0.837,0.0,16.5,3.5,3.59,105.0,0.151,0.035,1.2,-9.23,-12.7
EVT_00025,22.36416,69.8972,0,INDUSTRIAL_ROUTINE_FLARE,Jamnagar Refinery (Gujarat),TRAIN,GEM Refinery Stack Log,0.98,16.67,372.32,301.97,1500.0,51.34,70.35,9.53,2.0,0.0,1418.89,0.0,0.214,0.05,0.759,0.814,0.733,0.0,16.5,3.5,0.05,113.0,0.108,0.041,1.2,-9.23,-12.7
EVT_00026,22.38808,69.84169,0,INDUSTRIAL_ROUTINE_FLARE,Jamnagar Refinery (Gujarat),TRAIN,GEM Refinery Stack Log,0.98,23.45,372.4,303.15,1500.0,51.48,69.25,3.92,2.0,0.0,1425.06,0.075,0.159,0.05,0.716,0.919,0.827,0.0,16.5,3.5,1.99,107.0,0.139,0.045,1.2,-9.23,-12.7
EVT_00027,22.3257,69.85213,0,INDUSTRIAL_ROUTINE_FLARE,Jamnagar Refinery (Gujarat),TRAIN,GEM Refinery Stack Log,0.98,14.04,359.87,303.59,1500.0,34.81,56.28,10.87,2.0,0.0,1423.9,0.0,0.259,0.05,0.761,0.906,0.815,1.0,16.5,3.5,-0.7,67.0,0.132,0.076,1.2,-8.32,-13.31
EVT_00028,22.36897,69.89656,0,INDUSTRIAL_ROUTINE_FLARE,Jamnagar Refinery (Gujarat),TRAIN,GEM Refinery Stack Log,0.98,20.04,359.59,302.29,1500.0,34.48,57.3,9.14,2.0,0.0,1418.96,0.0,0.268,0.05,0.845,0.787,0.708,0.0,16.5,3.5,1.01,122.0,0.137,0.057,1.2,-9.23,-12.7
EVT_00029,22.36555,69.89085,0,INDUSTRIAL_ROUTINE_FLARE,Jamnagar Refinery (Gujarat),TRAIN,GEM Refinery Stack Log,0.98,26.32,351.06,304.28,1500.0,25.75,46.78,8.95,2.0,0.0,1419.6,0.009,0.139,0.05,0.803,0.834,0.751,0.0,16.5,3.5,2.8,127.0,0.074,-0.031,1.2,-9.23,-12.7
EVT_00030,22.43823,69.84413,0,INDUSTRIAL_ROUTINE_FLARE,Jamnagar Refinery (Gujarat),TRAIN,GEM Refinery Stack Log,0.98,17.98,364.25,301.54,1500.0,40.08,62.71,2.58,2.0,0.0,1424.82,0.0,0.267,0.05,0.839,0.929,0.836,1.0,16.5,3.5,0.42,149.0,0.137,0.065,1.2,-9.23,-12.7
EVT_00031,22.35299,69.92815,0,INDUSTRIAL_ROUTINE_FLARE,Jamnagar Refinery (Gujarat),TRAIN,GEM Refinery Stack Log,0.98,16.02,362.66,302.05,1500.0,38.1,60.61,12.8,2.0,0.0,1415.46,0.0,0.248,0.05,0.836,0.89,0.801,0.0,16.5,3.5,-0.14,60.0,0.126,0.062,1.2,-8.32,-13.31
EVT_00032,22.45428,69.90614,0,INDUSTRIAL_ROUTINE_FLARE,Jamnagar Refinery (Gujarat),TRAIN,GEM Refinery Stack Log,0.98,17.08,354.36,301.55,1500.0,28.91,52.82,8.89,2.0,0.0,1417.95,0.254,0.119,0.05,0.578,0.932,0.838,1.0,16.5,3.5,0.17,137.0,0.264,0.195,1.2,-9.27,-12.3
EVT_00033,22.40447,69.891,0,INDUSTRIAL_ROUTINE_FLARE,Jamnagar Refinery (Gujarat),TRAIN,GEM Refinery Stack Log,0.98,21.34,361.63,296.72,1500.0,36.82,64.91,6.77,2.0,0.0,1419.59,0.219,0.103,0.05,0.628,0.79,0.711,0.0,16.5,3.5,1.38,93.0,0.226,0.141,1.2,-9.23,-12.7
EVT_00034,22.38006,69.89646,0,INDUSTRIAL_ROUTINE_FLARE,Jamnagar Refinery (Gujarat),TRAIN,GEM Refinery Stack Log,0.98,20.7,378.53,304.24,1500.0,61.56,74.29,8.4,2.0,0.0,1418.98,0.0,0.215,0.05,0.832,0.969,0.872,0.0,16.5,3.5,1.2,91.0,0.108,0.025,1.2,-9.23,-12.7
EVT_00035,22.43551,69.82668,0,INDUSTRIAL_ROUTINE_FLARE,Jamnagar Refinery (Gujarat),TRAIN,GEM Refinery Stack Log,0.98,33.87,379.93,297.14,1500.0,63.91,82.79,1.64,2.0,0.0,1426.75,0.165,0.141,0.641,0.053,0.857,0.771,0.0,16.5,3.5,4.96,133.0,0.085,-0.051,1.2,-10.17,-14.0
EVT_00036,22.36535,69.8661,0,INDUSTRIAL_ROUTINE_FLARE,Jamnagar Refinery (Gujarat),TRAIN,GEM Refinery Stack Log,0.98,21.46,354.19,306.35,1500.0,28.75,47.84,7.33,2.0,0.0,1422.34,0.123,0.199,0.05,0.628,0.857,0.771,0.0,16.5,3.5,1.42,93.0,0.2,0.114,1.2,-9.23,-12.7
EVT_00037,22.3435,69.91643,0,INDUSTRIAL_ROUTINE_FLARE,Jamnagar Refinery (Gujarat),TRAIN,GEM Refinery Stack Log,0.98,19.56,368.14,302.76,1500.0,45.26,65.38,12.54,2.0,0.0,1416.76,0.055,0.126,0.05,0.769,0.865,0.778,0.0,16.5,3.5,0.87,108.0,0.104,0.026,1.2,-8.32,-13.31
EVT_00038,22.39722,69.81654,0,INDUSTRIAL_ROUTINE_FLARE,Jamnagar Refinery (Gujarat),TRAIN,GEM Refinery Stack Log,0.98,15.91,366.26,306.21,1500.0,42.73,60.05,2.86,2.0,0.0,1427.85,0.0,0.201,0.05,0.821,0.916,0.824,0.0,16.5,3.5,-0.17,89.0,0.101,0.037,1.2,-10.17,-14.0
EVT_00039,22.36169,69.90322,0,INDUSTRIAL_ROUTINE_FLARE,Jamnagar Refinery (Gujarat),TRAIN,GEM Refinery Stack Log,0.98,14.08,363.33,305.56,1500.0,38.94,57.76,10.18,2.0,0.0,1418.22,0.0,0.235,0.05,0.837,0.961,0.865,1.0,16.5,3.5,-0.69,130.0,0.119,0.063,1.2,-9.23,-12.7
EVT_00040,22.33302,69.75226,0,INDUSTRIAL_ROUTINE_FLARE,Jamnagar Refinery (Gujarat),TRAIN,GEM Refinery Stack Log,0.98,15.67,372.86,309.43,1500.0,52.26,63.44,1.52,2.0,0.0,1434.98,0.164,0.174,0.618,0.043,0.969,0.872,0.0,16.5,3.5,-0.24,98.0,0.107,0.044,1.2,-9.12,-13.02
EVT_00041,22.30685,69.93197,0,INDUSTRIAL_ROUTINE_FLARE,Jamnagar Refinery (Gujarat),TRAIN,GEM Refinery Stack Log,0.98,14.87,362.84,305.41,1500.0,38.34,57.42,16.6,2.0,0.0,1415.04,0.253,0.117,0.05,0.58,0.809,0.728,0.0,16.5,3.5,-0.47,76.0,0.262,0.202,1.2,-8.32,-13.31
EVT_00042,22.36483,69.87713,0,INDUSTRIAL_ROUTINE_FLARE,Jamnagar Refinery (Gujarat),TRAIN,GEM Refinery Stack Log,0.98,14.59,368.91,305.62,1500.0,46.37,63.3,8.04,2.0,0.0,1421.12,0.0,0.147,0.05,0.814,0.797,0.717,0.0,16.5,3.5,-0.54,124.0,0.071,0.012,1.2,-9.23,-12.7
EVT_00043,22.38652,69.89892,0,INDUSTRIAL_ROUTINE_FLARE,Jamnagar Refinery (Gujarat),TRAIN,GEM Refinery Stack Log,0.98,18.6,374.29,300.14,1500.0,54.39,74.15,8.26,2.0,0.0,1418.71,0.006,0.122,0.05,0.822,0.856,0.77,0.0,16.5,3.5,0.6,133.0,0.062,-0.012,1.2,-9.23,-12.7
EVT_00044,22.36942,69.86984,0,INDUSTRIAL_ROUTINE_FLARE,Jamnagar Refinery (Gujarat),TRAIN,GEM Refinery Stack Log,0.98,14.89,360.22,302.86,1500.0,35.21,57.37,7.18,2.0,0.0,1421.93,0.048,0.148,0.05,0.754,0.804,0.723,0.0,16.5,3.5,-0.46,60.0,0.111,0.051,1.2,-9.23,-12.7
EVT_00045,22.36078,69.78393,0,INDUSTRIAL_ROUTINE_FLARE,Jamnagar Refinery (Gujarat),TRAIN,GEM Refinery Stack Log,0.98,18.01,365.4,300.47,1500.0,41.55,64.93,5.98,2.0,0.0,1431.46,0.109,0.278,0.05,0.563,0.94,0.846,0.0,16.5,3.5,0.43,104.0,0.232,0.16,1.2,-10.17,-14.0
EVT_00046,22.38784,69.87044,0,INDUSTRIAL_ROUTINE_FLARE,Jamnagar Refinery (Gujarat),TRAIN,GEM Refinery Stack Log,0.98,38.39,365.68,300.68,1500.0,41.92,65.0,5.73,2.0,0.0,1421.87,0.012,0.299,0.05,0.638,0.885,0.796,0.0,16.5,3.5,6.25,73.0,0.164,0.011,1.2,-9.23,-12.7
EVT_00047,22.3486,69.9234,0,INDUSTRIAL_ROUTINE_FLARE,Jamnagar Refinery (Gujarat),TRAIN,GEM Refinery Stack Log,0.98,36.31,367.57,303.63,1500.0,44.48,63.94,12.71,2.0,0.0,1415.98,0.058,0.155,0.05,0.736,0.792,0.712,0.0,16.5,3.5,5.66,83.0,0.123,-0.022,1.2,-8.32,-13.31
EVT_00048,22.37448,69.82257,0,INDUSTRIAL_ROUTINE_FLARE,Jamnagar Refinery (Gujarat),TRAIN,GEM Refinery Stack Log,0.98,14.57,372.23,297.57,1500.0,51.15,74.66,5.18,2.0,0.0,1427.18,0.077,0.162,0.05,0.711,0.975,0.877,0.0,16.5,3.5,-0.55,122.0,0.142,0.084,1.2,-10.17,-14.0
EVT_00049,22.4,69.90397,0,INDUSTRIAL_ROUTINE_FLARE,Jamnagar Refinery (Gujarat),TRAIN,GEM Refinery Stack Log,0.98,17.79,370.19,307.43,1500.0,48.22,62.76,8.18,2.0,0.0,1418.15,0.217,0.175,0.05,0.558,0.967,0.87,0.0,16.5,3.5,0.37,64.0,0.264,0.193,1.2,-9.23,-12.7
EVT_00050,22.39034,69.83159,0,INDUSTRIAL_ROUTINE_FLARE,Jamnagar Refinery (Gujarat),TRAIN,GEM Refinery Stack Log,0.98,26.92,367.39,302.74,1500.0,44.22,64.65,3.41,2.0,0.0,1426.18,0.281,0.115,0.05,0.554,0.948,0.853,0.0,16.5,3.5,2.98,60.0,0.284,0.176,1.2,-9.23,-12.7
EVT_00051,22.39199,69.9369,0,INDUSTRIAL_ROUTINE_FLARE,Jamnagar Refinery (Gujarat),TRAIN,GEM Refinery Stack Log,0.98,20.16,367.24,303.58,1500.0,44.02,63.66,11.68,2.0,0.0,1414.49,0.136,0.19,0.05,0.624,0.925,0.833,0.0,16.5,3.5,1.05,142.0,0.206,0.125,1.2,-8.14,-11.63
EVT_00052,22.3321,69.88874,0,INDUSTRIAL_ROUTINE_FLARE,Jamnagar Refinery (Gujarat),TRAIN,GEM Refinery Stack Log,0.98,17.1,372.42,307.62,1500.0,51.56,64.8,11.7,2.0,0.0,1419.83,0.0,0.266,0.05,0.693,0.803,0.722,0.0,16.5,3.5,0.17,93.0,0.136,0.068,1.2,-8.32,-13.31
EVT_00053,22.4128,69.85007,0,INDUSTRIAL_ROUTINE_FLARE,Jamnagar Refinery (Gujarat),TRAIN,GEM Refinery Stack Log,0.98,18.58,367.9,307.03,1500.0,44.95,60.87,2.48,2.0,0.0,1424.14,0.079,0.132,0.741,0.048,0.864,0.778,0.0,16.5,3.5,0.59,73.0,-0.011,-0.085,1.2,-9.23,-12.7
EVT_00054,22.31942,69.92055,0,INDUSTRIAL_ROUTINE_FLARE,Jamnagar Refinery (Gujarat),TRAIN,GEM Refinery Stack Log,0.98,17.0,371.2,302.59,1500.0,49.67,68.61,14.78,2.0,0.0,1416.3,0.0,0.272,0.05,0.737,0.883,0.795,0.0,16.5,3.5,0.14,89.0,0.14,0.072,1.2,-8.32,-13.31
EVT_00055,22.37948,69.89787,0,INDUSTRIAL_ROUTINE_FLARE,Jamnagar Refinery (Gujarat),TRAIN,GEM Refinery Stack Log,0.98,41.4,363.03,298.01,1500.0,38.52,65.02,8.56,2.0,0.0,1418.82,0.213,0.115,0.05,0.622,0.879,0.791,0.0,16.5,3.5,7.11,102.0,0.228,0.062,1.2,-9.23,-12.7
EVT_00056,22.34146,69.88707,0,INDUSTRIAL_ROUTINE_FLARE,Jamnagar Refinery (Gujarat),TRAIN,GEM Refinery Stack Log,0.98,18.5,370.23,302.13,1500.0,48.23,68.1,10.73,2.0,0.0,1420.02,0.254,0.134,0.05,0.562,0.914,0.822,1.0,16.5,3.5,0.57,110.0,0.272,0.198,1.2,-8.32,-13.31
EVT_00057,22.35146,69.85043,0,INDUSTRIAL_ROUTINE_FLARE,Jamnagar Refinery (Gujarat),TRAIN,GEM Refinery Stack Log,0.98,17.17,354.96,302.43,1500.0,29.51,52.54,8.06,2.0,0.0,1424.08,0.176,0.196,0.05,0.578,0.881,0.793,0.0,16.5,3.5,0.19,132.0,0.242,0.173,1.2,-9.23,-12.7
EVT_00058,22.38429,69.93907,0,INDUSTRIAL_ROUTINE_FLARE,Jamnagar Refinery (Gujarat),TRAIN,GEM Refinery Stack Log,0.98,14.02,362.35,299.82,1500.0,37.7,62.53,12.16,2.0,0.0,1414.25,0.163,0.174,0.05,0.613,0.954,0.858,1.0,16.5,3.5,-0.71,111.0,0.219,0.163,1.2,-8.14,-11.63
EVT_00059,22.46309,69.85912,0,INDUSTRIAL_ROUTINE_FLARE,Jamnagar Refinery (Gujarat),TRAIN,GEM Refinery Stack Log,0.98,23.63,360.61,296.42,1500.0,35.62,64.19,5.71,2.0,0.0,1423.17,0.0,0.269,0.05,0.756,0.787,0.709,1.0,16.5,3.5,2.04,66.0,0.138,0.043,1.2,-9.23,-12.7
EVT_00060,22.36746,69.90157,0,INDUSTRIAL_ROUTINE_FLARE,Jamnagar Refinery (Gujarat),TRAIN,GEM Refinery Stack Log,0.98,23.36,358.9,302.32,1500.0,33.71,56.58,9.64,2.0,0.0,1418.41,0.171,0.165,0.05,0.613,0.816,0.735,0.0,16.5,3.5,1.96,76.0,0.221,0.128,1.2,-9.23,-12.7
EVT_00061,22.43905,69.90086,0,INDUSTRIAL_ROUTINE_FLARE,Jamnagar Refinery (Gujarat),TRAIN,GEM Refinery Stack Log,0.98,14.64,364.94,307.44,1500.0,41.01,57.5,7.8,2.0,0.0,1418.52,0.011,0.213,0.05,0.726,0.887,0.799,0.0,16.5,3.5,-0.53,67.0,0.116,0.058,1.2,-9.27,-12.3
EVT_00062,22.32669,69.83024,0,INDUSTRIAL_ROUTINE_FLARE,Jamnagar Refinery (Gujarat),TRAIN,GEM Refinery Stack Log,0.98,15.96,366.58,305.52,1500.0,43.15,61.06,9.29,2.0,0.0,1426.33,0.253,0.145,0.05,0.552,0.88,0.792,0.0,16.5,3.5,-0.15,92.0,0.277,0.213,1.2,-8.89,-12.7
EVT_00063,22.37278,69.79027,0,INDUSTRIAL_ROUTINE_FLARE,Jamnagar Refinery (Gujarat),TRAIN,GEM Refinery Stack Log,0.98,14.04,370.58,303.44,1500.0,48.76,67.15,6.58,2.0,0.0,1430.76,0.0,0.244,0.05,0.796,0.975,0.878,0.0,16.5,3.5,-0.7,110.0,0.124,0.068,1.2,-10.17,-14.0
EVT_00064,22.31888,69.96158,0,INDUSTRIAL_ROUTINE_FLARE,Jamnagar Refinery (Gujarat),TRAIN,GEM Refinery Stack Log,0.98,38.09,361.98,304.48,1500.0,37.29,57.5,17.84,2.0,0.0,1411.75,0.204,0.123,0.05,0.623,0.922,0.83,1.0,16.5,3.5,6.17,79.0,0.225,0.073,1.2,-8.17,-12.58
EVT_00065,22.32665,69.89792,0,INDUSTRIAL_ROUTINE_FLARE,Jamnagar Refinery (Gujarat),TRAIN,GEM Refinery Stack Log,0.98,18.59,357.03,303.8,1500.0,31.67,53.22,12.72,2.0,0.0,1418.81,0.054,0.21,0.05,0.686,0.887,0.798,1.0,16.5,3.5,0.6,109.0,0.15,0.075,1.2,-8.32,-13.31
EVT_00066,22.33099,69.87804,0,INDUSTRIAL_ROUTINE_FLARE,Jamnagar Refinery (Gujarat),TRAIN,GEM Refinery Stack Log,0.98,15.05,360.92,303.78,1500.0,36.03,57.14,11.25,2.0,0.0,1421.02,0.076,0.182,0.05,0.691,0.781,0.702,1.0,16.5,3.5,-0.42,74.0,0.152,0.092,1.2,-8.32,-13.31
EVT_00067,22.4002,69.86289,0,INDUSTRIAL_ROUTINE_FLARE,Jamnagar Refinery (Gujarat),TRAIN,GEM Refinery Stack Log,0.98,33.5,367.6,301.19,1500.0,44.49,66.41,4.29,2.0,0.0,1422.71,0.074,0.11,0.05,0.766,0.816,0.735,1.0,16.5,3.5,4.86,99.0,0.111,-0.023,1.2,-9.23,-12.7
EVT_00068,22.40028,69.88741,0,INDUSTRIAL_ROUTINE_FLARE,Jamnagar Refinery (Gujarat),TRAIN,GEM Refinery Stack Log,0.98,26.21,370.34,304.91,1500.0,48.41,65.43,6.56,2.0,0.0,1419.99,0.071,0.172,0.05,0.707,0.817,0.736,1.0,16.5,3.5,2.77,137.0,0.143,0.038,1.2,-9.23,-12.7
EVT_00069,22.37054,69.90317,0,INDUSTRIAL_ROUTINE_FLARE,Jamnagar Refinery (Gujarat),TRAIN,GEM Refinery Stack Log,0.98,17.31,363.25,306.9,1500.0,38.85,56.35,9.57,2.0,0.0,1418.23,0.053,0.215,0.05,0.682,0.873,0.785,0.0,16.5,3.5,0.23,82.0,0.152,0.082,1.2,-9.23,-12.7
EVT_00070,22.33763,69.81353,0,INDUSTRIAL_ROUTINE_FLARE,Jamnagar Refinery (Gujarat),TRAIN,GEM Refinery Stack Log,0.98,15.82,359.77,303.16,1500.0,34.69,56.61,7.69,2.0,0.0,1428.18,0.045,0.167,0.05,0.738,0.889,0.8,0.0,16.5,3.5,-0.19,126.0,0.119,0.055,1.2,-8.89,-12.7
EVT_00071,22.39185,69.85546,0,INDUSTRIAL_ROUTINE_FLARE,Jamnagar Refinery (Gujarat),TRAIN,GEM Refinery Stack Log,0.98,29.7,369.43,309.81,1500.0,47.13,59.62,4.31,2.0,0.0,1423.53,0.07,0.107,0.05,0.773,0.938,0.844,1.0,16.5,3.5,3.77,86.0,0.106,-0.013,1.2,-9.23,-12.7
EVT_00072,22.43284,69.88407,0,INDUSTRIAL_ROUTINE_FLARE,Jamnagar Refinery (Gujarat),TRAIN,GEM Refinery Stack Log,0.98,26.05,362.57,305.49,1500.0,38.01,57.08,5.96,2.0,0.0,1420.38,0.018,0.2,0.05,0.731,0.802,0.722,0.0,16.5,3.5,2.73,147.0,0.115,0.011,1.2,-9.23,-12.7
EVT_00073,22.34435,69.97417,0,INDUSTRIAL_ROUTINE_FLARE,Jamnagar Refinery (Gujarat),TRAIN,GEM Refinery Stack Log,0.98,14.09,374.9,301.58,1500.0,55.4,73.32,17.3,2.0,0.0,1410.35,0.155,0.169,0.05,0.626,0.9,0.81,0.0,16.5,3.5,-0.69,85.0,0.21,0.154,1.2,-8.17,-12.58
EVT_00074,22.31774,69.92236,0,INDUSTRIAL_ROUTINE_FLARE,Jamnagar Refinery (Gujarat),TRAIN,GEM Refinery Stack Log,0.98,15.17,369.58,302.83,1500.0,47.29,66.75,15.04,2.0,0.0,1416.1,0.078,0.245,0.05,0.627,0.897,0.808,0.0,16.5,3.5,-0.38,148.0,0.189,0.128,1.2,-8.32,-13.31
EVT_00075,22.34936,69.87716,0,INDUSTRIAL_ROUTINE_FLARE,Jamnagar Refinery (Gujarat),TRAIN,GEM Refinery Stack Log,0.98,14.5,360.78,306.91,1500.0,35.88,53.88,9.44,2.0,0.0,1421.12,0.0,0.19,0.05,0.828,0.795,0.716,1.0,16.5,3.5,-0.57,100.0,0.095,0.037,1.2,-8.32,-13.31
EVT_00076,22.46885,69.88834,0,INDUSTRIAL_ROUTINE_FLARE,Jamnagar Refinery (Gujarat),TRAIN,GEM Refinery Stack Log,0.98,16.86,360.88,302.6,1500.0,35.98,58.28,8.22,2.0,0.0,1419.94,0.183,0.183,0.05,0.584,0.941,0.847,1.0,16.5,3.5,0.1,100.0,0.241,0.173,1.2,-9.27,-12.3
EVT_00077,22.32555,69.77254,0,INDUSTRIAL_ROUTINE_FLARE,Jamnagar Refinery (Gujarat),TRAIN,GEM Refinery Stack Log,0.98,14.23,366.13,305.33,1500.0,42.55,60.8,3.36,2.0,0.0,1432.73,0.067,0.184,0.05,0.7,0.963,0.866,1.0,16.5,3.5,-0.65,84.0,0.146,0.089,1.2,-8.89,-12.7
EVT_00078,22.37192,69.89437,0,INDUSTRIAL_ROUTINE_FLARE,Jamnagar Refinery (Gujarat),TRAIN,GEM Refinery Stack Log,0.98,14.09,377.94,306.38,1500.0,60.56,71.56,8.76,2.0,0.0,1419.21,0.051,0.211,0.05,0.688,0.913,0.821,1.0,16.5,3.5,-0.69,143.0,0.148,0.092,1.2,-9.23,-12.7
EVT_00079,22.38384,69.90954,0,INDUSTRIAL_ROUTINE_FLARE,Jamnagar Refinery (Gujarat),TRAIN,GEM Refinery Stack Log,0.98,16.6,360.95,300.27,1500.0,36.04,60.68,9.37,2.0,0.0,1417.53,0.0,0.141,0.05,0.819,0.859,0.774,0.0,16.5,3.5,0.03,115.0,0.068,0.001,1.2,-9.23,-12.7
EVT_00080,22.46995,69.83125,0,INDUSTRIAL_ROUTINE_FLARE,Jamnagar Refinery (Gujarat),TRAIN,GEM Refinery Stack Log,0.98,18.07,374.72,295.02,1500.0,55.0,79.7,5.48,2.0,0.0,1426.27,0.202,0.167,0.05,0.581,0.86,0.774,0.0,16.5,3.5,0.45,122.0,0.247,0.175,1.2,-9.23,-12.7
EVT_00081,22.38384,69.86356,0,INDUSTRIAL_ROUTINE_FLARE,Jamnagar Refinery (Gujarat),TRAIN,GEM Refinery Stack Log,0.98,19.23,368.6,302.12,1500.0,45.89,66.48,5.53,2.0,0.0,1422.63,0.0,0.232,0.05,0.765,0.94,0.846,0.0,16.5,3.5,0.78,91.0,0.118,0.041,1.2,-9.23,-12.7
EVT_00082,22.40526,69.83048,0,INDUSTRIAL_ROUTINE_FLARE,Jamnagar Refinery (Gujarat),TRAIN,GEM Refinery Stack Log,0.98,21.4,361.33,304.47,1500.0,36.51,56.86,1.75,2.0,0.0,1426.31,0.0,0.228,0.744,0.09,0.828,0.745,1.0,16.5,3.5,1.4,147.0,-0.023,-0.109,1.2,-9.23,-12.7
EVT_00083,22.43762,69.83475,0,INDUSTRIAL_ROUTINE_FLARE,Jamnagar Refinery (Gujarat),TRAIN,GEM Refinery Stack Log,0.98,29.87,360.4,300.19,1500.0,35.4,60.21,2.01,2.0,0.0,1425.86,0.019,0.118,0.77,0.093,0.783,0.704,1.0,16.5,3.5,3.82,82.0,-0.074,-0.193,1.2,-9.23,-12.7
EVT_00084,22.42786,69.90354,0,INDUSTRIAL_ROUTINE_FLARE,Jamnagar Refinery (Gujarat),TRAIN,GEM Refinery Stack Log,0.98,16.86,366.59,305.24,1500.0,43.16,61.35,7.84,2.0,0.0,1418.21,0.0,0.169,0.05,0.799,0.945,0.851,0.0,16.5,3.5,0.1,71.0,0.083,0.015,1.2,-9.23,-12.7
EVT_00085,22.35804,69.91381,0,INDUSTRIAL_ROUTINE_FLARE,Jamnagar Refinery (Gujarat),TRAIN,GEM Refinery Stack Log,0.98,39.7,362.43,304.42,1500.0,37.84,58.01,11.28,2.0,0.0,1417.05,0.0,0.279,0.05,0.696,0.936,0.842,1.0,16.5,3.5,6.63,89.0,0.143,-0.015,1.2,-8.32,-13.31
EVT_00086,22.36825,69.91711,0,INDUSTRIAL_ROUTINE_FLARE,Jamnagar Refinery (Gujarat),TRAIN,GEM Refinery Stack Log,0.98,16.09,380.09,305.02,1500.0,64.34,75.07,10.9,2.0,0.0,1416.68,0.08,0.28,0.05,0.59,0.808,0.727,0.0,16.5,3.5,-0.12,63.0,0.21,0.145,1.2,-9.23,-12.7
EVT_00087,22.41861,69.9103,0,INDUSTRIAL_ROUTINE_FLARE,Jamnagar Refinery (Gujarat),TRAIN,GEM Refinery Stack Log,0.98,25.81,365.84,306.94,1500.0,42.18,58.91,8.5,2.0,0.0,1417.46,0.0,0.266,0.05,0.745,0.88,0.792,1.0,16.5,3.5,2.66,96.0,0.136,0.033,1.2,-9.23,-12.7
EVT_00088,22.38896,69.90439,0,INDUSTRIAL_ROUTINE_FLARE,Jamnagar Refinery (Gujarat),TRAIN,GEM Refinery Stack Log,0.98,15.35,376.66,306.04,1500.0,58.36,70.62,8.65,2.0,0.0,1418.1,0.135,0.109,0.05,0.706,0.963,0.867,0.0,16.5,3.5,-0.33,121.0,0.161,0.099,1.2,-9.23,-12.7
EVT_00089,22.39812,69.8446,0,INDUSTRIAL_ROUTINE_FLARE,Jamnagar Refinery (Gujarat),TRAIN,GEM Refinery Stack Log,0.98,15.97,366.31,300.73,1500.0,42.74,65.57,3.07,2.0,0.0,1424.74,0.025,0.159,0.05,0.766,0.858,0.772,1.0,16.5,3.5,-0.15,95.0,0.098,0.034,1.2,-9.23,-12.7
EVT_00090,22.34677,69.96213,0,INDUSTRIAL_ROUTINE_FLARE,Jamnagar Refinery (Gujarat),TRAIN,GEM Refinery Stack Log,0.98,23.23,368.45,303.55,1500.0,45.7,64.9,16.1,2.0,0.0,1411.68,0.083,0.268,0.05,0.599,0.823,0.741,1.0,16.5,3.5,1.92,79.0,0.205,0.113,1.2,-8.17,-12.58
EVT_00091,22.39311,69.83329,0,INDUSTRIAL_ROUTINE_FLARE,Jamnagar Refinery (Gujarat),TRAIN,GEM Refinery Stack Log,0.98,17.03,350.16,301.95,1500.0,24.93,48.22,3.13,2.0,0.0,1425.99,0.147,0.115,0.05,0.688,0.863,0.776,0.0,16.5,3.5,0.15,101.0,0.174,0.106,1.2,-9.23,-12.7
EVT_00092,22.36923,69.84694,0,INDUSTRIAL_ROUTINE_FLARE,Jamnagar Refinery (Gujarat),TRAIN,GEM Refinery Stack Log,0.98,19.16,369.65,306.03,1500.0,47.42,63.62,6.07,2.0,0.0,1424.47,0.0,0.261,0.05,0.77,0.797,0.718,0.0,16.5,3.5,0.76,142.0,0.134,0.057,1.2,-9.23,-12.7
EVT_00093,22.42502,69.90718,0,INDUSTRIAL_ROUTINE_FLARE,Jamnagar Refinery (Gujarat),TRAIN,GEM Refinery Stack Log,0.98,18.71,361.82,304.9,1500.0,37.1,56.92,8.19,2.0,0.0,1417.81,0.147,0.241,0.05,0.562,0.824,0.742,0.0,16.5,3.5,0.63,85.0,0.243,0.168,1.2,-9.23,-12.7
EVT_00094,22.40865,69.87468,0,INDUSTRIAL_ROUTINE_FLARE,Jamnagar Refinery (Gujarat),TRAIN,GEM Refinery Stack Log,0.98,38.8,368.13,302.36,1500.0,45.23,65.77,5.03,2.0,0.0,1421.4,0.059,0.204,0.05,0.687,0.969,0.872,0.0,16.5,3.5,6.37,98.0,0.151,-0.005,1.2,-9.23,-12.7
EVT_00095,22.42717,69.91541,0,INDUSTRIAL_ROUTINE_FLARE,Jamnagar Refinery (Gujarat),TRAIN,GEM Refinery Stack Log,0.98,18.59,371.32,296.96,1500.0,49.76,74.35,9.05,2.0,0.0,1416.9,0.069,0.113,0.05,0.767,0.957,0.861,0.0,16.5,3.5,0.6,149.0,0.109,0.034,1.2,-9.27,-12.3
EVT_00096,22.39444,69.80246,0,INDUSTRIAL_ROUTINE_FLARE,Jamnagar Refinery (Gujarat),TRAIN,GEM Refinery Stack Log,0.98,20.88,360.45,306.13,1500.0,35.48,54.32,3.91,2.0,0.0,1429.42,0.119,0.274,0.05,0.557,0.957,0.861,0.0,16.5,3.5,1.25,125.0,0.238,0.155,1.2,-10.17,-14.0
EVT_00097,22.40497,69.87165,0,INDUSTRIAL_ROUTINE_FLARE,Jamnagar Refinery (Gujarat),TRAIN,GEM Refinery Stack Log,0.98,17.6,373.56,300.95,1500.0,53.26,72.61,4.86,2.0,0.0,1421.74,0.139,0.18,0.05,0.632,0.876,0.788,0.0,16.5,3.5,0.31,115.0,0.203,0.133,1.2,-9.23,-12.7
EVT_00098,22.37068,69.84674,0,INDUSTRIAL_ROUTINE_FLARE,Jamnagar Refinery (Gujarat),TRAIN,GEM Refinery Stack Log,0.98,14.02,377.16,303.51,1500.0,59.18,73.66,5.91,2.0,0.0,1424.49,0.0,0.218,0.05,0.765,0.873,0.786,1.0,16.5,3.5,-0.71,127.0,0.11,0.054,1.2,-9.23,-12.7
EVT_00099,22.3961,69.86126,0,INDUSTRIAL_ROUTINE_FLARE,Jamnagar Refinery (Gujarat),TRAIN,GEM Refinery Stack Log,0.98,35.93,358.33,302.17,1500.0,33.07,56.15,4.42,2.0,0.0,1422.89,0.0,0.277,0.05,0.845,0.94,0.846,1.0,16.5,3.5,5.55,129.0,0.142,-0.001,1.2,-9.23,-12.7
EVT_00100,22.4091,69.87727,0,INDUSTRIAL_ROUTINE_FLARE,Jamnagar Refinery (Gujarat),TRAIN,GEM Refinery Stack Log,0.98,26.73,363.96,301.02,1500.0,39.7,62.93,5.27,2.0,0.0,1421.12,0.209,0.177,0.05,0.564,0.826,0.744,0.0,16.5,3.5,2.92,133.0,0.259,0.152,1.2,-9.23,-12.7
EVT_00101,22.3964,69.88779,0,INDUSTRIAL_ROUTINE_FLARE,Jamnagar Refinery (Gujarat),TRAIN,GEM Refinery Stack Log,0.98,19.11,356.26,304.71,1500.0,30.85,51.54,6.76,2.0,0.0,1419.95,0.0,0.239,0.05,0.777,0.899,0.81,0.0,16.5,3.5,0.75,94.0,0.121,0.045,1.2,-9.23,-12.7
EVT_00102,22.39203,69.85682,0,INDUSTRIAL_ROUTINE_FLARE,Jamnagar Refinery (Gujarat),TRAIN,GEM Refinery Stack Log,0.98,19.39,360.06,300.89,1500.0,35.01,59.17,4.39,2.0,0.0,1423.38,0.0,0.153,0.05,0.813,0.899,0.809,0.0,16.5,3.5,0.83,70.0,0.074,-0.003,1.2,-9.23,-12.7
EVT_00103,22.39902,69.90793,0,INDUSTRIAL_ROUTINE_FLARE,Jamnagar Refinery (Gujarat),TRAIN,GEM Refinery Stack Log,0.98,17.68,359.05,303.31,1500.0,33.87,55.73,8.61,2.0,0.0,1417.71,0.179,0.207,0.05,0.565,0.855,0.769,1.0,16.5,3.5,0.34,64.0,0.251,0.18,1.2,-9.23,-12.7
EVT_00104,22.41176,69.87126,0,INDUSTRIAL_ROUTINE_FLARE,Jamnagar Refinery (Gujarat),TRAIN,GEM Refinery Stack Log,0.98,19.49,378.06,305.46,1500.0,60.74,72.59,4.6,2.0,0.0,1421.79,0.0,0.232,0.05,0.789,0.953,0.858,0.0,16.5,3.5,0.86,147.0,0.118,0.04,1.2,-9.23,-12.7
EVT_00105,22.40872,69.88775,0,INDUSTRIAL_ROUTINE_FLARE,Jamnagar Refinery (Gujarat),TRAIN,GEM Refinery Stack Log,0.98,20.75,372.47,306.51,1500.0,51.62,65.96,6.33,2.0,0.0,1419.95,0.033,0.106,0.05,0.812,0.931,0.837,1.0,16.5,3.5,1.21,104.0,0.075,-0.008,1.2,-9.23,-12.7
EVT_00106,22.37415,69.87513,0,INDUSTRIAL_ROUTINE_FLARE,Jamnagar Refinery (Gujarat),TRAIN,GEM Refinery Stack Log,0.98,15.23,373.45,300.55,1500.0,53.07,72.9,7.13,2.0,0.0,1421.34,0.241,0.157,0.05,0.552,0.944,0.849,0.0,16.5,3.5,-0.36,71.0,0.274,0.213,1.2,-9.23,-12.7
EVT_00107,22.38669,69.87163,0,INDUSTRIAL_ROUTINE_FLARE,Jamnagar Refinery (Gujarat),TRAIN,GEM Refinery Stack Log,0.98,21.04,355.48,305.24,1500.0,30.05,50.24,5.91,2.0,0.0,1421.74,0.211,0.104,0.05,0.635,0.888,0.799,0.0,16.5,3.5,1.3,129.0,0.22,0.136,1.2,-9.23,-12.7
EVT_00108,22.42152,69.86173,0,INDUSTRIAL_ROUTINE_FLARE,Jamnagar Refinery (Gujarat),TRAIN,GEM Refinery Stack Log,0.98,23.81,356.7,301.8,1500.0,31.31,54.9,3.51,2.0,0.0,1422.85,0.068,0.242,0.05,0.64,0.938,0.844,1.0,16.5,3.5,2.09,127.0,0.179,0.084,1.2,-9.23,-12.7
EVT_00109,22.38465,69.8455,0,INDUSTRIAL_ROUTINE_FLARE,Jamnagar Refinery (Gujarat),TRAIN,GEM Refinery Stack Log,0.98,14.33,373.37,298.43,1500.0,52.91,74.93,4.42,2.0,0.0,1424.64,0.037,0.23,0.05,0.684,0.954,0.859,0.0,16.5,3.5,-0.62,88.0,0.147,0.09,1.2,-9.23,-12.7
EVT_00110,22.32032,69.9184,0,INDUSTRIAL_ROUTINE_FLARE,Jamnagar Refinery (Gujarat),TRAIN,GEM Refinery Stack Log,0.98,16.04,372.96,301.63,1500.0,52.32,71.33,14.56,2.0,0.0,1416.54,0.0,0.12,0.05,0.833,0.78,0.702,1.0,16.5,3.5,-0.13,88.0,0.056,-0.008,1.2,-8.32,-13.31
EVT_00111,22.38311,69.91081,0,INDUSTRIAL_ROUTINE_FLARE,Jamnagar Refinery (Gujarat),TRAIN,GEM Refinery Stack Log,0.98,26.83,361.2,305.63,1500.0,36.37,55.57,9.53,2.0,0.0,1417.39,0.028,0.29,0.05,0.632,0.935,0.841,1.0,16.5,3.5,2.95,134.0,0.172,0.065,1.2,-9.23,-12.7
EVT_00112,22.37222,69.82986,0,INDUSTRIAL_ROUTINE_FLARE,Jamnagar Refinery (Gujarat),TRAIN,GEM Refinery Stack Log,0.98,21.12,364.2,304.9,1500.0,40.03,59.3,5.41,2.0,0.0,1426.37,0.142,0.164,0.05,0.644,0.86,0.774,1.0,16.5,3.5,1.32,62.0,0.197,0.112,1.2,-9.23,-12.7
EVT_00113,22.41298,69.9001,0,INDUSTRIAL_ROUTINE_FLARE,Jamnagar Refinery (Gujarat),TRAIN,GEM Refinery Stack Log,0.98,22.78,367.48,302.14,1500.0,44.34,65.34,7.5,2.0,0.0,1418.59,0.0,0.137,0.05,0.84,0.893,0.803,0.0,16.5,3.5,1.8,86.0,0.065,-0.026,1.2,-9.23,-12.7
EVT_00114,22.392,69.88599,0,INDUSTRIAL_ROUTINE_FLARE,Jamnagar Refinery (Gujarat),TRAIN,GEM Refinery Stack Log,0.98,24.02,368.99,304.34,1500.0,46.46,64.65,6.8,2.0,0.0,1420.14,0.0,0.294,0.05,0.824,0.905,0.815,1.0,16.5,3.5,2.15,112.0,0.152,0.056,1.2,-9.23,-12.7
EVT_00115,22.37434,69.82306,0,INDUSTRIAL_ROUTINE_FLARE,Jamnagar Refinery (Gujarat),TRAIN,GEM Refinery Stack Log,0.98,19.72,355.02,304.82,1500.0,29.58,50.2,5.19,2.0,0.0,1427.12,0.072,0.154,0.05,0.725,0.825,0.743,1.0,16.5,3.5,0.92,145.0,0.134,0.055,1.2,-10.17,-14.0
EVT_00116,22.35779,69.90485,0,INDUSTRIAL_ROUTINE_FLARE,Jamnagar Refinery (Gujarat),TRAIN,GEM Refinery Stack Log,0.98,14.53,363.06,302.92,1500.0,38.6,60.14,10.59,2.0,0.0,1418.04,0.074,0.239,0.05,0.637,0.858,0.773,0.0,16.5,3.5,-0.56,97.0,0.182,0.124,1.2,-8.32,-13.31
EVT_00117,22.39302,69.88676,0,INDUSTRIAL_ROUTINE_FLARE,Jamnagar Refinery (Gujarat),TRAIN,GEM Refinery Stack Log,0.98,14.78,364.83,301.29,1500.0,40.82,63.54,6.82,2.0,0.0,1420.06,0.198,0.196,0.05,0.556,0.828,0.746,0.0,16.5,3.5,-0.49,91.0,0.26,0.201,1.2,-9.23,-12.7
EVT_00118,22.35867,69.82987,0,INDUSTRIAL_ROUTINE_FLARE,Jamnagar Refinery (Gujarat),TRAIN,GEM Refinery Stack Log,0.98,28.99,365.44,300.66,1500.0,41.6,64.78,6.91,2.0,0.0,1426.36,0.154,0.127,0.05,0.669,0.797,0.717,0.0,16.5,3.5,3.57,85.0,0.186,0.07,1.2,-8.89,-12.7
EVT_00119,22.44292,69.89243,0,INDUSTRIAL_ROUTINE_FLARE,Jamnagar Refinery (Gujarat),TRAIN,GEM Refinery Stack Log,0.98,15.28,361.0,304.72,1500.0,36.13,56.28,7.1,2.0,0.0,1419.46,0.0,0.219,0.05,0.819,0.801,0.721,0.0,16.5,3.5,-0.35,126.0,0.11,0.049,1.2,-9.23,-12.7
EVT_00120,22.43165,69.92333,0,INDUSTRIAL_ROUTINE_FLARE,Jamnagar Refinery (Gujarat),TRAIN,GEM Refinery Stack Log,0.98,34.61,367.6,302.48,1500.0,44.51,65.12,9.91,2.0,0.0,1416.02,0.0,0.211,0.05,0.748,0.905,0.815,0.0,16.5,3.5,5.17,66.0,0.106,-0.032,1.2,-9.27,-12.3
EVT_00121,22.4273,69.88624,0,INDUSTRIAL_ROUTINE_FLARE,Jamnagar Refinery (Gujarat),TRAIN,GEM Refinery Stack Log,0.98,15.25,360.94,302.93,1500.0,36.05,58.01,6.07,2.0,0.0,1420.13,0.194,0.132,0.05,0.624,0.868,0.781,0.0,16.5,3.5,-0.36,71.0,0.222,0.161,1.2,-9.23,-12.7
EVT_00122,22.36879,69.88485,0,INDUSTRIAL_ROUTINE_FLARE,Jamnagar Refinery (Gujarat),TRAIN,GEM Refinery Stack Log,0.98,21.53,368.66,301.28,1500.0,45.97,67.38,8.25,2.0,0.0,1420.26,0.038,0.166,0.05,0.746,0.88,0.792,0.0,16.5,3.5,1.44,77.0,0.112,0.026,1.2,-9.23,-12.7
EVT_00123,22.36286,69.97829,0,INDUSTRIAL_ROUTINE_FLARE,Jamnagar Refinery (Gujarat),TRAIN,GEM Refinery Stack Log,0.98,15.74,363.77,300.72,1500.0,39.47,63.05,16.78,2.0,0.0,1409.89,0.0,0.274,0.05,0.689,0.864,0.777,1.0,16.5,3.5,-0.22,66.0,0.141,0.078,1.2,-8.14,-11.63
EVT_00124,22.41265,69.90056,0,INDUSTRIAL_ROUTINE_FLARE,Jamnagar Refinery (Gujarat),TRAIN,GEM Refinery Stack Log,0.98,17.25,351.95,300.3,1500.0,26.56,51.65,7.55,2.0,0.0,1418.53,0.028,0.218,0.05,0.704,0.978,0.88,1.0,16.5,3.5,0.21,108.0,0.133,0.064,1.2,-9.23,-12.7
EVT_00125,22.3771,69.85694,0,INDUSTRIAL_ROUTINE_FLARE,Jamnagar Refinery (Gujarat),TRAIN,GEM Refinery Stack Log,0.98,25.02,375.57,307.92,1500.0,56.57,67.65,5.72,2.0,0.0,1423.36,0.0,0.142,0.05,0.824,0.911,0.82,0.0,16.5,3.5,2.44,117.0,0.068,-0.032,1.2,-9.23,-12.7
EVT_00126,22.43168,69.9183,0,INDUSTRIAL_ROUTINE_FLARE,Jamnagar Refinery (Gujarat),TRAIN,GEM Refinery Stack Log,0.98,22.81,360.62,304.19,1500.0,35.68,56.43,9.4,2.0,0.0,1416.58,0.086,0.203,0.05,0.662,0.962,0.866,1.0,16.5,3.5,1.8,103.0,0.172,0.081,1.2,-9.27,-12.3
EVT_00127,22.35537,69.86503,0,INDUSTRIAL_ROUTINE_FLARE,Jamnagar Refinery (Gujarat),TRAIN,GEM Refinery Stack Log,0.98,17.63,358.74,302.58,1500.0,33.53,56.16,8.23,2.0,0.0,1422.46,0.089,0.133,0.05,0.728,0.899,0.809,0.0,16.5,3.5,0.32,143.0,0.136,0.066,1.2,-9.23,-12.7
EVT_00128,22.3931,69.86696,0,INDUSTRIAL_ROUTINE_FLARE,Jamnagar Refinery (Gujarat),TRAIN,GEM Refinery Stack Log,0.98,16.75,370.65,299.26,1500.0,48.81,71.39,5.09,2.0,0.0,1422.26,0.182,0.147,0.05,0.621,0.935,0.841,1.0,16.5,3.5,0.07,104.0,0.22,0.153,1.2,-9.23,-12.7
EVT_00129,22.37474,69.90484,0,INDUSTRIAL_ROUTINE_FLARE,Jamnagar Refinery (Gujarat),TRAIN,GEM Refinery Stack Log,0.98,21.75,360.86,297.14,1500.0,35.91,63.72,9.45,2.0,0.0,1418.04,0.0,0.241,0.05,0.735,0.809,0.728,0.0,16.5,3.5,1.5,67.0,0.123,0.036,1.2,-9.23,-12.7
EVT_00130,22.3678,69.85778,0,INDUSTRIAL_ROUTINE_FLARE,Jamnagar Refinery (Gujarat),TRAIN,GEM Refinery Stack Log,0.98,27.01,362.75,309.23,1500.0,38.25,53.52,6.66,2.0,0.0,1423.27,0.025,0.208,0.05,0.717,0.941,0.847,0.0,16.5,3.5,3.0,138.0,0.125,0.017,1.2,-9.23,-12.7
EVT_00131,22.36874,69.85421,0,INDUSTRIAL_ROUTINE_FLARE,Jamnagar Refinery (Gujarat),TRAIN,GEM Refinery Stack Log,0.98,15.78,366.04,301.57,1500.0,42.4,64.48,6.4,2.0,0.0,1423.66,0.14,0.108,0.05,0.702,0.816,0.734,1.0,16.5,3.5,-0.21,92.0,0.164,0.101,1.2,-9.23,-12.7
EVT_00132,22.38488,69.88584,0,INDUSTRIAL_ROUTINE_FLARE,Jamnagar Refinery (Gujarat),TRAIN,GEM Refinery Stack Log,0.98,19.07,364.06,306.26,1500.0,39.87,57.81,7.2,2.0,0.0,1420.16,0.236,0.127,0.05,0.588,0.878,0.79,0.0,16.5,3.5,0.74,143.0,0.253,0.177,1.2,-9.23,-12.7
EVT_00133,22.35436,69.88769,0,INDUSTRIAL_ROUTINE_FLARE,Jamnagar Refinery (Gujarat),TRAIN,GEM Refinery Stack Log,0.98,15.19,369.2,300.57,1500.0,46.73,68.63,9.63,2.0,0.0,1419.95,0.0,0.268,0.05,0.758,0.827,0.744,0.0,16.5,3.5,-0.37,106.0,0.137,0.077,1.2,-8.32,-13.31
EVT_00134,22.38526,69.88277,0,INDUSTRIAL_ROUTINE_FLARE,Jamnagar Refinery (Gujarat),TRAIN,GEM Refinery Stack Log,0.98,28.22,381.82,302.83,1500.0,67.52,79.0,6.91,2.0,0.0,1420.5,0.0,0.284,0.05,0.789,0.894,0.805,1.0,16.5,3.5,3.35,131.0,0.146,0.033,1.2,-9.23,-12.7
EVT_00135,22.40163,69.87494,0,INDUSTRIAL_ROUTINE_FLARE,Jamnagar Refinery (Gujarat),TRAIN,GEM Refinery Stack Log,0.98,20.03,368.54,305.97,1500.0,45.85,62.57,5.31,2.0,0.0,1421.37,0.09,0.295,0.05,0.564,0.85,0.765,1.0,16.5,3.5,1.01,123.0,0.226,0.146,1.2,-9.23,-12.7
EVT_00136,22.41518,69.86117,0,INDUSTRIAL_ROUTINE_FLARE,Jamnagar Refinery (Gujarat),TRAIN,GEM Refinery Stack Log,0.98,23.39,367.38,307.31,1500.0,44.25,60.08,3.51,2.0,0.0,1422.91,0.0,0.262,0.05,0.75,0.956,0.86,0.0,16.5,3.5,1.97,63.0,0.134,0.041,1.2,-9.23,-12.7
EVT_00137,22.40525,69.89224,0,INDUSTRIAL_ROUTINE_FLARE,Jamnagar Refinery (Gujarat),TRAIN,GEM Refinery Stack Log,0.98,14.9,374.03,302.22,1500.0,54.01,71.81,6.87,2.0,0.0,1419.45,0.0,0.222,0.05,0.739,0.889,0.8,1.0,16.5,3.5,-0.46,74.0,0.112,0.053,1.2,-9.23,-12.7
EVT_00138,22.30932,69.9075,0,INDUSTRIAL_ROUTINE_FLARE,Jamnagar Refinery (Gujarat),TRAIN,GEM Refinery Stack Log,0.98,19.52,380.49,306.34,1500.0,65.09,74.15,14.87,2.0,0.0,1417.75,0.0,0.234,0.05,0.731,0.869,0.782,1.0,16.5,3.5,0.86,70.0,0.119,0.041,1.2,-8.32,-13.31
EVT_00139,22.35591,69.94884,0,INDUSTRIAL_ROUTINE_FLARE,Jamnagar Refinery (Gujarat),TRAIN,GEM Refinery Stack Log,0.98,19.12,371.87,302.03,1500.0,50.67,69.85,14.4,2.0,0.0,1413.16,0.238,0.13,0.05,0.583,0.876,0.788,1.0,16.5,3.5,0.75,85.0,0.257,0.18,1.2,-8.14,-11.63
EVT_00140,22.32293,69.87598,0,INDUSTRIAL_ROUTINE_FLARE,Jamnagar Refinery (Gujarat),TRAIN,GEM Refinery Stack Log,0.98,19.58,348.08,301.4,1500.0,23.11,46.68,11.97,2.0,0.0,1421.25,0.255,0.139,0.05,0.555,0.929,0.836,0.0,16.5,3.5,0.88,102.0,0.276,0.197,1.2,-8.32,-13.31
EVT_00141,22.37116,69.88372,0,INDUSTRIAL_ROUTINE_FLARE,Jamnagar Refinery (Gujarat),TRAIN,GEM Refinery Stack Log,0.98,14.75,363.68,304.66,1500.0,39.38,59.02,7.99,2.0,0.0,1420.39,0.0,0.286,0.05,0.751,0.877,0.789,1.0,16.5,3.5,-0.5,111.0,0.147,0.088,1.2,-9.23,-12.7
EVT_00142,22.46595,69.90426,0,INDUSTRIAL_ROUTINE_FLARE,Jamnagar Refinery (Gujarat),TRAIN,GEM Refinery Stack Log,0.98,17.57,366.78,301.56,1500.0,43.38,65.22,9.34,2.0,0.0,1418.17,0.091,0.272,0.05,0.587,0.975,0.878,0.0,16.5,3.5,0.31,134.0,0.214,0.144,1.2,-9.27,-12.3
EVT_00143,22.36109,69.88797,0,INDUSTRIAL_ROUTINE_FLARE,Jamnagar Refinery (Gujarat),TRAIN,GEM Refinery Stack Log,0.98,15.43,371.64,301.01,1500.0,50.31,70.63,9.09,2.0,0.0,1419.92,0.0,0.175,0.05,0.795,0.964,0.867,0.0,16.5,3.5,-0.3,66.0,0.086,0.025,1.2,-9.23,-12.7
EVT_00144,22.34494,69.8724,0,INDUSTRIAL_ROUTINE_FLARE,Jamnagar Refinery (Gujarat),TRAIN,GEM Refinery Stack Log,0.98,25.05,382.82,304.24,1500.0,69.44,78.58,9.61,2.0,0.0,1421.64,0.0,0.171,0.05,0.82,0.909,0.818,1.0,16.5,3.5,2.44,101.0,0.084,-0.016,1.2,-8.32,-13.31
EVT_00145,22.40615,69.84547,0,INDUSTRIAL_ROUTINE_FLARE,Jamnagar Refinery (Gujarat),TRAIN,GEM Refinery Stack Log,0.98,17.86,370.62,301.32,1500.0,48.79,69.3,2.46,2.0,0.0,1424.65,0.157,0.164,0.63,0.049,0.914,0.822,1.0,16.5,3.5,0.39,95.0,0.093,0.022,1.2,-9.23,-12.7
EVT_00146,22.3976,69.85738,0,INDUSTRIAL_ROUTINE_FLARE,Jamnagar Refinery (Gujarat),TRAIN,GEM Refinery Stack Log,0.98,15.38,382.28,297.32,1500.0,68.24,84.95,4.0,2.0,0.0,1423.32,0.09,0.146,0.05,0.714,0.842,0.758,1.0,16.5,3.5,-0.32,130.0,0.144,0.083,1.2,-9.23,-12.7
EVT_00147,22.43108,69.81101,0,INDUSTRIAL_ROUTINE_FLARE,Jamnagar Refinery (Gujarat),TRAIN,GEM Refinery Stack Log,0.98,15.03,367.2,302.99,1500.0,43.97,64.21,2.05,2.0,0.0,1428.49,0.092,0.102,0.745,0.06,0.919,0.827,0.0,16.5,3.5,-0.42,98.0,-0.017,-0.078,1.2,-10.17,-14.0
EVT_00148,22.39365,69.91214,0,INDUSTRIAL_ROUTINE_FLARE,Jamnagar Refinery (Gujarat),TRAIN,GEM Refinery Stack Log,0.98,24.37,369.77,302.18,1500.0,47.56,67.59,9.2,2.0,0.0,1417.24,0.178,0.165,0.05,0.608,0.833,0.75,0.0,16.5,3.5,2.25,95.0,0.227,0.129,1.2,-9.23,-12.7
EVT_00149,22.35728,69.82716,0,INDUSTRIAL_ROUTINE_FLARE,Jamnagar Refinery (Gujarat),TRAIN,GEM Refinery Stack Log,0.98,14.49,365.24,300.69,1500.0,41.34,64.55,7.06,2.0,0.0,1426.67,0.1,0.219,0.05,0.631,0.94,0.846,1.0,16.5,3.5,-0.57,80.0,0.192,0.134,1.2,-8.89,-12.7
EVT_00150,22.34167,69.89565,0,INDUSTRIAL_ROUTINE_FLARE,Jamnagar Refinery (Gujarat),TRAIN,GEM Refinery Stack Log,0.98,14.38,355.5,302.43,1500.0,30.06,53.07,11.24,2.0,0.0,1419.06,0.0,0.193,0.05,0.769,0.856,0.77,0.0,16.5,3.5,-0.61,94.0,0.096,0.039,1.2,-8.32,-13.31
EVT_00151,22.38338,69.84617,0,INDUSTRIAL_ROUTINE_FLARE,Jamnagar Refinery (Gujarat),TRAIN,GEM Refinery Stack Log,0.98,19.37,358.07,304.89,1500.0,32.79,53.18,4.58,2.0,0.0,1424.56,0.239,0.16,0.05,0.55,0.799,0.719,0.0,16.5,3.5,0.82,75.0,0.274,0.196,1.2,-9.23,-12.7
EVT_00152,22.3793,69.88343,0,INDUSTRIAL_ROUTINE_FLARE,Jamnagar Refinery (Gujarat),TRAIN,GEM Refinery Stack Log,0.98,39.59,358.61,302.15,1500.0,33.38,56.45,7.36,2.0,0.0,1420.42,0.0,0.204,0.05,0.803,0.784,0.706,0.0,16.5,3.5,6.6,124.0,0.102,-0.056,1.2,-9.23,-12.7
EVT_00153,22.35378,69.87789,0,INDUSTRIAL_ROUTINE_FLARE,Jamnagar Refinery (Gujarat),TRAIN,GEM Refinery Stack Log,0.98,26.24,361.31,304.09,1500.0,36.48,57.22,9.07,2.0,0.0,1421.03,0.219,0.145,0.05,0.585,0.936,0.843,0.0,16.5,3.5,2.78,73.0,0.249,0.144,1.2,-9.23,-12.7
EVT_00154,22.33951,69.81618,0,INDUSTRIAL_ROUTINE_FLARE,Jamnagar Refinery (Gujarat),TRAIN,GEM Refinery Stack Log,0.98,18.99,356.46,300.84,1500.0,31.05,55.61,8.0,2.0,0.0,1427.89,0.017,0.203,0.05,0.73,0.945,0.851,1.0,16.5,3.5,0.71,85.0,0.116,0.04,1.2,-8.89,-12.7
EVT_00155,22.37979,69.89935,0,INDUSTRIAL_ROUTINE_FLARE,Jamnagar Refinery (Gujarat),TRAIN,GEM Refinery Stack Log,0.98,17.35,365.57,302.7,1500.0,41.79,62.87,8.67,2.0,0.0,1418.66,0.215,0.142,0.05,0.592,0.956,0.86,0.0,16.5,3.5,0.24,65.0,0.244,0.175,1.2,-9.23,-12.7
EVT_00156,22.36088,69.90434,0,INDUSTRIAL_ROUTINE_FLARE,Jamnagar Refinery (Gujarat),TRAIN,GEM Refinery Stack Log,0.98,19.99,369.99,303.36,1500.0,47.88,66.63,10.33,2.0,0.0,1418.1,0.079,0.28,0.05,0.592,0.876,0.788,0.0,16.5,3.5,1.0,73.0,0.209,0.129,1.2,-9.23,-12.7
EVT_00157,22.36193,69.90261,0,INDUSTRIAL_ROUTINE_FLARE,Jamnagar Refinery (Gujarat),TRAIN,GEM Refinery Stack Log,0.98,18.55,359.4,304.05,1500.0,34.28,55.35,10.12,2.0,0.0,1418.29,0.0,0.293,0.05,0.715,0.881,0.793,1.0,16.5,3.5,0.59,104.0,0.151,0.077,1.2,-9.23,-12.7
EVT_00158,22.31692,69.84737,0,INDUSTRIAL_ROUTINE_FLARE,Jamnagar Refinery (Gujarat),TRAIN,GEM Refinery Stack Log,0.98,14.78,344.78,303.88,1500.0,20.42,40.9,11.1,2.0,0.0,1424.43,0.075,0.13,0.05,0.745,0.908,0.817,1.0,16.5,3.5,-0.49,61.0,0.123,0.064,1.2,-8.89,-12.7
EVT_00159,22.3559,69.86781,0,INDUSTRIAL_ROUTINE_FLARE,Jamnagar Refinery (Gujarat),TRAIN,GEM Refinery Stack Log,0.98,14.91,361.05,301.77,1500.0,36.17,59.29,8.32,2.0,0.0,1422.15,0.0,0.224,0.05,0.757,0.841,0.757,1.0,16.5,3.5,-0.46,139.0,0.113,0.054,1.2,-9.23,-12.7
EVT_00160,22.3354,69.89191,0,INDUSTRIAL_ROUTINE_FLARE,Jamnagar Refinery (Gujarat),TRAIN,GEM Refinery Stack Log,0.98,15.34,359.87,300.89,1500.0,34.79,58.98,11.57,2.0,0.0,1419.48,0.083,0.277,0.05,0.589,0.911,0.82,0.0,16.5,3.5,-0.33,109.0,0.21,0.149,1.2,-8.32,-13.31
EVT_00161,22.33216,69.86213,0,INDUSTRIAL_ROUTINE_FLARE,Jamnagar Refinery (Gujarat),TRAIN,GEM Refinery Stack Log,0.98,26.3,356.81,297.59,1500.0,31.4,59.22,10.48,2.0,0.0,1422.78,0.079,0.196,0.05,0.675,0.927,0.834,0.0,16.5,3.5,2.8,114.0,0.163,0.057,1.2,-8.32,-13.31
EVT_00162,22.36088,69.88371,0,INDUSTRIAL_ROUTINE_FLARE,Jamnagar Refinery (Gujarat),TRAIN,GEM Refinery Stack Log,0.98,14.09,354.65,303.55,1500.0,29.2,51.1,8.81,2.0,0.0,1420.39,0.272,0.109,0.05,0.569,0.828,0.745,0.0,16.5,3.5,-0.69,141.0,0.273,0.217,1.2,-9.23,-12.7
EVT_00163,22.33142,69.84332,0,INDUSTRIAL_ROUTINE_FLARE,Jamnagar Refinery (Gujarat),TRAIN,GEM Refinery Stack Log,0.98,16.16,364.93,309.66,1500.0,41.0,55.27,10.07,2.0,0.0,1424.87,0.055,0.247,0.05,0.647,0.81,0.729,1.0,16.5,3.5,-0.1,93.0,0.171,0.106,1.2,-8.89,-12.7
EVT_00164,22.29941,69.85443,0,INDUSTRIAL_ROUTINE_FLARE,Jamnagar Refinery (Gujarat),TRAIN,GEM Refinery Stack Log,0.98,24.76,358.88,296.17,1500.0,33.64,62.71,12.14,2.0,0.0,1423.65,0.0,0.289,0.05,0.748,0.958,0.863,0.0,16.5,3.5,2.36,76.0,0.149,0.05,1.2,-8.32,-13.31
EVT_00165,22.39138,69.86416,0,INDUSTRIAL_ROUTINE_FLARE,Jamnagar Refinery (Gujarat),TRAIN,GEM Refinery Stack Log,0.98,26.21,370.66,300.87,1500.0,48.85,69.79,4.98,2.0,0.0,1422.57,0.0,0.223,0.05,0.741,0.879,0.791,0.0,16.5,3.5,2.77,145.0,0.113,0.008,1.2,-9.23,-12.7
EVT_00166,22.38112,69.84363,0,INDUSTRIAL_ROUTINE_FLARE,Jamnagar Refinery (Gujarat),TRAIN,GEM Refinery Stack Log,0.98,19.03,368.22,300.97,1500.0,45.35,67.25,4.71,2.0,0.0,1424.84,0.071,0.114,0.05,0.765,0.916,0.824,1.0,16.5,3.5,0.72,146.0,0.111,0.035,1.2,-9.23,-12.7
EVT_00167,22.33285,69.83599,0,INDUSTRIAL_ROUTINE_FLARE,Jamnagar Refinery (Gujarat),TRAIN,GEM Refinery Stack Log,0.98,21.58,373.4,301.03,1500.0,53.01,72.37,9.82,2.0,0.0,1425.69,0.0,0.266,0.05,0.715,0.817,0.735,1.0,16.5,3.5,1.45,64.0,0.136,0.05,1.2,-8.89,-12.7
EVT_00168,22.37559,69.84489,0,INDUSTRIAL_ROUTINE_FLARE,Jamnagar Refinery (Gujarat),TRAIN,GEM Refinery Stack Log,0.98,30.04,365.21,300.46,1500.0,41.3,64.75,5.33,2.0,0.0,1424.7,0.144,0.141,0.05,0.665,0.936,0.843,1.0,16.5,3.5,3.87,132.0,0.186,0.065,1.2,-9.23,-12.7
EVT_00169,22.38984,69.8376,0,INDUSTRIAL_ROUTINE_FLARE,Jamnagar Refinery (Gujarat),TRAIN,GEM Refinery Stack Log,0.98,19.29,369.49,306.67,1500.0,47.2,62.82,3.59,2.0,0.0,1425.51,0.168,0.195,0.05,0.588,0.788,0.71,0.0,16.5,3.5,0.8,80.0,0.235,0.158,1.2,-9.23,-12.7
EVT_00170,22.37871,69.83447,0,INDUSTRIAL_ROUTINE_FLARE,Jamnagar Refinery (Gujarat),TRAIN,GEM Refinery Stack Log,0.98,20.71,365.29,305.49,1500.0,41.44,59.8,4.73,2.0,0.0,1425.86,0.0,0.145,0.05,0.828,0.811,0.73,1.0,16.5,3.5,1.2,76.0,0.07,-0.013,1.2,-9.23,-12.7
EVT_00171,22.34343,69.80118,0,INDUSTRIAL_ROUTINE_FLARE,Jamnagar Refinery (Gujarat),TRAIN,GEM Refinery Stack Log,0.98,34.06,379.39,299.69,1500.0,63.0,79.7,6.61,2.0,0.0,1429.55,0.149,0.103,0.05,0.699,0.828,0.745,1.0,16.5,3.5,5.02,91.0,0.169,0.033,1.2,-8.89,-12.7
EVT_00172,22.40612,69.85739,0,INDUSTRIAL_ROUTINE_FLARE,Jamnagar Refinery (Gujarat),TRAIN,GEM Refinery Stack Log,0.98,21.08,367.12,298.02,1500.0,43.8,69.09,3.47,2.0,0.0,1423.32,0.0,0.255,0.05,0.769,0.824,0.742,0.0,16.5,3.5,1.31,105.0,0.13,0.046,1.2,-9.23,-12.7
EVT_00173,22.34364,69.8876,0,INDUSTRIAL_ROUTINE_FLARE,Jamnagar Refinery (Gujarat),TRAIN,GEM Refinery Stack Log,0.98,33.4,367.28,303.09,1500.0,44.08,64.19,10.57,2.0,0.0,1419.96,0.076,0.118,0.05,0.756,0.789,0.71,1.0,16.5,3.5,4.83,88.0,0.117,-0.016,1.2,-8.32,-13.31
EVT_00174,22.37953,69.88877,0,INDUSTRIAL_ROUTINE_FLARE,Jamnagar Refinery (Gujarat),TRAIN,GEM Refinery Stack Log,0.98,17.73,362.03,300.18,1500.0,37.32,61.85,7.79,2.0,0.0,1419.83,0.098,0.213,0.05,0.639,0.932,0.838,0.0,16.5,3.5,0.35,62.0,0.188,0.117,1.2,-9.23,-12.7
EVT_00175,22.40637,69.88334,0,INDUSTRIAL_ROUTINE_FLARE,Jamnagar Refinery (Gujarat),TRAIN,GEM Refinery Stack Log,0.98,15.22,374.03,305.02,1500.0,54.04,69.01,5.95,2.0,0.0,1420.44,0.0,0.276,0.05,0.773,0.872,0.785,1.0,16.5,3.5,-0.37,60.0,0.142,0.081,1.2,-9.23,-12.7
EVT_00176,22.35006,69.84827,0,INDUSTRIAL_ROUTINE_FLARE,Jamnagar Refinery (Gujarat),TRAIN,GEM Refinery Stack Log,0.98,16.61,367.37,305.45,1500.0,44.22,61.92,8.15,2.0,0.0,1424.32,0.019,0.175,0.05,0.756,0.928,0.836,0.0,16.5,3.5,0.03,86.0,0.102,0.035,1.2,-9.23,-12.7
EVT_00177,22.43736,69.96188,0,INDUSTRIAL_ROUTINE_FLARE,Jamnagar Refinery (Gujarat),TRAIN,GEM Refinery Stack Log,0.98,26.51,366.62,303.71,1500.0,43.18,62.91,13.92,2.0,0.0,1411.74,0.124,0.165,0.05,0.66,0.782,0.704,0.0,16.5,3.5,2.86,112.0,0.182,0.076,1.2,-9.27,-12.3
EVT_00178,22.3641,69.84129,0,INDUSTRIAL_ROUTINE_FLARE,Jamnagar Refinery (Gujarat),TRAIN,GEM Refinery Stack Log,0.98,22.96,359.28,296.72,1500.0,34.09,62.56,6.46,2.0,0.0,1425.1,0.101,0.1,0.05,0.749,0.957,0.862,0.0,16.5,3.5,1.85,96.0,0.128,0.036,1.2,-9.23,-12.7
EVT_00179,22.36621,69.85559,0,INDUSTRIAL_ROUTINE_FLARE,Jamnagar Refinery (Gujarat),TRAIN,GEM Refinery Stack Log,0.98,28.51,354.89,298.02,1500.0,29.42,56.87,6.72,2.0,0.0,1423.51,0.092,0.241,0.05,0.618,0.882,0.794,0.0,16.5,3.5,3.43,139.0,0.198,0.084,1.2,-9.23,-12.7
EVT_00180,22.3793,69.84667,0,INDUSTRIAL_ROUTINE_FLARE,Jamnagar Refinery (Gujarat),TRAIN,GEM Refinery Stack Log,0.98,14.16,376.24,307.69,1500.0,57.68,68.56,5.01,2.0,0.0,1424.5,0.216,0.167,0.05,0.568,0.844,0.76,0.0,16.5,3.5,-0.67,142.0,0.259,0.202,1.2,-9.23,-12.7
EVT_00181,22.32437,73.21344,0,INDUSTRIAL_ROUTINE_FLARE,Vadodara Petrochemicals (Gujarat),TRAIN,WRI Chemical Facility Log,0.98,18.06,365.62,307.43,1500.0,41.88,58.19,3.82,2.0,0.0,1050.79,0.01,0.784,0.021,0.195,0.809,0.729,0.0,16.5,3.5,0.45,114.0,0.435,0.363,1.2,-11.3,-2.61
EVT_00182,22.32706,73.21088,0,INDUSTRIAL_ROUTINE_FLARE,Vadodara Petrochemicals (Gujarat),TRAIN,WRI Chemical Facility Log,0.98,21.1,358.85,301.38,1500.0,33.64,57.47,3.42,2.0,0.0,1051.08,0.01,0.801,0.035,0.164,0.879,0.791,1.0,16.5,3.5,1.32,74.0,0.442,0.357,1.2,-11.3,-2.61
EVT_00183,22.34195,73.11219,0,INDUSTRIAL_ROUTINE_FLARE,Vadodara Petrochemicals (Gujarat),TRAIN,WRI Chemical Facility Log,0.98,17.15,356.23,304.05,1500.0,30.82,52.18,3.92,2.0,0.0,1062.03,0.01,0.812,0.019,0.169,0.847,0.762,1.0,16.5,3.5,0.19,129.0,0.451,0.382,1.2,-11.89,-2.74
EVT_00184,22.33615,73.17318,0,INDUSTRIAL_ROUTINE_FLARE,Vadodara Petrochemicals (Gujarat),TRAIN,WRI Chemical Facility Log,0.98,25.36,362.42,304.21,1500.0,37.82,58.21,2.39,2.0,0.0,1055.26,0.072,0.107,0.726,0.094,0.872,0.784,0.0,16.5,3.5,2.53,129.0,-0.027,-0.129,1.2,-11.89,-2.74
EVT_00185,22.3035,73.18511,0,INDUSTRIAL_ROUTINE_FLARE,Vadodara Petrochemicals (Gujarat),TRAIN,WRI Chemical Facility Log,0.98,17.56,361.75,301.96,1500.0,37.0,59.79,5.31,2.0,0.0,1053.95,0.01,0.767,0.012,0.221,0.965,0.868,0.0,16.5,3.5,0.3,144.0,0.428,0.357,1.2,-11.89,-2.74
EVT_00186,22.26583,73.14876,0,INDUSTRIAL_ROUTINE_FLARE,Vadodara Petrochemicals (Gujarat),TRAIN,WRI Chemical Facility Log,0.98,16.01,367.49,302.34,1500.0,44.35,65.15,10.38,2.0,0.0,1058.01,0.01,0.838,0.012,0.15,0.834,0.751,0.0,16.5,3.5,-0.14,148.0,0.467,0.403,1.2,-12.94,-3.47
EVT_00187,22.28159,73.17951,0,INDUSTRIAL_ROUTINE_FLARE,Vadodara Petrochemicals (Gujarat),TRAIN,WRI Chemical Facility Log,0.98,17.71,365.71,299.61,1500.0,41.95,66.1,7.79,2.0,0.0,1054.58,0.01,0.833,0.026,0.14,0.849,0.765,0.0,16.5,3.5,0.34,141.0,0.461,0.39,1.2,-12.94,-3.47
EVT_00188,22.34059,73.16681,0,INDUSTRIAL_ROUTINE_FLARE,Vadodara Petrochemicals (Gujarat),TRAIN,WRI Chemical Facility Log,0.98,18.78,368.8,306.76,1500.0,46.21,62.03,2.65,2.0,0.0,1055.96,0.01,0.78,0.027,0.193,0.976,0.878,1.0,16.5,3.5,0.65,146.0,0.432,0.357,1.2,-11.89,-2.74
EVT_00189,22.31633,73.17875,0,INDUSTRIAL_ROUTINE_FLARE,Vadodara Petrochemicals (Gujarat),TRAIN,WRI Chemical Facility Log,0.98,14.85,353.69,306.49,1500.0,28.26,47.2,4.03,2.0,0.0,1054.65,0.01,0.828,0.026,0.145,0.81,0.729,1.0,16.5,3.5,-0.47,130.0,0.458,0.399,1.2,-11.89,-2.74
EVT_00190,22.33542,73.10005,0,INDUSTRIAL_ROUTINE_FLARE,Vadodara Petrochemicals (Gujarat),TRAIN,WRI Chemical Facility Log,0.98,20.64,366.68,307.29,1500.0,43.29,59.39,4.49,1.0,0.0,1063.38,0.01,0.777,0.038,0.185,0.825,0.743,0.0,16.5,3.5,1.18,133.0,0.428,0.345,1.2,-12.64,-2.0
EVT_00191,22.31528,73.21164,0,INDUSTRIAL_ROUTINE_FLARE,Vadodara Petrochemicals (Gujarat),TRAIN,WRI Chemical Facility Log,0.98,21.37,348.46,299.97,1500.0,23.43,48.49,4.55,2.0,0.0,1051.0,0.01,0.771,0.021,0.208,0.889,0.8,1.0,16.5,3.5,1.39,99.0,0.428,0.343,1.2,-11.3,-2.61
EVT_00192,22.22534,73.17872,0,INDUSTRIAL_ROUTINE_FLARE,Vadodara Petrochemicals (Gujarat),TRAIN,WRI Chemical Facility Log,0.98,23.94,365.9,306.2,1500.0,42.25,59.7,14.02,2.0,0.0,1054.73,0.01,0.826,0.015,0.159,0.931,0.838,1.0,16.5,3.5,2.13,144.0,0.46,0.364,1.2,-12.94,-3.47
EVT_00193,22.35539,73.1933,0,INDUSTRIAL_ROUTINE_FLARE,Vadodara Petrochemicals (Gujarat),TRAIN,WRI Chemical Facility Log,0.98,14.69,377.8,309.06,1500.0,60.35,68.74,0.59,2.0,1.0,1053.02,0.029,0.02,0.925,0.026,0.849,0.764,1.0,16.5,3.5,-0.52,101.0,-0.1,-0.159,1.2,-11.36,-1.8
EVT_00194,22.28508,73.2202,0,INDUSTRIAL_ROUTINE_FLARE,Vadodara Petrochemicals (Gujarat),TRAIN,WRI Chemical Facility Log,0.98,16.37,365.79,298.69,1500.0,42.05,67.11,7.96,2.0,0.0,1050.06,0.01,0.791,0.029,0.179,0.939,0.845,0.0,16.5,3.5,-0.04,144.0,0.437,0.372,1.2,-11.3,-2.61
EVT_00195,22.20341,73.21722,0,INDUSTRIAL_ROUTINE_FLARE,Vadodara Petrochemicals (Gujarat),TRAIN,WRI Chemical Facility Log,0.98,20.65,356.4,303.64,1500.0,31.0,52.76,16.65,2.0,0.0,1050.49,0.01,0.811,0.028,0.161,0.853,0.767,0.0,16.5,3.5,1.19,99.0,0.449,0.366,1.2,-15.36,-4.12
EVT_00196,22.29671,73.16873,0,INDUSTRIAL_ROUTINE_FLARE,Vadodara Petrochemicals (Gujarat),TRAIN,WRI Chemical Facility Log,0.98,16.63,370.47,304.7,1500.0,48.61,65.77,6.42,2.0,0.0,1055.77,0.01,0.848,0.034,0.118,0.94,0.846,0.0,16.5,3.5,0.04,78.0,0.468,0.401,1.2,-11.89,-2.74
EVT_00197,22.31825,73.1802,0,INDUSTRIAL_ROUTINE_FLARE,Vadodara Petrochemicals (Gujarat),TRAIN,WRI Chemical Facility Log,0.98,21.72,366.86,302.86,1500.0,43.5,63.99,3.78,2.0,0.0,1054.48,0.01,0.776,0.01,0.213,0.907,0.816,1.0,16.5,3.5,1.49,118.0,0.433,0.346,1.2,-11.89,-2.74
EVT_00198,22.34156,73.27063,0,INDUSTRIAL_ROUTINE_FLARE,Vadodara Petrochemicals (Gujarat),TRAIN,WRI Chemical Facility Log,0.98,14.58,369.06,303.98,1500.0,46.56,65.08,8.36,2.0,0.0,1044.44,0.01,0.842,0.026,0.132,0.926,0.834,1.0,16.5,3.5,-0.55,68.0,0.466,0.408,1.2,-11.3,-2.61
EVT_00199,22.26477,73.2199,0,INDUSTRIAL_ROUTINE_FLARE,Vadodara Petrochemicals (Gujarat),TRAIN,WRI Chemical Facility Log,0.98,18.3,374.22,302.65,1500.0,54.32,71.57,10.07,2.0,0.0,1050.11,0.01,0.848,0.026,0.126,0.852,0.766,0.0,16.5,3.5,0.52,62.0,0.469,0.396,1.2,-12.76,-2.95
EVT_00200,22.284,73.16943,0,INDUSTRIAL_ROUTINE_FLARE,Vadodara Petrochemicals (Gujarat),TRAIN,WRI Chemical Facility Log,0.98,17.81,366.71,301.62,1500.0,43.29,65.08,7.74,2.0,0.0,1055.7,0.01,0.835,0.03,0.136,0.961,0.865,0.0,16.5,3.5,0.38,141.0,0.461,0.39,1.2,-12.94,-3.47
EVT_00201,22.24685,73.22353,0,INDUSTRIAL_ROUTINE_FLARE,Vadodara Petrochemicals (Gujarat),TRAIN,WRI Chemical Facility Log,0.98,41.08,364.28,306.68,1500.0,40.15,57.6,12.08,2.0,0.0,1049.73,0.01,0.771,0.019,0.21,0.907,0.816,1.0,16.5,3.5,7.02,75.0,0.428,0.264,1.2,-12.76,-2.95
EVT_00202,22.31643,73.14477,0,INDUSTRIAL_ROUTINE_FLARE,Vadodara Petrochemicals (Gujarat),TRAIN,WRI Chemical Facility Log,0.98,28.09,363.43,301.22,1500.0,39.04,62.21,6.03,2.0,0.0,1058.42,0.01,0.763,0.019,0.218,0.823,0.741,0.0,16.5,3.5,3.31,80.0,0.424,0.312,1.2,-11.89,-2.74
EVT_00203,22.31799,73.18629,0,INDUSTRIAL_ROUTINE_FLARE,Vadodara Petrochemicals (Gujarat),TRAIN,WRI Chemical Facility Log,0.98,24.87,367.45,304.47,1500.0,44.33,62.99,3.69,2.0,0.0,1053.81,0.01,0.827,0.027,0.146,0.913,0.822,1.0,16.5,3.5,2.39,65.0,0.458,0.358,1.2,-11.89,-2.74
EVT_00204,22.29536,73.14589,0,INDUSTRIAL_ROUTINE_FLARE,Vadodara Petrochemicals (Gujarat),TRAIN,WRI Chemical Facility Log,0.98,19.54,372.75,302.64,1500.0,52.01,70.11,7.67,2.0,0.0,1058.3,0.01,0.808,0.011,0.182,0.856,0.77,0.0,16.5,3.5,0.87,137.0,0.45,0.372,1.2,-11.89,-2.74
EVT_00205,22.2858,73.17764,0,INDUSTRIAL_ROUTINE_FLARE,Vadodara Petrochemicals (Gujarat),TRAIN,WRI Chemical Facility Log,0.98,26.8,368.79,305.65,1500.0,46.19,63.13,7.36,2.0,0.0,1054.79,0.01,0.79,0.035,0.175,0.976,0.879,0.0,16.5,3.5,2.94,132.0,0.436,0.328,1.2,-12.94,-3.47
EVT_00206,22.32308,73.16647,0,INDUSTRIAL_ROUTINE_FLARE,Vadodara Petrochemicals (Gujarat),TRAIN,WRI Chemical Facility Log,0.98,19.45,367.38,301.06,1500.0,44.19,66.31,3.94,2.0,0.0,1056.01,0.01,0.817,0.019,0.165,0.799,0.719,1.0,16.5,3.5,0.84,123.0,0.454,0.376,1.2,-11.89,-2.74
EVT_00207,22.32609,73.14899,0,INDUSTRIAL_ROUTINE_FLARE,Vadodara Petrochemicals (Gujarat),TRAIN,WRI Chemical Facility Log,0.98,28.68,360.41,303.45,1500.0,35.43,56.96,5.05,2.0,0.0,1057.95,0.01,0.849,0.016,0.135,0.955,0.86,0.0,16.5,3.5,3.48,145.0,0.472,0.357,1.2,-11.89,-2.74
EVT_00208,22.29634,73.17409,0,INDUSTRIAL_ROUTINE_FLARE,Vadodara Petrochemicals (Gujarat),TRAIN,WRI Chemical Facility Log,0.98,14.46,365.49,306.49,1500.0,41.71,59.0,6.29,2.0,0.0,1055.17,0.01,0.834,0.026,0.14,0.946,0.852,0.0,16.5,3.5,-0.58,92.0,0.462,0.404,1.2,-11.89,-2.74
EVT_00209,22.26079,73.17615,0,INDUSTRIAL_ROUTINE_FLARE,Vadodara Petrochemicals (Gujarat),TRAIN,WRI Chemical Facility Log,0.98,15.31,358.09,301.59,1500.0,32.81,56.5,10.13,2.0,0.0,1054.97,0.01,0.824,0.03,0.146,0.97,0.873,0.0,16.5,3.5,-0.34,88.0,0.455,0.394,1.2,-12.94,-3.47
EVT_00210,22.2873,73.16241,0,INDUSTRIAL_ROUTINE_FLARE,Vadodara Petrochemicals (Gujarat),TRAIN,WRI Chemical Facility Log,0.98,18.48,358.73,300.21,1500.0,33.5,58.52,7.63,2.0,0.0,1056.48,0.01,0.767,0.018,0.215,0.977,0.879,1.0,16.5,3.5,0.57,97.0,0.426,0.353,1.2,-11.89,-2.74
EVT_00211,22.28461,73.10273,0,INDUSTRIAL_ROUTINE_FLARE,Vadodara Petrochemicals (Gujarat),TRAIN,WRI Chemical Facility Log,0.98,15.53,363.46,296.8,1500.0,39.04,66.66,10.14,2.0,0.0,1063.1,0.01,0.819,0.026,0.155,0.902,0.812,1.0,16.5,3.5,-0.28,115.0,0.453,0.391,1.2,-13.89,-2.95
EVT_00212,22.31043,73.19011,0,INDUSTRIAL_ROUTINE_FLARE,Vadodara Petrochemicals (Gujarat),TRAIN,WRI Chemical Facility Log,0.98,18.04,362.83,297.62,1500.0,38.27,65.21,4.51,2.0,0.0,1053.39,0.01,0.853,0.022,0.125,0.824,0.741,0.0,16.5,3.5,0.44,113.0,0.473,0.401,1.2,-11.89,-2.74
EVT_00213,22.30746,73.15368,0,INDUSTRIAL_ROUTINE_FLARE,Vadodara Petrochemicals (Gujarat),TRAIN,WRI Chemical Facility Log,0.98,18.96,362.77,300.61,1500.0,38.22,62.15,6.11,2.0,0.0,1057.43,0.01,0.764,0.024,0.212,0.955,0.859,0.0,16.5,3.5,0.7,70.0,0.424,0.348,1.2,-11.89,-2.74
EVT_00214,22.35182,73.15517,0,INDUSTRIAL_ROUTINE_FLARE,Vadodara Petrochemicals (Gujarat),TRAIN,WRI Chemical Facility Log,0.98,16.09,367.41,305.31,1500.0,44.27,62.1,3.58,2.0,0.0,1057.26,0.01,0.856,0.035,0.11,0.915,0.823,1.0,16.5,3.5,-0.12,149.0,0.472,0.408,1.2,-11.89,-2.74
EVT_00215,22.30507,73.15848,0,INDUSTRIAL_ROUTINE_FLARE,Vadodara Petrochemicals (Gujarat),TRAIN,WRI Chemical Facility Log,0.98,17.39,360.04,304.03,1500.0,35.01,56.01,6.05,2.0,0.0,1056.9,0.01,0.82,0.026,0.154,0.871,0.784,0.0,16.5,3.5,0.25,78.0,0.454,0.384,1.2,-11.89,-2.74
EVT_00216,22.29282,73.21003,0,INDUSTRIAL_ROUTINE_FLARE,Vadodara Petrochemicals (Gujarat),TRAIN,WRI Chemical Facility Log,0.98,17.73,372.94,300.56,1500.0,52.28,72.38,6.79,2.0,0.0,1051.19,0.01,0.819,0.01,0.17,0.909,0.818,0.0,16.5,3.5,0.35,110.0,0.457,0.386,1.2,-11.3,-2.61
EVT_00217,22.32479,73.18816,0,INDUSTRIAL_ROUTINE_FLARE,Vadodara Petrochemicals (Gujarat),TRAIN,WRI Chemical Facility Log,0.98,23.01,371.67,303.86,1500.0,50.38,67.81,2.92,2.0,0.0,1053.6,0.01,0.843,0.04,0.117,0.804,0.724,0.0,16.5,3.5,1.86,97.0,0.464,0.372,1.2,-11.89,-2.74
EVT_00218,22.31956,73.21211,0,INDUSTRIAL_ROUTINE_FLARE,Vadodara Petrochemicals (Gujarat),TRAIN,WRI Chemical Facility Log,0.98,14.62,347.83,307.67,1500.0,22.91,40.16,4.17,2.0,0.0,1050.94,0.01,0.816,0.02,0.164,0.86,0.774,0.0,16.5,3.5,-0.54,121.0,0.453,0.395,1.2,-11.3,-2.61
EVT_00219,22.32994,73.22506,0,INDUSTRIAL_ROUTINE_FLARE,Vadodara Petrochemicals (Gujarat),TRAIN,WRI Chemical Facility Log,0.98,17.93,368.3,305.54,1500.0,45.5,62.76,4.3,2.0,0.0,1049.5,0.01,0.846,0.028,0.126,0.915,0.823,1.0,16.5,3.5,0.41,112.0,0.468,0.396,1.2,-11.3,-2.61
EVT_00220,22.28033,73.1335,0,INDUSTRIAL_ROUTINE_FLARE,Vadodara Petrochemicals (Gujarat),TRAIN,WRI Chemical Facility Log,0.98,23.97,380.34,298.86,1500.0,64.68,81.47,9.77,2.0,0.0,1059.69,0.01,0.797,0.028,0.175,0.8,0.72,0.0,16.5,3.5,2.13,91.0,0.441,0.345,1.2,-11.89,-2.74
EVT_00221,22.33614,73.21943,0,INDUSTRIAL_ROUTINE_FLARE,Vadodara Petrochemicals (Gujarat),TRAIN,WRI Chemical Facility Log,0.98,17.94,357.36,301.77,1500.0,32.02,55.6,3.45,2.0,0.0,1050.12,0.01,0.855,0.02,0.125,0.809,0.728,0.0,16.5,3.5,0.41,124.0,0.474,0.403,1.2,-11.3,-2.61
EVT_00222,22.21777,73.19171,0,INDUSTRIAL_ROUTINE_FLARE,Vadodara Petrochemicals (Gujarat),TRAIN,WRI Chemical Facility Log,0.98,14.75,368.05,306.98,1500.0,45.17,61.08,14.82,2.0,0.0,1053.3,0.01,0.782,0.04,0.179,0.949,0.854,0.0,16.5,3.5,-0.5,107.0,0.43,0.371,1.2,-12.94,-3.47
EVT_00223,22.3662,73.16383,0,INDUSTRIAL_ROUTINE_FLARE,Vadodara Petrochemicals (Gujarat),TRAIN,WRI Chemical Facility Log,0.98,14.2,364.68,299.56,1500.0,40.61,65.12,3.18,2.0,0.0,1056.3,0.01,0.77,0.016,0.214,0.881,0.793,0.0,16.5,3.5,-0.66,63.0,0.429,0.372,1.2,-11.49,-1.61
EVT_00224,22.2948,73.20577,0,INDUSTRIAL_ROUTINE_FLARE,Vadodara Petrochemicals (Gujarat),TRAIN,WRI Chemical Facility Log,0.98,15.11,353.75,300.3,1500.0,28.29,53.45,6.46,2.0,0.0,1051.66,0.01,0.856,0.019,0.125,0.878,0.79,1.0,16.5,3.5,-0.4,96.0,0.475,0.415,1.2,-11.3,-2.61
EVT_00225,22.30839,73.21164,0,INDUSTRIAL_ROUTINE_FLARE,Vadodara Petrochemicals (Gujarat),TRAIN,WRI Chemical Facility Log,0.98,16.91,354.22,298.54,1500.0,28.75,55.68,5.24,2.0,0.0,1051.0,0.01,0.813,0.015,0.172,0.888,0.799,1.0,16.5,3.5,0.12,108.0,0.452,0.385,1.2,-11.3,-2.61
EVT_00226,22.32298,73.16282,0,INDUSTRIAL_ROUTINE_FLARE,Vadodara Petrochemicals (Gujarat),TRAIN,WRI Chemical Facility Log,0.98,22.64,372.44,301.6,1500.0,51.52,70.84,4.19,2.0,0.0,1056.41,0.01,0.857,0.027,0.117,0.815,0.734,0.0,16.5,3.5,1.75,80.0,0.474,0.384,1.2,-11.89,-2.74
EVT_00227,22.33365,73.11613,0,INDUSTRIAL_ROUTINE_FLARE,Vadodara Petrochemicals (Gujarat),TRAIN,WRI Chemical Facility Log,0.98,20.89,363.8,299.68,1500.0,39.49,64.12,4.92,2.0,0.0,1061.59,0.01,0.833,0.019,0.148,0.878,0.79,0.0,16.5,3.5,1.25,76.0,0.463,0.379,1.2,-11.89,-2.74
EVT_00228,22.33729,73.1578,0,INDUSTRIAL_ROUTINE_FLARE,Vadodara Petrochemicals (Gujarat),TRAIN,WRI Chemical Facility Log,0.98,15.12,377.03,302.14,1500.0,58.94,74.89,3.65,2.0,0.0,1056.97,0.01,0.773,0.028,0.199,0.951,0.855,0.0,16.5,3.5,-0.39,78.0,0.428,0.367,1.2,-11.89,-2.74
EVT_00229,22.2409,73.21998,0,INDUSTRIAL_ROUTINE_FLARE,Vadodara Petrochemicals (Gujarat),TRAIN,WRI Chemical Facility Log,0.98,23.59,361.18,302.85,1500.0,36.33,58.33,12.62,2.0,0.0,1050.13,0.01,0.788,0.036,0.176,0.89,0.801,1.0,16.5,3.5,2.03,115.0,0.434,0.34,1.2,-12.76,-2.95
EVT_00230,22.3132,73.17898,0,INDUSTRIAL_ROUTINE_FLARE,Vadodara Petrochemicals (Gujarat),TRAIN,WRI Chemical Facility Log,0.98,20.22,372.88,302.85,1500.0,52.22,70.04,4.35,2.0,0.0,1054.62,0.01,0.816,0.023,0.16,0.855,0.77,1.0,16.5,3.5,1.06,92.0,0.452,0.372,1.2,-11.89,-2.74
EVT_00231,22.32597,73.18656,0,INDUSTRIAL_ROUTINE_FLARE,Vadodara Petrochemicals (Gujarat),TRAIN,WRI Chemical Facility Log,0.98,29.74,374.54,300.51,1500.0,54.8,74.03,2.81,2.0,0.0,1053.78,0.01,0.836,0.027,0.136,0.871,0.784,0.0,16.5,3.5,3.78,106.0,0.463,0.344,1.2,-11.89,-2.74
EVT_00232,22.3408,73.17284,0,INDUSTRIAL_ROUTINE_FLARE,Vadodara Petrochemicals (Gujarat),TRAIN,WRI Chemical Facility Log,0.98,19.0,364.05,306.01,1500.0,39.86,58.04,2.1,2.0,0.0,1055.29,0.0,0.239,0.753,0.042,0.905,0.815,0.0,16.5,3.5,0.71,139.0,-0.019,-0.095,1.2,-11.89,-2.74
EVT_00233,22.30277,73.21778,0,INDUSTRIAL_ROUTINE_FLARE,Vadodara Petrochemicals (Gujarat),TRAIN,WRI Chemical Facility Log,0.98,26.0,374.98,306.92,1500.0,55.6,68.06,6.08,2.0,0.0,1050.32,0.01,0.856,0.01,0.134,0.847,0.762,0.0,16.5,3.5,2.71,89.0,0.477,0.373,1.2,-11.3,-2.61
EVT_00234,22.28125,73.20998,0,INDUSTRIAL_ROUTINE_FLARE,Vadodara Petrochemicals (Gujarat),TRAIN,WRI Chemical Facility Log,0.98,15.08,368.61,305.15,1500.0,45.93,63.46,8.02,2.0,0.0,1051.2,0.01,0.837,0.035,0.128,0.931,0.838,0.0,16.5,3.5,-0.41,132.0,0.462,0.401,1.2,-12.94,-3.47
EVT_00235,22.27315,73.18741,0,INDUSTRIAL_ROUTINE_FLARE,Vadodara Petrochemicals (Gujarat),TRAIN,WRI Chemical Facility Log,0.98,17.66,359.26,302.93,1500.0,34.11,56.33,8.66,2.0,0.0,1053.71,0.01,0.771,0.034,0.195,0.861,0.775,1.0,16.5,3.5,0.33,131.0,0.425,0.355,1.2,-12.94,-3.47
EVT_00236,22.30106,73.2013,0,INDUSTRIAL_ROUTINE_FLARE,Vadodara Petrochemicals (Gujarat),TRAIN,WRI Chemical Facility Log,0.98,18.86,361.76,302.34,1500.0,37.01,59.42,5.67,2.0,0.0,1052.15,0.01,0.775,0.031,0.194,0.939,0.845,0.0,16.5,3.5,0.67,119.0,0.428,0.353,1.2,-11.3,-2.61
EVT_00237,22.26144,73.20227,0,INDUSTRIAL_ROUTINE_FLARE,Vadodara Petrochemicals (Gujarat),TRAIN,WRI Chemical Facility Log,0.98,16.42,363.05,306.08,1500.0,38.6,56.96,10.04,2.0,0.0,1052.07,0.01,0.844,0.026,0.129,0.81,0.729,1.0,16.5,3.5,-0.02,112.0,0.467,0.402,1.2,-12.94,-3.47
EVT_00238,22.28577,73.1316,0,INDUSTRIAL_ROUTINE_FLARE,Vadodara Petrochemicals (Gujarat),TRAIN,WRI Chemical Facility Log,0.98,22.91,360.09,304.75,1500.0,35.06,55.34,9.42,2.0,0.0,1059.9,0.01,0.815,0.029,0.155,0.953,0.858,0.0,16.5,3.5,1.83,131.0,0.451,0.359,1.2,-11.89,-2.74
EVT_00239,22.21168,73.24302,0,INDUSTRIAL_ROUTINE_FLARE,Vadodara Petrochemicals (Gujarat),TRAIN,WRI Chemical Facility Log,0.98,16.4,359.63,299.9,1500.0,34.51,59.73,16.42,2.0,0.0,1047.62,0.01,0.838,0.018,0.144,0.893,0.803,1.0,16.5,3.5,-0.03,118.0,0.466,0.4,1.2,-12.76,-2.95
EVT_00240,22.23583,73.17902,0,INDUSTRIAL_ROUTINE_FLARE,Vadodara Petrochemicals (Gujarat),TRAIN,WRI Chemical Facility Log,0.98,14.39,367.35,300.16,1500.0,44.14,67.19,12.86,2.0,0.0,1054.69,0.01,0.832,0.028,0.141,0.93,0.837,0.0,16.5,3.5,-0.6,85.0,0.46,0.403,1.2,-12.94,-3.47
EVT_00241,22.30664,73.21156,0,INDUSTRIAL_ROUTINE_FLARE,Vadodara Petrochemicals (Gujarat),TRAIN,WRI Chemical Facility Log,0.98,33.75,350.49,301.71,1500.0,25.22,48.77,5.41,2.0,0.0,1051.01,0.01,0.773,0.027,0.2,0.797,0.717,0.0,16.5,3.5,4.93,124.0,0.428,0.293,1.2,-11.3,-2.61
EVT_00242,22.30727,73.2171,0,INDUSTRIAL_ROUTINE_FLARE,Vadodara Petrochemicals (Gujarat),TRAIN,WRI Chemical Facility Log,0.98,33.28,351.84,299.43,1500.0,26.46,52.41,5.6,2.0,0.0,1050.39,0.01,0.809,0.022,0.169,0.915,0.824,1.0,16.5,3.5,4.79,146.0,0.449,0.316,1.2,-11.3,-2.61
EVT_00243,22.3498,73.21242,0,INDUSTRIAL_ROUTINE_FLARE,Vadodara Petrochemicals (Gujarat),TRAIN,WRI Chemical Facility Log,0.98,37.68,371.76,306.71,1500.0,50.54,65.05,2.31,2.0,0.0,1050.9,0.002,0.14,0.789,0.069,0.932,0.839,0.0,16.5,3.5,6.05,106.0,-0.079,-0.23,1.2,-11.36,-1.8
EVT_00244,22.29988,73.14605,0,INDUSTRIAL_ROUTINE_FLARE,Vadodara Petrochemicals (Gujarat),TRAIN,WRI Chemical Facility Log,0.98,18.52,371.88,302.07,1500.0,50.68,69.81,7.26,2.0,0.0,1058.28,0.01,0.837,0.022,0.141,0.802,0.722,0.0,16.5,3.5,0.58,130.0,0.464,0.39,1.2,-11.89,-2.74
EVT_00245,22.31144,73.19052,0,INDUSTRIAL_ROUTINE_FLARE,Vadodara Petrochemicals (Gujarat),TRAIN,WRI Chemical Facility Log,0.98,18.47,369.36,299.58,1500.0,46.94,69.77,4.4,2.0,0.0,1053.34,0.01,0.821,0.019,0.16,0.956,0.86,1.0,16.5,3.5,0.56,146.0,0.456,0.382,1.2,-11.89,-2.74
EVT_00246,22.31317,73.14843,0,INDUSTRIAL_ROUTINE_FLARE,Vadodara Petrochemicals (Gujarat),TRAIN,WRI Chemical Facility Log,0.98,21.25,358.91,306.38,1500.0,33.74,52.54,6.0,2.0,0.0,1058.01,0.01,0.818,0.013,0.17,0.859,0.773,0.0,16.5,3.5,1.36,113.0,0.456,0.371,1.2,-11.89,-2.74
EVT_00247,22.30397,73.16912,0,INDUSTRIAL_ROUTINE_FLARE,Vadodara Petrochemicals (Gujarat),TRAIN,WRI Chemical Facility Log,0.98,19.49,368.6,304.77,1500.0,45.92,63.83,5.65,2.0,0.0,1055.72,0.01,0.798,0.02,0.182,0.8,0.72,0.0,16.5,3.5,0.86,72.0,0.443,0.365,1.2,-11.89,-2.74
EVT_00248,22.29237,73.08764,0,INDUSTRIAL_ROUTINE_FLARE,Vadodara Petrochemicals (Gujarat),TRAIN,WRI Chemical Facility Log,0.98,20.33,370.45,295.77,1500.0,48.47,74.68,9.36,1.0,0.0,1064.77,0.01,0.8,0.033,0.167,0.782,0.704,0.0,16.5,3.5,1.09,119.0,0.442,0.36,1.2,-12.64,-2.0
EVT_00249,22.24063,73.1685,0,INDUSTRIAL_ROUTINE_FLARE,Vadodara Petrochemicals (Gujarat),TRAIN,WRI Chemical Facility Log,0.98,27.62,361.91,301.99,1500.0,37.19,59.91,12.47,2.0,0.0,1055.85,0.01,0.841,0.014,0.146,0.895,0.806,1.0,16.5,3.5,3.18,106.0,0.468,0.357,1.2,-12.94,-3.47
EVT_00250,22.33433,73.15402,0,INDUSTRIAL_ROUTINE_FLARE,Vadodara Petrochemicals (Gujarat),TRAIN,WRI Chemical Facility Log,0.98,17.25,349.87,303.77,1500.0,24.67,46.1,4.14,2.0,0.0,1057.38,0.01,0.857,0.035,0.107,0.78,0.702,1.0,16.5,3.5,0.22,136.0,0.473,0.404,1.2,-11.89,-2.74
EVT_00251,22.32346,73.20369,0,INDUSTRIAL_ROUTINE_FLARE,Vadodara Petrochemicals (Gujarat),TRAIN,WRI Chemical Facility Log,0.98,16.53,349.09,300.19,1500.0,23.97,48.89,3.37,2.0,0.0,1051.87,0.01,0.807,0.012,0.181,0.793,0.714,1.0,16.5,3.5,0.01,87.0,0.45,0.384,1.2,-11.3,-2.61
EVT_00252,22.32972,73.24205,0,INDUSTRIAL_ROUTINE_FLARE,Vadodara Petrochemicals (Gujarat),TRAIN,WRI Chemical Facility Log,0.98,21.24,379.89,304.3,1500.0,63.97,75.59,5.85,2.0,0.0,1047.62,0.01,0.783,0.016,0.202,0.892,0.803,0.0,16.5,3.5,1.35,76.0,0.436,0.351,1.2,-11.3,-2.61
EVT_00253,22.31186,73.1452,0,INDUSTRIAL_ROUTINE_FLARE,Vadodara Petrochemicals (Gujarat),TRAIN,WRI Chemical Facility Log,0.98,15.11,367.75,307.24,1500.0,44.76,60.51,6.34,2.0,0.0,1058.37,0.01,0.824,0.034,0.141,0.942,0.848,0.0,16.5,3.5,-0.4,87.0,0.455,0.394,1.2,-11.89,-2.74
EVT_00254,22.2947,73.19458,0,INDUSTRIAL_ROUTINE_FLARE,Vadodara Petrochemicals (Gujarat),TRAIN,WRI Chemical Facility Log,0.98,14.44,367.11,308.24,1500.0,43.88,58.87,6.28,2.0,0.0,1052.9,0.01,0.81,0.017,0.173,0.918,0.826,0.0,16.5,3.5,-0.59,64.0,0.45,0.393,1.2,-11.89,-2.74
EVT_00255,22.29647,73.16096,0,INDUSTRIAL_ROUTINE_FLARE,Vadodara Petrochemicals (Gujarat),TRAIN,WRI Chemical Facility Log,0.98,17.06,372.25,300.64,1500.0,51.22,71.61,6.76,2.0,0.0,1056.63,0.01,0.787,0.034,0.178,0.97,0.873,0.0,16.5,3.5,0.16,65.0,0.434,0.366,1.2,-11.89,-2.74
EVT_00256,22.37657,73.11369,0,INDUSTRIAL_ROUTINE_FLARE,Vadodara Petrochemicals (Gujarat),TRAIN,WRI Chemical Facility Log,0.98,15.27,361.05,302.75,1500.0,36.18,58.3,1.24,2.0,0.0,1061.86,0.052,0.249,0.627,0.072,0.869,0.782,1.0,16.5,3.5,-0.35,92.0,0.054,-0.007,1.2,-11.49,-1.61
EVT_00257,22.35658,73.14155,0,INDUSTRIAL_ROUTINE_FLARE,Vadodara Petrochemicals (Gujarat),TRAIN,WRI Chemical Facility Log,0.98,18.83,367.0,300.54,1500.0,43.67,66.46,4.62,2.0,0.0,1058.77,0.01,0.817,0.018,0.165,0.861,0.775,0.0,16.5,3.5,0.66,121.0,0.454,0.379,1.2,-11.49,-1.61
EVT_00258,22.37085,73.13229,0,INDUSTRIAL_ROUTINE_FLARE,Vadodara Petrochemicals (Gujarat),TRAIN,WRI Chemical Facility Log,0.98,41.81,366.33,301.01,1500.0,42.77,65.31,3.19,2.0,0.0,1059.8,0.01,0.796,0.031,0.174,0.818,0.736,0.0,16.5,3.5,7.23,118.0,0.44,0.273,1.2,-11.49,-1.61
EVT_00259,22.31841,73.17574,0,INDUSTRIAL_ROUTINE_FLARE,Vadodara Petrochemicals (Gujarat),TRAIN,WRI Chemical Facility Log,0.98,27.48,364.35,304.21,1500.0,40.23,60.15,3.91,2.0,0.0,1054.98,0.01,0.806,0.033,0.161,0.935,0.841,0.0,16.5,3.5,3.14,124.0,0.445,0.335,1.2,-11.89,-2.74
EVT_00260,22.31071,73.21691,0,INDUSTRIAL_ROUTINE_FLARE,Vadodara Petrochemicals (Gujarat),TRAIN,WRI Chemical Facility Log,0.98,17.31,368.24,304.64,1500.0,45.42,63.6,5.27,2.0,0.0,1050.41,0.01,0.782,0.02,0.198,0.89,0.801,0.0,16.5,3.5,0.23,144.0,0.434,0.365,1.2,-11.3,-2.61
EVT_00261,22.31644,73.20499,0,INDUSTRIAL_ROUTINE_FLARE,Vadodara Petrochemicals (Gujarat),TRAIN,WRI Chemical Facility Log,0.98,14.21,363.92,300.38,1500.0,39.65,63.54,4.14,2.0,0.0,1051.73,0.01,0.85,0.015,0.135,0.876,0.789,0.0,16.5,3.5,-0.66,69.0,0.473,0.416,1.2,-11.3,-2.61
EVT_00262,22.42236,73.12878,0,INDUSTRIAL_ROUTINE_FLARE,Vadodara Petrochemicals (Gujarat),TRAIN,WRI Chemical Facility Log,0.98,14.67,380.8,302.08,1500.0,65.59,78.72,5.88,2.0,0.0,1060.22,0.01,0.796,0.034,0.171,0.787,0.708,1.0,16.5,3.5,-0.52,149.0,0.439,0.381,1.2,-11.49,-1.61
EVT_00263,22.31423,73.12471,0,INDUSTRIAL_ROUTINE_FLARE,Vadodara Petrochemicals (Gujarat),TRAIN,WRI Chemical Facility Log,0.98,15.92,374.65,299.27,1500.0,54.96,75.39,7.24,2.0,0.0,1060.64,0.01,0.811,0.017,0.173,0.818,0.736,0.0,16.5,3.5,-0.16,146.0,0.451,0.387,1.2,-11.89,-2.74
EVT_00264,22.30749,73.17337,0,INDUSTRIAL_ROUTINE_FLARE,Vadodara Petrochemicals (Gujarat),TRAIN,WRI Chemical Facility Log,0.98,20.07,354.22,308.95,1500.0,28.79,45.27,5.13,2.0,0.0,1055.25,0.01,0.774,0.023,0.203,0.883,0.795,0.0,16.5,3.5,1.02,78.0,0.429,0.349,1.2,-11.89,-2.74
EVT_00265,22.34971,73.16128,0,INDUSTRIAL_ROUTINE_FLARE,Vadodara Petrochemicals (Gujarat),TRAIN,WRI Chemical Facility Log,0.98,16.06,355.07,303.64,1500.0,29.63,51.43,2.96,2.0,0.0,1056.58,0.01,0.781,0.012,0.207,0.839,0.755,0.0,16.5,3.5,-0.12,105.0,0.435,0.371,1.2,-11.89,-2.74
EVT_00266,22.20885,73.18696,0,INDUSTRIAL_ROUTINE_FLARE,Vadodara Petrochemicals (Gujarat),TRAIN,WRI Chemical Facility Log,0.98,16.83,368.06,304.21,1500.0,45.15,63.84,15.81,2.0,0.0,1053.84,0.01,0.775,0.036,0.189,0.919,0.827,0.0,16.5,3.5,0.09,63.0,0.427,0.36,1.2,-15.36,-4.12
EVT_00267,22.23775,73.19119,0,INDUSTRIAL_ROUTINE_FLARE,Vadodara Petrochemicals (Gujarat),TRAIN,WRI Chemical Facility Log,0.98,14.96,361.47,302.76,1500.0,36.67,58.72,12.59,2.0,0.0,1053.33,0.01,0.812,0.012,0.176,0.933,0.84,1.0,16.5,3.5,-0.44,119.0,0.452,0.393,1.2,-12.94,-3.47
EVT_00268,22.26195,73.142,0,INDUSTRIAL_ROUTINE_FLARE,Vadodara Petrochemicals (Gujarat),TRAIN,WRI Chemical Facility Log,0.98,23.48,369.76,299.55,1500.0,47.51,70.2,11.07,2.0,0.0,1058.76,0.01,0.85,0.035,0.116,0.95,0.855,0.0,16.5,3.5,1.99,109.0,0.469,0.375,1.2,-12.94,-3.47
EVT_00269,22.27011,73.14768,0,INDUSTRIAL_ROUTINE_FLARE,Vadodara Petrochemicals (Gujarat),TRAIN,WRI Chemical Facility Log,0.98,67.85,362.49,300.53,1500.0,37.88,61.96,9.99,2.0,0.0,1058.13,0.01,0.799,0.028,0.173,0.861,0.775,1.0,16.5,3.5,14.67,81.0,0.442,0.171,1.2,-12.94,-3.47
EVT_00270,22.27906,73.188,0,INDUSTRIAL_ROUTINE_FLARE,Vadodara Petrochemicals (Gujarat),TRAIN,WRI Chemical Facility Log,0.98,15.28,377.62,304.15,1500.0,59.97,73.47,8.0,2.0,0.0,1053.64,0.01,0.823,0.024,0.153,0.936,0.843,0.0,16.5,3.5,-0.35,70.0,0.456,0.395,1.2,-12.94,-3.47
EVT_00271,22.31664,73.17488,0,INDUSTRIAL_ROUTINE_FLARE,Vadodara Petrochemicals (Gujarat),TRAIN,WRI Chemical Facility Log,0.98,19.75,358.53,303.99,1500.0,33.3,54.54,4.13,2.0,0.0,1055.08,0.01,0.797,0.038,0.165,0.936,0.843,0.0,16.5,3.5,0.93,110.0,0.439,0.36,1.2,-11.89,-2.74
EVT_00272,22.31871,73.21107,0,INDUSTRIAL_ROUTINE_FLARE,Vadodara Petrochemicals (Gujarat),TRAIN,WRI Chemical Facility Log,0.98,31.77,362.76,308.39,1500.0,38.25,54.37,4.19,2.0,0.0,1051.06,0.01,0.787,0.034,0.178,0.919,0.827,0.0,16.5,3.5,4.36,116.0,0.434,0.307,1.2,-11.3,-2.61
EVT_00273,22.28046,73.14149,0,INDUSTRIAL_ROUTINE_FLARE,Vadodara Petrochemicals (Gujarat),TRAIN,WRI Chemical Facility Log,0.98,23.09,368.08,305.34,1500.0,45.19,62.74,9.3,2.0,0.0,1058.8,0.01,0.791,0.024,0.184,0.892,0.803,0.0,16.5,3.5,1.88,124.0,0.438,0.346,1.2,-11.89,-2.74
EVT_00274,22.21477,73.18504,0,INDUSTRIAL_ROUTINE_FLARE,Vadodara Petrochemicals (Gujarat),TRAIN,WRI Chemical Facility Log,0.98,25.18,362.21,303.9,1500.0,37.56,58.31,15.16,2.0,0.0,1054.05,0.01,0.816,0.025,0.159,0.903,0.813,0.0,16.5,3.5,2.48,63.0,0.452,0.351,1.2,-15.36,-4.12
EVT_00275,22.31072,73.24449,0,INDUSTRIAL_ROUTINE_FLARE,Vadodara Petrochemicals (Gujarat),TRAIN,WRI Chemical Facility Log,0.98,16.59,348.67,307.05,1500.0,23.63,41.62,7.17,2.0,0.0,1047.35,0.01,0.831,0.039,0.13,0.876,0.789,1.0,16.5,3.5,0.02,123.0,0.457,0.391,1.2,-11.3,-2.61
EVT_00276,22.31472,73.1694,0,INDUSTRIAL_ROUTINE_FLARE,Vadodara Petrochemicals (Gujarat),TRAIN,WRI Chemical Facility Log,0.98,20.87,369.06,306.03,1500.0,46.58,63.03,4.56,2.0,0.0,1055.68,0.01,0.84,0.018,0.143,0.843,0.759,0.0,16.5,3.5,1.25,116.0,0.467,0.383,1.2,-11.89,-2.74
EVT_00277,22.33891,73.24771,0,INDUSTRIAL_ROUTINE_FLARE,Vadodara Petrochemicals (Gujarat),TRAIN,WRI Chemical Facility Log,0.98,16.37,365.49,301.08,1500.0,41.67,64.41,6.09,2.0,0.0,1046.98,0.01,0.853,0.023,0.124,0.841,0.757,0.0,16.5,3.5,-0.04,76.0,0.473,0.407,1.2,-11.3,-2.61
EVT_00278,22.30926,73.21318,0,INDUSTRIAL_ROUTINE_FLARE,Vadodara Petrochemicals (Gujarat),TRAIN,WRI Chemical Facility Log,0.98,14.61,359.9,299.17,1500.0,34.82,60.73,5.22,2.0,0.0,1050.83,0.01,0.781,0.021,0.198,0.847,0.762,0.0,16.5,3.5,-0.54,125.0,0.434,0.375,1.2,-11.3,-2.61
EVT_00279,22.28044,73.1919,0,INDUSTRIAL_ROUTINE_FLARE,Vadodara Petrochemicals (Gujarat),TRAIN,WRI Chemical Facility Log,0.98,20.43,369.7,304.98,1500.0,47.49,64.72,7.85,2.0,0.0,1053.21,0.01,0.803,0.039,0.157,0.978,0.88,0.0,16.5,3.5,1.12,122.0,0.442,0.36,1.2,-12.94,-3.47
EVT_00280,22.30115,73.15345,0,INDUSTRIAL_ROUTINE_FLARE,Vadodara Petrochemicals (Gujarat),TRAIN,WRI Chemical Facility Log,0.98,23.37,363.39,300.23,1500.0,38.98,63.16,6.7,2.0,0.0,1057.46,0.01,0.8,0.018,0.182,0.921,0.829,0.0,16.5,3.5,1.96,108.0,0.445,0.351,1.2,-11.89,-2.74
EVT_00281,26.77708,75.77926,1,INDUSTRIAL_ACCIDENTAL_FIRE,IOCL Jaipur Terminal Blast (Rajasthan),TRAIN,Official Disaster Investigation Record,0.98,166.8,376.7,327.97,1500.0,58.6,48.73,31.93,2.0,0.0,816.61,0.063,0.285,0.05,0.602,0.292,0.263,1.0,18.0,4.0,37.2,11.0,0.198,-0.469,1.2,-1.52,-10.79
EVT_00282,26.77592,75.80469,1,INDUSTRIAL_ACCIDENTAL_FIRE,IOCL Jaipur Terminal Blast (Rajasthan),TRAIN,Official Disaster Investigation Record,0.98,79.27,381.39,348.09,609.1,3234.26,33.3,33.6,2.0,0.0,813.92,0.075,0.213,0.05,0.662,0.188,0.17,1.0,18.0,4.0,15.32,7.0,0.169,-0.148,0.309,-1.52,-10.79
EVT_00283,26.8482,75.81045,1,INDUSTRIAL_ACCIDENTAL_FIRE,IOCL Jaipur Terminal Blast (Rajasthan),TRAIN,Official Disaster Investigation Record,0.98,103.68,392.0,352.67,849.9,690.95,39.33,39.97,2.0,0.0,816.18,0.237,0.131,0.05,0.582,0.051,0.045,0.0,18.0,4.0,21.42,23.0,0.256,-0.158,0.55,-0.8,-11.37
EVT_00284,26.77248,75.83969,1,INDUSTRIAL_ACCIDENTAL_FIRE,IOCL Jaipur Terminal Blast (Rajasthan),TRAIN,Official Disaster Investigation Record,0.98,170.42,399.98,340.07,1500.0,109.66,59.91,35.93,2.0,0.0,810.15,0.0,0.208,0.05,0.831,0.152,0.137,0.0,18.0,4.0,38.1,8.0,0.104,-0.5,1.2,-2.9,-8.42
EVT_00285,26.80653,75.88107,1,INDUSTRIAL_ACCIDENTAL_FIRE,IOCL Jaipur Terminal Blast (Rajasthan),TRAIN,Official Disaster Investigation Record,0.98,168.07,377.52,339.88,500.0,11519.37,37.63,41.51,2.0,0.0,807.2,0.123,0.25,0.05,0.578,0.175,0.157,1.0,18.0,4.0,37.52,22.0,0.228,-0.444,0.2,-1.35,-11.02
EVT_00286,26.7754,75.85891,1,INDUSTRIAL_ACCIDENTAL_FIRE,IOCL Jaipur Terminal Blast (Rajasthan),TRAIN,Official Disaster Investigation Record,0.98,177.13,381.07,323.75,1500.0,66.34,57.32,37.62,2.0,0.0,808.27,0.002,0.234,0.05,0.714,0.052,0.047,1.0,18.0,4.0,39.78,21.0,0.12,-0.5,1.2,-2.9,-8.42
EVT_00287,26.74648,75.85275,1,INDUSTRIAL_ACCIDENTAL_FIRE,IOCL Jaipur Terminal Blast (Rajasthan),TRAIN,Official Disaster Investigation Record,0.98,72.75,394.54,338.59,1500.0,95.46,55.95,35.21,2.0,0.0,807.78,0.182,0.154,0.05,0.614,0.278,0.25,0.0,18.0,4.0,13.69,5.0,0.224,-0.067,1.2,-2.9,-8.42
EVT_00288,26.83968,75.81947,1,INDUSTRIAL_ACCIDENTAL_FIRE,IOCL Jaipur Terminal Blast (Rajasthan),TRAIN,Official Disaster Investigation Record,0.98,77.58,399.53,341.98,1500.0,108.45,57.56,39.8,2.0,0.0,814.91,0.086,0.199,0.05,0.665,0.288,0.259,1.0,18.0,4.0,14.89,10.0,0.17,-0.14,1.2,-1.35,-11.02
EVT_00289,26.81209,75.80575,1,INDUSTRIAL_ACCIDENTAL_FIRE,IOCL Jaipur Terminal Blast (Rajasthan),TRAIN,Official Disaster Investigation Record,0.98,104.27,387.97,317.58,1500.0,80.14,70.39,36.59,2.0,0.0,815.23,0.005,0.284,0.05,0.661,0.297,0.267,0.0,18.0,4.0,21.57,18.0,0.15,-0.267,1.2,-1.35,-11.02
EVT_00290,26.81755,75.91274,1,INDUSTRIAL_ACCIDENTAL_FIRE,IOCL Jaipur Terminal Blast (Rajasthan),TRAIN,Official Disaster Investigation Record,0.98,203.78,377.93,325.33,1500.0,60.69,52.59,44.72,2.0,0.0,804.36,0.061,0.15,0.05,0.739,0.217,0.195,1.0,18.0,4.0,46.44,6.0,0.123,-0.5,1.2,-2.87,-7.89
EVT_00291,26.75879,75.89018,1,INDUSTRIAL_ACCIDENTAL_FIRE,IOCL Jaipur Terminal Blast (Rajasthan),TRAIN,Official Disaster Investigation Record,0.98,210.12,402.93,329.63,1500.0,117.92,73.3,39.05,2.0,0.0,804.37,0.08,0.14,0.05,0.73,0.066,0.059,1.0,18.0,4.0,48.03,15.0,0.133,-0.5,1.2,-2.9,-8.42
EVT_00292,26.72174,75.88691,1,INDUSTRIAL_ACCIDENTAL_FIRE,IOCL Jaipur Terminal Blast (Rajasthan),TRAIN,Official Disaster Investigation Record,0.98,97.55,380.74,334.79,1500.0,65.78,45.96,36.66,2.0,0.0,803.27,0.051,0.152,0.05,0.747,0.12,0.108,1.0,18.0,4.0,19.89,10.0,0.115,-0.275,1.2,-2.9,-8.42
EVT_00293,26.77024,75.82021,1,INDUSTRIAL_ACCIDENTAL_FIRE,IOCL Jaipur Terminal Blast (Rajasthan),TRAIN,Official Disaster Investigation Record,0.98,191.19,392.11,337.38,1500.0,89.61,54.73,34.3,2.0,0.0,812.09,0.113,0.285,0.05,0.552,0.221,0.199,0.0,18.0,4.0,43.3,9.0,0.239,-0.5,1.2,-2.9,-8.42
EVT_00294,26.84544,75.7605,1,INDUSTRIAL_ACCIDENTAL_FIRE,IOCL Jaipur Terminal Blast (Rajasthan),TRAIN,Official Disaster Investigation Record,0.98,76.88,392.72,328.93,1500.0,90.99,63.78,36.86,2.0,0.0,821.25,0.0,0.291,0.05,0.824,0.268,0.241,1.0,18.0,4.0,14.72,18.0,0.15,-0.157,1.2,-1.01,-11.56
EVT_00295,26.73991,75.78228,1,INDUSTRIAL_ACCIDENTAL_FIRE,IOCL Jaipur Terminal Blast (Rajasthan),TRAIN,Official Disaster Investigation Record,0.98,200.83,391.37,335.06,1500.0,87.87,56.31,29.25,2.0,0.0,814.86,0.0,0.17,0.05,0.799,0.076,0.068,0.0,18.0,4.0,45.71,23.0,0.084,-0.5,1.2,-1.52,-10.79
EVT_00296,26.83067,75.83372,1,INDUSTRIAL_ACCIDENTAL_FIRE,IOCL Jaipur Terminal Blast (Rajasthan),TRAIN,Official Disaster Investigation Record,0.98,136.59,382.08,340.62,717.8,1240.02,41.46,39.98,2.0,0.0,813.07,0.117,0.235,0.05,0.598,0.154,0.138,0.0,18.0,4.0,29.65,13.0,0.215,-0.331,0.418,-1.35,-11.02
EVT_00297,26.79944,75.79785,1,INDUSTRIAL_ACCIDENTAL_FIRE,IOCL Jaipur Terminal Blast (Rajasthan),TRAIN,Official Disaster Investigation Record,0.98,90.62,381.24,332.93,1500.0,66.71,48.31,35.01,2.0,0.0,815.56,0.004,0.159,0.05,0.787,0.05,0.045,1.0,18.0,4.0,18.15,10.0,0.081,-0.282,1.2,-1.35,-11.02
EVT_00298,26.70785,75.84928,1,INDUSTRIAL_ACCIDENTAL_FIRE,IOCL Jaipur Terminal Blast (Rajasthan),TRAIN,Official Disaster Investigation Record,0.98,201.66,399.15,330.94,1500.0,107.33,68.21,32.64,2.0,0.0,806.65,0.129,0.204,0.05,0.617,0.08,0.072,1.0,18.0,4.0,45.91,23.0,0.208,-0.5,1.2,-5.39,-8.3
EVT_00299,26.73038,75.851,1,INDUSTRIAL_ACCIDENTAL_FIRE,IOCL Jaipur Terminal Blast (Rajasthan),TRAIN,Official Disaster Investigation Record,0.98,101.3,383.69,330.85,1500.0,71.4,52.84,34.07,2.0,0.0,807.34,0.0,0.183,0.05,0.846,0.105,0.094,1.0,18.0,4.0,20.83,12.0,0.091,-0.315,1.2,-2.9,-8.42
EVT_00300,26.79877,75.84283,1,INDUSTRIAL_ACCIDENTAL_FIRE,IOCL Jaipur Terminal Blast (Rajasthan),TRAIN,Official Disaster Investigation Record,0.98,181.81,377.38,347.04,599.1,3200.87,30.34,38.1,2.0,0.0,810.86,0.0,0.226,0.05,0.811,0.101,0.091,0.0,18.0,4.0,40.95,17.0,0.114,-0.5,0.299,-1.35,-11.02
EVT_00301,26.74451,75.833,1,INDUSTRIAL_ACCIDENTAL_FIRE,IOCL Jaipur Terminal Blast (Rajasthan),TRAIN,Official Disaster Investigation Record,0.98,117.27,376.67,336.79,662.2,1674.9,39.88,33.49,2.0,0.0,809.76,0.113,0.253,0.05,0.584,0.086,0.077,1.0,18.0,4.0,24.82,11.0,0.222,-0.247,0.362,-2.9,-8.42
EVT_00302,26.81824,75.85506,1,INDUSTRIAL_ACCIDENTAL_FIRE,IOCL Jaipur Terminal Blast (Rajasthan),TRAIN,Official Disaster Investigation Record,0.98,169.35,394.25,337.24,844.8,758.18,57.01,40.47,2.0,0.0,810.37,0.043,0.151,0.05,0.757,0.152,0.137,1.0,18.0,4.0,37.84,15.0,0.108,-0.5,0.545,-1.35,-11.02
EVT_00303,26.82356,75.83462,1,INDUSTRIAL_ACCIDENTAL_FIRE,IOCL Jaipur Terminal Blast (Rajasthan),TRAIN,Official Disaster Investigation Record,0.98,140.19,388.25,337.37,1500.0,80.89,50.88,39.46,2.0,0.0,812.69,0.0,0.264,0.05,0.703,0.133,0.12,1.0,18.0,4.0,30.55,18.0,0.135,-0.426,1.2,-1.35,-11.02
EVT_00304,26.76547,75.74146,1,INDUSTRIAL_ACCIDENTAL_FIRE,IOCL Jaipur Terminal Blast (Rajasthan),TRAIN,Official Disaster Investigation Record,0.98,165.41,384.67,333.61,1500.0,73.37,51.06,28.51,2.0,0.0,820.1,0.104,0.275,0.05,0.57,0.054,0.048,0.0,18.0,4.0,36.85,6.0,0.227,-0.435,1.2,-1.52,-10.79
EVT_00305,26.8097,75.75136,1,INDUSTRIAL_ACCIDENTAL_FIRE,IOCL Jaipur Terminal Blast (Rajasthan),TRAIN,Official Disaster Investigation Record,0.98,123.2,379.54,336.48,1500.0,63.59,43.06,33.04,2.0,0.0,820.79,0.16,0.144,0.05,0.646,0.251,0.226,1.0,18.0,4.0,26.3,14.0,0.2,-0.292,1.2,-1.01,-11.56
EVT_00306,26.7361,75.77852,1,INDUSTRIAL_ACCIDENTAL_FIRE,IOCL Jaipur Terminal Blast (Rajasthan),TRAIN,Official Disaster Investigation Record,0.98,136.96,383.32,330.68,1500.0,70.68,52.64,28.69,2.0,0.0,815.11,0.0,0.176,0.05,0.829,0.231,0.208,1.0,18.0,4.0,29.74,15.0,0.087,-0.461,1.2,-1.52,-10.79
EVT_00307,26.79105,75.8407,1,INDUSTRIAL_ACCIDENTAL_FIRE,IOCL Jaipur Terminal Blast (Rajasthan),TRAIN,Official Disaster Investigation Record,0.98,79.78,398.02,325.28,1500.0,104.24,72.74,37.36,2.0,0.0,810.78,0.0,0.217,0.05,0.78,0.076,0.068,0.0,18.0,4.0,15.45,8.0,0.109,-0.21,1.2,-1.35,-11.02
EVT_00308,26.80466,75.85762,1,INDUSTRIAL_ACCIDENTAL_FIRE,IOCL Jaipur Terminal Blast (Rajasthan),TRAIN,Official Disaster Investigation Record,0.98,86.75,385.75,344.87,1500.0,75.61,40.88,39.62,2.0,0.0,809.56,0.032,0.169,0.05,0.749,0.218,0.196,1.0,18.0,4.0,17.19,11.0,0.109,-0.238,1.2,-1.35,-11.02
EVT_00309,26.74153,75.81769,1,INDUSTRIAL_ACCIDENTAL_FIRE,IOCL Jaipur Terminal Blast (Rajasthan),TRAIN,Official Disaster Investigation Record,0.98,132.14,390.75,324.74,1500.0,86.38,66.02,32.07,2.0,0.0,811.24,0.125,0.183,0.05,0.642,0.244,0.219,1.0,18.0,4.0,28.54,14.0,0.193,-0.335,1.2,-2.9,-8.42
EVT_00310,26.75182,75.88269,1,INDUSTRIAL_ACCIDENTAL_FIRE,IOCL Jaipur Terminal Blast (Rajasthan),TRAIN,Official Disaster Investigation Record,0.98,157.96,373.7,337.47,500.0,10287.21,36.23,38.01,2.0,0.0,804.88,0.11,0.138,0.05,0.702,0.265,0.239,1.0,18.0,4.0,34.99,14.0,0.156,-0.476,0.2,-2.9,-8.42
EVT_00311,26.78778,75.81322,1,INDUSTRIAL_ACCIDENTAL_FIRE,IOCL Jaipur Terminal Blast (Rajasthan),TRAIN,Official Disaster Investigation Record,0.98,167.22,395.4,332.05,1500.0,97.58,63.35,35.13,2.0,0.0,813.5,0.013,0.227,0.05,0.71,0.249,0.224,0.0,18.0,4.0,37.31,10.0,0.126,-0.5,1.2,-1.35,-11.02
EVT_00312,26.75154,75.85569,1,INDUSTRIAL_ACCIDENTAL_FIRE,IOCL Jaipur Terminal Blast (Rajasthan),TRAIN,Official Disaster Investigation Record,0.98,136.78,396.68,335.8,1500.0,100.84,60.88,35.77,2.0,0.0,807.67,0.088,0.232,0.05,0.629,0.12,0.108,1.0,18.0,4.0,29.7,11.0,0.19,-0.357,1.2,-2.9,-8.42
EVT_00313,26.79933,75.8519,1,INDUSTRIAL_ACCIDENTAL_FIRE,IOCL Jaipur Terminal Blast (Rajasthan),TRAIN,Official Disaster Investigation Record,0.98,78.7,378.73,339.07,663.4,1761.3,39.65,38.8,2.0,0.0,809.94,0.239,0.152,0.05,0.559,0.225,0.202,0.0,18.0,4.0,15.17,12.0,0.27,-0.045,0.363,-1.35,-11.02
EVT_00314,26.79224,75.77523,1,INDUSTRIAL_ACCIDENTAL_FIRE,IOCL Jaipur Terminal Blast (Rajasthan),TRAIN,Official Disaster Investigation Record,0.98,115.07,385.86,333.16,1500.0,75.8,52.7,32.94,2.0,0.0,817.62,0.0,0.187,0.05,0.771,0.274,0.247,1.0,18.0,4.0,24.27,12.0,0.093,-0.367,1.2,-1.01,-11.56
EVT_00315,26.75657,75.83963,1,INDUSTRIAL_ACCIDENTAL_FIRE,IOCL Jaipur Terminal Blast (Rajasthan),TRAIN,Official Disaster Investigation Record,0.98,174.56,391.69,339.13,1500.0,88.64,52.57,34.82,2.0,0.0,809.54,0.052,0.25,0.05,0.648,0.292,0.263,1.0,18.0,4.0,39.14,16.0,0.17,-0.5,1.2,-2.9,-8.42
EVT_00316,26.7929,75.84105,1,INDUSTRIAL_ACCIDENTAL_FIRE,IOCL Jaipur Terminal Blast (Rajasthan),TRAIN,Official Disaster Investigation Record,0.98,85.16,384.12,331.47,1500.0,72.27,52.65,37.52,2.0,0.0,810.81,0.175,0.103,0.05,0.672,0.056,0.05,0.0,18.0,4.0,16.79,23.0,0.19,-0.151,1.2,-1.35,-11.02
EVT_00317,26.77173,75.81152,1,INDUSTRIAL_ACCIDENTAL_FIRE,IOCL Jaipur Terminal Blast (Rajasthan),TRAIN,Official Disaster Investigation Record,0.98,112.89,387.16,338.39,1500.0,78.53,48.77,33.77,2.0,0.0,813.05,0.0,0.183,0.05,0.832,0.083,0.075,1.0,18.0,4.0,23.72,7.0,0.091,-0.361,1.2,-1.52,-10.79
EVT_00318,26.72217,75.77837,1,INDUSTRIAL_ACCIDENTAL_FIRE,IOCL Jaipur Terminal Blast (Rajasthan),TRAIN,Official Disaster Investigation Record,0.98,178.62,386.74,330.78,1500.0,77.63,55.96,27.67,2.0,0.0,814.59,0.0,0.274,0.05,0.721,0.219,0.197,0.0,18.0,4.0,40.15,24.0,0.141,-0.5,1.2,-1.52,-10.79
EVT_00319,26.72796,75.78105,1,INDUSTRIAL_ACCIDENTAL_FIRE,IOCL Jaipur Terminal Blast (Rajasthan),TRAIN,Official Disaster Investigation Record,0.98,137.74,398.65,344.46,1500.0,106.08,54.19,28.29,2.0,0.0,814.53,0.0,0.288,0.05,0.688,0.161,0.145,1.0,18.0,4.0,29.93,21.0,0.148,-0.403,1.2,-1.52,-10.79
EVT_00320,26.80291,75.8302,1,INDUSTRIAL_ACCIDENTAL_FIRE,IOCL Jaipur Terminal Blast (Rajasthan),TRAIN,Official Disaster Investigation Record,0.98,198.86,381.06,342.41,849.9,511.7,38.65,37.51,2.0,0.0,812.33,0.012,0.238,0.05,0.7,0.078,0.07,1.0,18.0,4.0,45.22,16.0,0.131,-0.5,0.55,-1.35,-11.02
EVT_00321,26.8154,75.87695,1,INDUSTRIAL_ACCIDENTAL_FIRE,IOCL Jaipur Terminal Blast (Rajasthan),TRAIN,Official Disaster Investigation Record,0.98,163.57,378.32,331.6,1500.0,61.4,46.71,41.85,2.0,0.0,807.98,0.171,0.216,0.05,0.563,0.2,0.18,0.0,18.0,4.0,36.39,16.0,0.249,-0.405,1.2,-1.35,-11.02
EVT_00322,26.80231,75.82766,1,INDUSTRIAL_ACCIDENTAL_FIRE,IOCL Jaipur Terminal Blast (Rajasthan),TRAIN,Official Disaster Investigation Record,0.98,68.87,386.52,332.2,1500.0,77.17,54.33,37.28,2.0,0.0,812.57,0.0,0.292,0.05,0.791,0.093,0.084,1.0,18.0,4.0,12.72,12.0,0.151,-0.125,1.2,-1.35,-11.02
EVT_00323,26.74569,75.93717,1,INDUSTRIAL_ACCIDENTAL_FIRE,IOCL Jaipur Terminal Blast (Rajasthan),TRAIN,Official Disaster Investigation Record,0.98,153.75,375.07,332.81,1500.0,55.89,42.26,42.32,2.0,0.0,798.98,0.051,0.171,0.05,0.728,0.119,0.107,1.0,18.0,4.0,33.94,15.0,0.126,-0.489,1.2,-5.06,-6.71
EVT_00324,26.75174,75.82478,1,INDUSTRIAL_ACCIDENTAL_FIRE,IOCL Jaipur Terminal Blast (Rajasthan),TRAIN,Official Disaster Investigation Record,0.98,201.85,393.38,336.83,1500.0,92.64,56.56,33.33,2.0,0.0,810.9,0.0,0.237,0.05,0.843,0.215,0.193,0.0,18.0,4.0,45.96,17.0,0.12,-0.5,1.2,-2.9,-8.42
EVT_00325,26.82245,75.81238,1,INDUSTRIAL_ACCIDENTAL_FIRE,IOCL Jaipur Terminal Blast (Rajasthan),TRAIN,Official Disaster Investigation Record,0.98,172.14,379.57,330.54,1500.0,63.63,49.03,37.89,2.0,0.0,814.96,0.033,0.112,0.05,0.804,0.201,0.181,1.0,18.0,4.0,38.53,19.0,0.079,-0.5,1.2,-1.35,-11.02
EVT_00326,26.76192,75.82312,1,INDUSTRIAL_ACCIDENTAL_FIRE,IOCL Jaipur Terminal Blast (Rajasthan),TRAIN,Official Disaster Investigation Record,0.98,76.01,383.15,329.77,1500.0,70.34,53.37,33.92,2.0,0.0,811.46,0.095,0.288,0.05,0.567,0.103,0.092,0.0,18.0,4.0,14.5,24.0,0.226,-0.078,1.2,-2.9,-8.42
EVT_00327,26.77609,75.80301,1,INDUSTRIAL_ACCIDENTAL_FIRE,IOCL Jaipur Terminal Blast (Rajasthan),TRAIN,Official Disaster Investigation Record,0.98,90.73,388.0,335.14,1500.0,80.34,52.86,33.5,2.0,0.0,814.11,0.112,0.226,0.05,0.612,0.079,0.071,0.0,18.0,4.0,18.18,12.0,0.206,-0.157,1.2,-1.52,-10.79
EVT_00328,26.76429,75.86817,1,INDUSTRIAL_ACCIDENTAL_FIRE,IOCL Jaipur Terminal Blast (Rajasthan),TRAIN,Official Disaster Investigation Record,0.98,216.18,372.81,327.98,1500.0,52.27,44.83,37.6,2.0,0.0,806.88,0.024,0.273,0.05,0.653,0.093,0.083,1.0,18.0,4.0,49.55,22.0,0.16,-0.5,1.2,-2.9,-8.42
EVT_00329,26.71287,75.82475,1,INDUSTRIAL_ACCIDENTAL_FIRE,IOCL Jaipur Terminal Blast (Rajasthan),TRAIN,Official Disaster Investigation Record,0.98,86.26,397.17,336.98,1500.0,102.12,60.19,30.83,2.0,0.0,809.4,0.206,0.101,0.05,0.644,0.195,0.176,1.0,18.0,4.0,17.06,18.0,0.214,-0.131,1.2,-2.9,-8.42
EVT_00330,26.78408,75.82646,1,INDUSTRIAL_ACCIDENTAL_FIRE,IOCL Jaipur Terminal Blast (Rajasthan),TRAIN,Official Disaster Investigation Record,0.98,126.33,387.82,334.74,1500.0,79.93,53.08,35.79,2.0,0.0,811.98,0.017,0.245,0.05,0.688,0.229,0.206,0.0,18.0,4.0,27.08,6.0,0.139,-0.367,1.2,-1.35,-11.02
EVT_00331,26.84414,75.8585,1,INDUSTRIAL_ACCIDENTAL_FIRE,IOCL Jaipur Terminal Blast (Rajasthan),TRAIN,Official Disaster Investigation Record,0.98,113.65,389.34,337.58,1500.0,83.27,51.76,42.75,2.0,0.0,811.05,0.0,0.288,0.05,0.78,0.185,0.166,1.0,18.0,4.0,23.91,21.0,0.148,-0.306,1.2,-1.35,-11.02
EVT_00332,26.78058,75.81768,1,INDUSTRIAL_ACCIDENTAL_FIRE,IOCL Jaipur Terminal Blast (Rajasthan),TRAIN,Official Disaster Investigation Record,0.98,151.73,403.95,332.25,637.5,4372.39,71.7,34.89,2.0,0.0,812.76,0.035,0.125,0.05,0.79,0.222,0.2,1.0,18.0,4.0,33.43,7.0,0.087,-0.5,0.337,-1.35,-11.02
EVT_00333,26.75501,75.88916,1,INDUSTRIAL_ACCIDENTAL_FIRE,IOCL Jaipur Terminal Blast (Rajasthan),TRAIN,Official Disaster Investigation Record,0.98,202.93,393.33,335.22,1500.0,92.5,58.11,38.74,2.0,0.0,804.33,0.028,0.198,0.05,0.724,0.254,0.229,1.0,18.0,4.0,46.23,17.0,0.122,-0.5,1.2,-2.9,-8.42
EVT_00334,26.73684,75.85313,1,INDUSTRIAL_ACCIDENTAL_FIRE,IOCL Jaipur Terminal Blast (Rajasthan),TRAIN,Official Disaster Investigation Record,0.98,167.56,366.13,341.05,500.0,8207.87,25.08,34.64,2.0,0.0,807.37,0.198,0.137,0.05,0.616,0.085,0.077,1.0,18.0,4.0,37.39,7.0,0.228,-0.443,0.2,-2.9,-8.42
EVT_00335,26.76081,75.85917,1,INDUSTRIAL_ACCIDENTAL_FIRE,IOCL Jaipur Terminal Blast (Rajasthan),TRAIN,Official Disaster Investigation Record,0.98,123.05,375.06,336.54,849.8,430.04,38.51,36.65,2.0,0.0,807.67,0.0,0.269,0.05,0.717,0.249,0.224,0.0,18.0,4.0,26.26,16.0,0.138,-0.354,0.55,-2.9,-8.42
EVT_00336,26.76141,75.84694,1,INDUSTRIAL_ACCIDENTAL_FIRE,IOCL Jaipur Terminal Blast (Rajasthan),TRAIN,Official Disaster Investigation Record,0.98,98.82,375.08,339.77,509.7,9298.06,35.31,35.72,2.0,0.0,808.97,0.126,0.274,0.05,0.55,0.269,0.242,0.0,18.0,4.0,20.21,8.0,0.244,-0.151,0.21,-2.9,-8.42
EVT_00337,26.79872,75.87301,1,INDUSTRIAL_ACCIDENTAL_FIRE,IOCL Jaipur Terminal Blast (Rajasthan),TRAIN,Official Disaster Investigation Record,0.98,136.04,379.26,338.21,1500.0,63.09,41.06,40.34,2.0,0.0,807.73,0.016,0.108,0.05,0.826,0.138,0.124,0.0,18.0,4.0,29.51,12.0,0.063,-0.482,1.2,-1.35,-11.02
EVT_00338,26.74722,75.80663,1,INDUSTRIAL_ACCIDENTAL_FIRE,IOCL Jaipur Terminal Blast (Rajasthan),TRAIN,Official Disaster Investigation Record,0.98,137.55,387.63,333.69,1500.0,79.53,53.94,31.61,2.0,0.0,812.61,0.0,0.252,0.05,0.735,0.167,0.15,1.0,18.0,4.0,29.89,20.0,0.129,-0.422,1.2,-1.52,-10.79
EVT_00339,26.84606,75.83418,1,INDUSTRIAL_ACCIDENTAL_FIRE,IOCL Jaipur Terminal Blast (Rajasthan),TRAIN,Official Disaster Investigation Record,0.98,174.76,383.44,339.25,1500.0,70.94,44.19,41.29,2.0,0.0,813.64,0.096,0.202,0.05,0.652,0.169,0.152,1.0,18.0,4.0,39.19,20.0,0.18,-0.5,1.2,-1.35,-11.02
EVT_00340,26.80689,75.83754,1,INDUSTRIAL_ACCIDENTAL_FIRE,IOCL Jaipur Terminal Blast (Rajasthan),TRAIN,Official Disaster Investigation Record,0.98,72.79,389.57,362.48,849.9,647.61,27.09,38.34,2.0,0.0,811.73,0.0,0.299,0.05,0.829,0.059,0.053,1.0,18.0,4.0,13.7,24.0,0.154,-0.137,0.55,-1.35,-11.02
EVT_00341,23.76272,86.43651,4,MINING_COAL_SEAM_FIRE,Jharia Coal Basin (Jharkhand),TRAIN,BCCL Coal Seam Fire Survey,0.98,24.11,329.76,311.51,844.6,85.1,18.26,18.21,2.0,0.0,3.88,0.181,0.135,0.05,0.634,0.871,0.784,0.0,22.0,5.0,0.42,87.0,0.213,0.116,0.545,-2.3,-0.7
EVT_00342,23.78274,86.39295,4,MINING_COAL_SEAM_FIRE,Jharia Coal Basin (Jharkhand),TRAIN,BCCL Coal Seam Fire Survey,0.98,15.26,340.15,313.54,847.7,131.78,26.61,21.52,2.0,0.0,5.11,0.0,0.267,0.05,0.807,0.87,0.783,1.0,22.0,5.0,-1.35,172.0,0.137,0.076,0.548,-2.2,0.0
EVT_00343,23.73305,86.43215,4,MINING_COAL_SEAM_FIRE,Jharia Coal Basin (Jharkhand),TRAIN,BCCL Coal Seam Fire Survey,0.98,23.21,338.61,312.73,847.4,123.94,25.88,15.06,2.0,0.0,2.58,0.19,0.106,0.05,0.654,0.631,0.568,1.0,22.0,5.0,0.24,194.0,0.204,0.111,0.547,-0.34,1.05
EVT_00344,23.74321,86.41883,4,MINING_COAL_SEAM_FIRE,Jharia Coal Basin (Jharkhand),TRAIN,BCCL Coal Seam Fire Survey,0.98,27.9,332.42,316.86,511.6,1922.04,15.56,16.51,2.0,0.0,1.04,0.0,0.22,0.05,0.736,0.837,0.754,1.0,22.0,5.0,1.18,145.0,0.111,-0.001,0.212,-0.34,1.05
EVT_00345,23.6632,86.41325,4,MINING_COAL_SEAM_FIRE,Jharia Coal Basin (Jharkhand),TRAIN,BCCL Coal Seam Fire Survey,0.98,23.85,331.74,318.6,845.4,92.98,13.14,8.77,2.0,0.0,8.53,0.0,0.298,0.05,0.737,0.837,0.754,0.0,22.0,5.0,0.37,179.0,0.154,0.059,0.545,0.0,0.5
EVT_00346,23.70191,86.36522,4,MINING_COAL_SEAM_FIRE,Jharia Coal Basin (Jharkhand),TRAIN,BCCL Coal Seam Fire Survey,0.98,18.79,332.46,312.8,500.0,2288.76,19.65,15.22,2.0,0.0,6.53,0.0,0.288,0.05,0.845,0.72,0.648,0.0,22.0,5.0,-0.64,142.0,0.148,0.073,0.2,-0.34,1.05
EVT_00347,23.69141,86.4024,4,MINING_COAL_SEAM_FIRE,Jharia Coal Basin (Jharkhand),TRAIN,BCCL Coal Seam Fire Survey,0.98,30.46,330.51,313.44,845.0,88.03,17.08,11.96,2.0,0.0,5.46,0.066,0.2,0.05,0.684,0.696,0.626,1.0,22.0,5.0,1.69,188.0,0.154,0.032,0.545,-0.34,1.05
EVT_00348,23.73346,86.35293,4,MINING_COAL_SEAM_FIRE,Jharia Coal Basin (Jharkhand),TRAIN,BCCL Coal Seam Fire Survey,0.98,31.6,339.03,319.11,847.5,126.15,19.92,18.71,2.0,0.0,6.38,0.077,0.288,0.05,0.584,0.802,0.722,0.0,22.0,5.0,1.92,84.0,0.212,0.085,0.547,-0.34,1.05
EVT_00349,23.73315,86.46176,4,MINING_COAL_SEAM_FIRE,Jharia Coal Basin (Jharkhand),TRAIN,BCCL Coal Seam Fire Survey,0.98,30.65,331.03,318.3,845.2,90.1,12.72,14.67,2.0,0.0,5.79,0.0,0.163,0.05,0.823,0.9,0.81,1.0,22.0,5.0,1.73,91.0,0.08,-0.043,0.545,-0.68,0.17
EVT_00350,23.70135,86.44234,4,MINING_COAL_SEAM_FIRE,Jharia Coal Basin (Jharkhand),TRAIN,BCCL Coal Seam Fire Survey,0.98,20.89,330.49,314.03,844.9,87.94,16.46,11.4,2.0,0.0,5.59,0.151,0.197,0.05,0.602,0.75,0.675,0.0,22.0,5.0,-0.22,165.0,0.222,0.139,0.545,-0.68,0.17
EVT_00351,23.75219,86.38436,4,MINING_COAL_SEAM_FIRE,Jharia Coal Basin (Jharkhand),TRAIN,BCCL Coal Seam Fire Survey,0.98,27.17,336.88,321.49,500.0,2798.84,15.39,18.75,2.0,0.0,3.15,0.05,0.247,0.05,0.653,0.737,0.663,1.0,22.0,5.0,1.03,186.0,0.167,0.058,0.2,-0.34,1.05
EVT_00352,23.75902,86.41699,4,MINING_COAL_SEAM_FIRE,Jharia Coal Basin (Jharkhand),TRAIN,BCCL Coal Seam Fire Survey,0.98,29.08,334.32,321.09,846.3,103.94,13.23,18.25,2.0,0.0,2.25,0.001,0.117,0.05,0.833,0.914,0.823,1.0,22.0,5.0,1.42,168.0,0.055,-0.061,0.546,-0.34,1.05
EVT_00353,23.7685,86.38496,4,MINING_COAL_SEAM_FIRE,Jharia Coal Basin (Jharkhand),TRAIN,BCCL Coal Seam Fire Survey,0.98,27.21,329.34,315.01,500.0,1983.62,14.34,20.37,2.0,0.0,4.21,0.072,0.106,0.05,0.772,0.679,0.611,0.0,22.0,5.0,1.04,81.0,0.107,-0.002,0.2,-2.2,0.0
EVT_00354,23.75482,86.48283,4,MINING_COAL_SEAM_FIRE,Jharia Coal Basin (Jharkhand),TRAIN,BCCL Coal Seam Fire Survey,0.98,36.4,324.28,318.33,841.5,65.85,5.95,17.15,2.0,0.0,8.25,0.134,0.256,0.05,0.56,0.887,0.798,0.0,22.0,5.0,2.88,152.0,0.241,0.095,0.541,-0.68,0.17
EVT_00355,23.71989,86.3953,4,MINING_COAL_SEAM_FIRE,Jharia Coal Basin (Jharkhand),TRAIN,BCCL Coal Seam Fire Survey,0.98,37.73,325.48,316.5,842.3,69.77,8.97,15.05,2.0,0.0,2.76,0.028,0.265,0.05,0.658,0.801,0.721,1.0,22.0,5.0,3.15,185.0,0.159,0.008,0.542,-0.34,1.05
EVT_00356,23.73672,86.4564,4,MINING_COAL_SEAM_FIRE,Jharia Coal Basin (Jharkhand),TRAIN,BCCL Coal Seam Fire Survey,0.98,32.95,326.56,310.41,843.0,73.43,16.15,15.09,2.0,0.0,5.16,0.0,0.172,0.05,0.8,0.715,0.643,1.0,22.0,5.0,2.19,96.0,0.085,-0.047,0.543,-0.68,0.17
EVT_00357,23.74465,86.43924,4,MINING_COAL_SEAM_FIRE,Jharia Coal Basin (Jharkhand),TRAIN,BCCL Coal Seam Fire Survey,0.98,26.99,331.49,314.94,845.3,91.94,16.55,16.18,2.0,0.0,3.29,0.023,0.287,0.05,0.641,0.867,0.78,0.0,22.0,5.0,1.0,110.0,0.167,0.059,0.545,-0.68,0.17
EVT_00358,23.75176,86.4785,4,MINING_COAL_SEAM_FIRE,Jharia Coal Basin (Jharkhand),TRAIN,BCCL Coal Seam Fire Survey,0.98,22.6,332.87,313.94,500.0,2333.91,18.92,16.77,2.0,0.0,7.71,0.015,0.286,0.05,0.65,0.656,0.591,0.0,22.0,5.0,0.12,97.0,0.16,0.069,0.2,-0.68,0.17
EVT_00359,23.7246,86.42924,4,MINING_COAL_SEAM_FIRE,Jharia Coal Basin (Jharkhand),TRAIN,BCCL Coal Seam Fire Survey,0.98,32.11,333.38,309.56,500.0,2377.3,23.82,14.23,2.0,0.0,2.74,0.083,0.21,0.05,0.656,0.615,0.554,0.0,22.0,5.0,2.02,114.0,0.174,0.045,0.2,-0.34,1.05
EVT_00360,23.78057,86.39823,4,MINING_COAL_SEAM_FIRE,Jharia Coal Basin (Jharkhand),TRAIN,BCCL Coal Seam Fire Survey,0.98,21.71,335.13,320.79,846.5,107.53,14.34,21.11,2.0,0.0,4.69,0.0,0.206,0.05,0.775,0.689,0.62,1.0,22.0,5.0,-0.06,111.0,0.103,0.016,0.546,-2.2,0.0
EVT_00361,23.67835,86.4205,4,MINING_COAL_SEAM_FIRE,Jharia Coal Basin (Jharkhand),TRAIN,BCCL Coal Seam Fire Survey,0.98,26.46,329.47,312.23,844.5,84.0,17.24,9.77,2.0,0.0,6.94,0.141,0.134,0.05,0.676,0.61,0.549,0.0,22.0,5.0,0.89,83.0,0.179,0.073,0.544,0.0,0.5
EVT_00362,23.74536,86.44564,4,MINING_COAL_SEAM_FIRE,Jharia Coal Basin (Jharkhand),TRAIN,BCCL Coal Seam Fire Survey,0.98,31.02,333.07,309.69,500.0,2345.19,23.38,16.16,2.0,0.0,4.0,0.192,0.193,0.05,0.565,0.935,0.842,1.0,22.0,5.0,1.8,87.0,0.254,0.13,0.2,-0.68,0.17
EVT_00363,23.68689,86.37514,4,MINING_COAL_SEAM_FIRE,Jharia Coal Basin (Jharkhand),TRAIN,BCCL Coal Seam Fire Survey,0.98,20.19,330.49,314.95,844.9,87.95,15.54,13.32,2.0,0.0,7.05,0.0,0.265,0.05,0.769,0.615,0.554,0.0,22.0,5.0,-0.36,118.0,0.136,0.055,0.545,0.0,0.5
EVT_00364,23.74819,86.4013,4,MINING_COAL_SEAM_FIRE,Jharia Coal Basin (Jharkhand),TRAIN,BCCL Coal Seam Fire Survey,0.98,23.21,339.0,316.56,847.5,125.98,22.44,17.64,2.0,0.0,1.33,0.12,0.15,0.05,0.68,0.733,0.659,0.0,22.0,5.0,0.24,111.0,0.171,0.078,0.547,-0.34,1.05
EVT_00365,23.67973,86.42268,4,MINING_COAL_SEAM_FIRE,Jharia Coal Basin (Jharkhand),TRAIN,BCCL Coal Seam Fire Survey,0.98,34.99,332.28,316.81,845.6,95.18,15.47,9.8,2.0,0.0,6.84,0.0,0.293,0.05,0.844,0.796,0.716,0.0,22.0,5.0,2.6,122.0,0.151,0.011,0.546,0.0,0.5
EVT_00366,23.79277,86.38577,4,MINING_COAL_SEAM_FIRE,Jharia Coal Basin (Jharkhand),TRAIN,BCCL Coal Seam Fire Survey,0.98,32.94,339.54,311.28,847.6,128.61,28.26,22.83,2.0,0.0,6.44,0.023,0.191,0.05,0.736,0.931,0.838,0.0,22.0,5.0,2.19,191.0,0.114,-0.018,0.548,-2.2,0.0
EVT_00367,23.73376,86.36225,4,MINING_COAL_SEAM_FIRE,Jharia Coal Basin (Jharkhand),TRAIN,BCCL Coal Seam Fire Survey,0.98,17.15,324.15,313.5,841.4,65.42,10.65,18.16,2.0,0.0,5.35,0.099,0.209,0.05,0.642,0.623,0.561,0.0,22.0,5.0,-0.97,148.0,0.186,0.118,0.541,-0.34,1.05
EVT_00368,23.69934,86.40009,4,MINING_COAL_SEAM_FIRE,Jharia Coal Basin (Jharkhand),TRAIN,BCCL Coal Seam Fire Survey,0.98,31.69,331.5,311.16,845.4,91.91,20.33,12.83,2.0,0.0,4.65,0.037,0.261,0.05,0.652,0.914,0.823,1.0,22.0,5.0,1.94,137.0,0.164,0.037,0.545,-0.34,1.05
EVT_00369,23.71973,86.40213,4,MINING_COAL_SEAM_FIRE,Jharia Coal Basin (Jharkhand),TRAIN,BCCL Coal Seam Fire Survey,0.98,36.65,336.18,313.96,500.0,2699.23,22.22,14.72,2.0,0.0,2.41,0.209,0.107,0.05,0.633,0.707,0.636,1.0,22.0,5.0,2.93,143.0,0.22,0.074,0.2,-0.34,1.05
EVT_00370,23.73446,86.4091,4,MINING_COAL_SEAM_FIRE,Jharia Coal Basin (Jharkhand),TRAIN,BCCL Coal Seam Fire Survey,0.98,36.62,335.17,318.69,846.6,107.7,16.48,15.92,2.0,0.0,0.62,0.17,0.218,0.05,0.562,0.874,0.786,1.0,22.0,5.0,2.92,190.0,0.249,0.103,0.547,-0.34,1.05
EVT_00371,23.75205,86.4074,4,MINING_COAL_SEAM_FIRE,Jharia Coal Basin (Jharkhand),TRAIN,BCCL Coal Seam Fire Survey,0.98,30.45,324.33,317.36,556.1,704.46,6.97,17.81,2.0,0.0,1.37,0.107,0.139,0.05,0.704,0.695,0.626,0.0,22.0,5.0,1.69,190.0,0.154,0.032,0.256,-0.34,1.05
EVT_00372,23.73357,86.38078,4,MINING_COAL_SEAM_FIRE,Jharia Coal Basin (Jharkhand),TRAIN,BCCL Coal Seam Fire Survey,0.98,20.26,330.66,313.73,845.0,88.6,16.93,17.11,2.0,0.0,3.32,0.181,0.19,0.05,0.579,0.691,0.622,1.0,22.0,5.0,-0.35,169.0,0.243,0.162,0.545,-0.34,1.05
EVT_00373,23.76947,86.39708,4,MINING_COAL_SEAM_FIRE,Jharia Coal Basin (Jharkhand),TRAIN,BCCL Coal Seam Fire Survey,0.98,20.69,318.47,314.5,835.9,48.77,3.96,19.99,2.0,0.0,3.57,0.193,0.142,0.05,0.615,0.738,0.664,0.0,22.0,5.0,-0.26,98.0,0.226,0.144,0.536,-2.2,0.0
EVT_00374,23.75846,86.40085,4,MINING_COAL_SEAM_FIRE,Jharia Coal Basin (Jharkhand),TRAIN,BCCL Coal Seam Fire Survey,0.98,21.01,341.43,317.37,847.9,138.66,24.06,18.71,2.0,0.0,2.29,0.276,0.107,0.05,0.567,0.743,0.668,1.0,22.0,5.0,-0.2,97.0,0.275,0.191,0.548,-0.34,1.05
EVT_00375,23.79487,86.37992,4,MINING_COAL_SEAM_FIRE,Jharia Coal Basin (Jharkhand),TRAIN,BCCL Coal Seam Fire Survey,0.98,18.76,335.63,311.45,665.8,381.54,24.18,23.26,2.0,0.0,6.95,0.241,0.122,0.05,0.587,0.91,0.819,0.0,22.0,5.0,-0.65,115.0,0.255,0.18,0.366,-2.2,0.0
EVT_00376,23.77019,86.42192,4,MINING_COAL_SEAM_FIRE,Jharia Coal Basin (Jharkhand),TRAIN,BCCL Coal Seam Fire Survey,0.98,26.19,330.81,317.42,845.1,89.22,13.39,19.32,2.0,0.0,3.6,0.007,0.172,0.05,0.771,0.637,0.573,1.0,22.0,5.0,0.84,166.0,0.09,-0.014,0.545,-2.2,0.0
EVT_00377,23.69811,86.44128,4,MINING_COAL_SEAM_FIRE,Jharia Coal Basin (Jharkhand),TRAIN,BCCL Coal Seam Fire Survey,0.98,34.52,337.46,323.32,847.1,118.47,14.15,11.07,2.0,0.0,5.8,0.08,0.189,0.05,0.68,0.701,0.631,0.0,22.0,5.0,2.5,145.0,0.16,0.021,0.547,-0.68,0.17
EVT_00378,23.79389,86.44871,4,MINING_COAL_SEAM_FIRE,Jharia Coal Basin (Jharkhand),TRAIN,BCCL Coal Seam Fire Survey,0.98,12.61,344.13,316.04,848.3,153.8,28.09,21.49,2.0,0.0,7.36,0.0,0.256,0.05,0.717,0.75,0.675,1.0,22.0,5.0,-1.88,90.0,0.131,0.08,0.548,-2.3,-0.7
EVT_00379,23.76322,86.38465,4,MINING_COAL_SEAM_FIRE,Jharia Coal Basin (Jharkhand),TRAIN,BCCL Coal Seam Fire Survey,0.98,14.67,335.93,314.42,846.8,111.12,21.52,19.84,2.0,0.0,3.82,0.0,0.127,0.05,0.839,0.644,0.58,0.0,22.0,5.0,-1.47,122.0,0.06,0.001,0.547,-2.2,0.0
EVT_00380,23.70478,86.39796,4,MINING_COAL_SEAM_FIRE,Jharia Coal Basin (Jharkhand),TRAIN,BCCL Coal Seam Fire Survey,0.98,36.52,332.86,314.51,500.0,2334.65,18.35,13.46,2.0,0.0,4.13,0.222,0.112,0.05,0.616,0.713,0.642,0.0,22.0,5.0,2.9,197.0,0.234,0.088,0.2,-0.34,1.05
EVT_00381,23.74993,86.37542,4,MINING_COAL_SEAM_FIRE,Jharia Coal Basin (Jharkhand),TRAIN,BCCL Coal Seam Fire Survey,0.98,24.44,328.77,321.0,844.2,81.42,7.77,18.96,2.0,0.0,3.99,0.167,0.225,0.05,0.558,0.925,0.833,1.0,22.0,5.0,0.49,155.0,0.251,0.153,0.544,-0.34,1.05
EVT_00382,23.75516,86.4236,4,MINING_COAL_SEAM_FIRE,Jharia Coal Basin (Jharkhand),TRAIN,BCCL Coal Seam Fire Survey,0.98,29.49,340.65,315.62,847.8,134.45,25.03,17.66,2.0,0.0,2.26,0.0,0.293,0.05,0.749,0.853,0.768,0.0,22.0,5.0,1.5,81.0,0.151,0.033,0.548,-0.34,1.05
EVT_00383,23.79678,86.47829,4,MINING_COAL_SEAM_FIRE,Jharia Coal Basin (Jharkhand),TRAIN,BCCL Coal Seam Fire Survey,0.98,14.34,329.13,316.0,844.4,82.76,13.13,21.77,2.0,0.0,9.86,0.149,0.129,0.05,0.672,0.81,0.729,1.0,22.0,5.0,-1.53,137.0,0.183,0.126,0.544,-2.3,-0.7
EVT_00384,23.70508,86.44628,4,MINING_COAL_SEAM_FIRE,Jharia Coal Basin (Jharkhand),TRAIN,BCCL Coal Seam Fire Survey,0.98,35.41,342.51,316.98,848.1,144.58,25.53,11.72,2.0,0.0,5.59,0.0,0.216,0.05,0.734,0.877,0.79,0.0,22.0,5.0,2.68,115.0,0.109,-0.033,0.548,-0.68,0.17
EVT_00385,23.76947,86.38167,4,MINING_COAL_SEAM_FIRE,Jharia Coal Basin (Jharkhand),TRAIN,BCCL Coal Seam Fire Survey,0.98,23.5,328.99,314.5,503.0,1861.58,14.49,20.6,2.0,0.0,4.54,0.0,0.211,0.05,0.75,0.615,0.553,0.0,22.0,5.0,0.3,160.0,0.106,0.012,0.203,-2.2,0.0
EVT_00386,23.70926,86.39677,4,MINING_COAL_SEAM_FIRE,Jharia Coal Basin (Jharkhand),TRAIN,BCCL Coal Seam Fire Survey,0.98,14.69,334.16,318.59,846.3,103.19,15.57,13.95,2.0,0.0,3.71,0.265,0.1,0.05,0.585,0.741,0.667,0.0,22.0,5.0,-1.46,157.0,0.262,0.204,0.546,-0.34,1.05
EVT_00387,23.70793,86.45744,4,MINING_COAL_SEAM_FIRE,Jharia Coal Basin (Jharkhand),TRAIN,BCCL Coal Seam Fire Survey,0.98,36.9,338.85,316.54,847.4,125.21,22.31,11.89,2.0,0.0,6.36,0.0,0.177,0.05,0.794,0.798,0.718,0.0,22.0,5.0,2.98,149.0,0.087,-0.06,0.547,-0.68,0.17
EVT_00388,23.72109,86.3629,4,MINING_COAL_SEAM_FIRE,Jharia Coal Basin (Jharkhand),TRAIN,BCCL Coal Seam Fire Survey,0.98,14.11,327.34,315.75,500.0,1799.85,11.59,17.0,2.0,0.0,5.63,0.0,0.275,0.05,0.71,0.89,0.801,0.0,22.0,5.0,-1.58,154.0,0.141,0.085,0.2,-0.34,1.05
EVT_00389,23.72033,86.44551,4,MINING_COAL_SEAM_FIRE,Jharia Coal Basin (Jharkhand),TRAIN,BCCL Coal Seam Fire Survey,0.98,29.49,328.91,309.47,500.0,1933.39,19.44,13.41,2.0,0.0,4.51,0.043,0.248,0.05,0.659,0.839,0.755,1.0,22.0,5.0,1.5,130.0,0.162,0.044,0.2,-0.68,0.17
EVT_00390,23.71238,86.4221,4,MINING_COAL_SEAM_FIRE,Jharia Coal Basin (Jharkhand),TRAIN,BCCL Coal Seam Fire Survey,0.98,32.91,325.11,317.88,842.1,68.57,7.23,13.16,2.0,0.0,3.35,0.077,0.137,0.05,0.736,0.749,0.674,0.0,22.0,5.0,2.18,170.0,0.128,-0.003,0.542,-0.34,1.05
EVT_00391,23.81301,86.37448,4,MINING_COAL_SEAM_FIRE,Jharia Coal Basin (Jharkhand),TRAIN,BCCL Coal Seam Fire Survey,0.98,15.26,331.19,317.67,845.2,90.76,13.53,25.34,2.0,0.0,9.01,0.155,0.156,0.05,0.639,0.937,0.843,1.0,22.0,5.0,-1.35,105.0,0.203,0.142,0.545,-2.2,0.0
EVT_00392,23.76354,86.45208,4,MINING_COAL_SEAM_FIRE,Jharia Coal Basin (Jharkhand),TRAIN,BCCL Coal Seam Fire Survey,0.98,13.25,329.25,315.82,844.4,83.18,13.43,18.1,2.0,0.0,5.35,0.013,0.238,0.05,0.699,0.703,0.633,0.0,22.0,5.0,-1.75,177.0,0.132,0.079,0.544,-2.3,-0.7
EVT_00393,23.71068,86.37222,4,MINING_COAL_SEAM_FIRE,Jharia Coal Basin (Jharkhand),TRAIN,BCCL Coal Seam Fire Survey,0.98,33.06,337.18,316.96,847.1,117.03,20.23,15.5,2.0,0.0,5.31,0.096,0.282,0.05,0.572,0.804,0.724,0.0,22.0,5.0,2.21,199.0,0.224,0.092,0.547,-0.34,1.05
EVT_00394,23.71552,86.45069,4,MINING_COAL_SEAM_FIRE,Jharia Coal Basin (Jharkhand),TRAIN,BCCL Coal Seam Fire Survey,0.98,31.04,333.23,318.79,500.0,2382.33,14.45,12.8,2.0,0.0,5.27,0.016,0.293,0.05,0.641,0.923,0.831,0.0,22.0,5.0,1.81,197.0,0.164,0.04,0.2,-0.68,0.17
EVT_00395,23.76194,86.41653,4,MINING_COAL_SEAM_FIRE,Jharia Coal Basin (Jharkhand),TRAIN,BCCL Coal Seam Fire Survey,0.98,21.62,327.05,320.35,500.0,1779.08,6.7,18.58,2.0,0.0,2.54,0.0,0.294,0.05,0.725,0.793,0.713,0.0,22.0,5.0,-0.08,193.0,0.152,0.065,0.2,-0.34,1.05
EVT_00396,23.71922,86.4042,4,MINING_COAL_SEAM_FIRE,Jharia Coal Basin (Jharkhand),TRAIN,BCCL Coal Seam Fire Survey,0.98,16.21,333.39,307.49,846.0,99.74,25.91,14.57,2.0,0.0,2.4,0.078,0.288,0.05,0.584,0.83,0.747,0.0,22.0,5.0,-1.16,159.0,0.212,0.148,0.546,-0.34,1.05
EVT_00397,23.73523,86.44711,4,MINING_COAL_SEAM_FIRE,Jharia Coal Basin (Jharkhand),TRAIN,BCCL Coal Seam Fire Survey,0.98,23.89,340.57,321.93,847.8,134.13,18.64,15.02,2.0,0.0,4.15,0.0,0.23,0.05,0.832,0.739,0.665,0.0,22.0,5.0,0.38,168.0,0.117,0.021,0.548,-0.68,0.17
EVT_00398,23.82556,86.39102,4,MINING_COAL_SEAM_FIRE,Jharia Coal Basin (Jharkhand),TRAIN,BCCL Coal Seam Fire Survey,0.98,20.79,324.02,321.96,500.0,1521.99,2.05,26.1,2.0,0.0,9.73,0.165,0.224,0.05,0.561,0.644,0.58,1.0,22.0,5.0,-0.24,113.0,0.248,0.165,0.2,-2.2,0.0
EVT_00399,23.70529,86.43413,4,MINING_COAL_SEAM_FIRE,Jharia Coal Basin (Jharkhand),TRAIN,BCCL Coal Seam Fire Survey,0.98,14.56,332.39,314.37,845.7,95.63,18.02,12.03,2.0,0.0,4.69,0.122,0.116,0.05,0.712,0.641,0.577,1.0,22.0,5.0,-1.49,115.0,0.154,0.096,0.546,-0.34,1.05
EVT_00400,23.77016,86.41487,4,MINING_COAL_SEAM_FIRE,Jharia Coal Basin (Jharkhand),TRAIN,BCCL Coal Seam Fire Survey,0.98,15.73,325.12,312.79,842.1,68.55,12.33,19.5,2.0,0.0,3.39,0.011,0.205,0.05,0.734,0.653,0.588,0.0,22.0,5.0,-1.25,83.0,0.112,0.049,0.542,-2.2,0.0
EVT_00401,23.7285,86.34084,4,MINING_COAL_SEAM_FIRE,Jharia Coal Basin (Jharkhand),TRAIN,BCCL Coal Seam Fire Survey,0.98,20.19,325.84,316.05,842.5,70.98,9.79,19.08,2.0,0.0,7.78,0.01,0.155,0.05,0.785,0.877,0.789,0.0,22.0,5.0,-0.36,115.0,0.083,0.003,0.542,-0.35,0.35
EVT_00402,23.75959,86.38153,4,MINING_COAL_SEAM_FIRE,Jharia Coal Basin (Jharkhand),TRAIN,BCCL Coal Seam Fire Survey,0.98,25.42,332.49,314.03,500.0,2295.12,18.46,19.62,2.0,0.0,3.84,0.0,0.262,0.05,0.694,0.803,0.723,0.0,22.0,5.0,0.68,121.0,0.134,0.032,0.2,-0.34,1.05
EVT_00403,23.71935,86.43955,4,MINING_COAL_SEAM_FIRE,Jharia Coal Basin (Jharkhand),TRAIN,BCCL Coal Seam Fire Survey,0.98,28.74,332.13,311.72,845.6,94.49,20.4,13.41,2.0,0.0,4.0,0.151,0.192,0.05,0.607,0.733,0.66,1.0,22.0,5.0,1.35,82.0,0.219,0.104,0.546,-0.68,0.17
EVT_00404,23.75275,86.41793,4,MINING_COAL_SEAM_FIRE,Jharia Coal Basin (Jharkhand),TRAIN,BCCL Coal Seam Fire Survey,0.98,23.47,330.87,317.88,845.1,89.48,12.99,17.55,2.0,0.0,1.67,0.0,0.211,0.05,0.79,0.67,0.603,1.0,22.0,5.0,0.29,177.0,0.106,0.012,0.545,-0.34,1.05
EVT_00405,23.75555,86.44855,4,MINING_COAL_SEAM_FIRE,Jharia Coal Basin (Jharkhand),TRAIN,BCCL Coal Seam Fire Survey,0.98,22.77,335.33,321.38,500.0,2618.52,13.95,17.25,2.0,0.0,4.61,0.173,0.103,0.05,0.675,0.935,0.842,0.0,22.0,5.0,0.15,107.0,0.189,0.097,0.2,-0.68,0.17
EVT_00406,23.72568,86.40935,4,MINING_COAL_SEAM_FIRE,Jharia Coal Basin (Jharkhand),TRAIN,BCCL Coal Seam Fire Survey,0.98,32.48,335.17,317.71,846.6,107.69,17.46,15.01,2.0,0.0,1.59,0.063,0.225,0.05,0.662,0.699,0.629,0.0,22.0,5.0,2.1,118.0,0.165,0.035,0.547,-0.34,1.05
EVT_00407,23.70993,86.43847,4,MINING_COAL_SEAM_FIRE,Jharia Coal Basin (Jharkhand),TRAIN,BCCL Coal Seam Fire Survey,0.98,34.22,324.68,321.68,500.0,1575.95,2.99,12.41,2.0,0.0,4.6,0.019,0.129,0.05,0.802,0.933,0.84,0.0,22.0,5.0,2.44,87.0,0.077,-0.06,0.2,-0.68,0.17
EVT_00408,23.71453,86.41033,4,MINING_COAL_SEAM_FIRE,Jharia Coal Basin (Jharkhand),TRAIN,BCCL Coal Seam Fire Survey,0.98,26.72,333.63,313.06,846.1,100.85,20.57,13.83,2.0,0.0,2.83,0.082,0.284,0.05,0.584,0.907,0.817,0.0,22.0,5.0,0.94,156.0,0.213,0.107,0.546,-0.34,1.05
EVT_00409,23.76129,86.42835,4,MINING_COAL_SEAM_FIRE,Jharia Coal Basin (Jharkhand),TRAIN,BCCL Coal Seam Fire Survey,0.98,23.73,333.29,319.7,846.0,99.44,13.59,18.21,2.0,0.0,3.12,0.196,0.115,0.05,0.639,0.716,0.644,0.0,22.0,5.0,0.35,151.0,0.214,0.119,0.546,-0.34,1.05
EVT_00410,23.7368,86.40717,4,MINING_COAL_SEAM_FIRE,Jharia Coal Basin (Jharkhand),TRAIN,BCCL Coal Seam Fire Survey,0.98,18.39,333.26,311.76,500.0,2370.56,21.5,16.24,2.0,0.0,0.47,0.072,0.109,0.05,0.769,0.725,0.653,0.0,22.0,5.0,-0.72,190.0,0.109,0.035,0.2,-0.34,1.05
EVT_00411,23.77396,86.36783,4,MINING_COAL_SEAM_FIRE,Jharia Coal Basin (Jharkhand),TRAIN,BCCL Coal Seam Fire Survey,0.98,22.76,338.74,313.09,847.4,124.59,25.65,21.67,2.0,0.0,6.01,0.227,0.12,0.05,0.603,0.829,0.746,0.0,22.0,5.0,0.15,147.0,0.242,0.151,0.547,-2.2,0.0
EVT_00412,23.74386,86.42776,4,MINING_COAL_SEAM_FIRE,Jharia Coal Basin (Jharkhand),TRAIN,BCCL Coal Seam Fire Survey,0.98,22.22,328.42,320.54,844.0,80.14,7.88,16.34,2.0,0.0,2.02,0.073,0.142,0.05,0.735,0.683,0.615,1.0,22.0,5.0,0.04,197.0,0.128,0.039,0.544,-0.34,1.05
EVT_00413,23.70729,86.4174,4,MINING_COAL_SEAM_FIRE,Jharia Coal Basin (Jharkhand),TRAIN,BCCL Coal Seam Fire Survey,0.98,23.36,338.58,313.34,847.4,123.79,25.24,12.81,2.0,0.0,3.72,0.0,0.148,0.05,0.848,0.82,0.738,0.0,22.0,5.0,0.27,98.0,0.071,-0.022,0.547,-0.34,1.05
EVT_00414,23.74158,86.41179,4,MINING_COAL_SEAM_FIRE,Jharia Coal Basin (Jharkhand),TRAIN,BCCL Coal Seam Fire Survey,0.98,22.65,330.49,310.51,845.0,87.91,19.98,16.57,2.0,0.0,0.27,0.079,0.262,0.05,0.608,0.942,0.848,1.0,22.0,5.0,0.13,197.0,0.199,0.108,0.545,-0.34,1.05
EVT_00415,23.77284,86.37776,4,MINING_COAL_SEAM_FIRE,Jharia Coal Basin (Jharkhand),TRAIN,BCCL Coal Seam Fire Survey,0.98,13.77,334.96,306.84,846.5,106.57,28.12,21.11,2.0,0.0,5.11,0.175,0.183,0.05,0.592,0.663,0.597,0.0,22.0,5.0,-1.65,178.0,0.234,0.179,0.546,-2.2,0.0
EVT_00416,23.66265,86.44864,4,MINING_COAL_SEAM_FIRE,Jharia Coal Basin (Jharkhand),TRAIN,BCCL Coal Seam Fire Survey,0.98,15.52,333.79,316.02,846.1,101.55,17.76,7.06,2.0,0.0,9.6,0.151,0.246,0.05,0.553,0.836,0.753,1.0,22.0,5.0,-1.3,125.0,0.249,0.187,0.546,-0.72,0.54
EVT_00417,23.67945,86.47591,4,MINING_COAL_SEAM_FIRE,Jharia Coal Basin (Jharkhand),TRAIN,BCCL Coal Seam Fire Survey,0.98,21.21,331.78,311.99,845.5,93.07,19.78,8.74,2.0,0.0,9.94,0.103,0.172,0.05,0.676,0.706,0.635,0.0,22.0,5.0,-0.16,186.0,0.169,0.084,0.545,-0.72,0.54
EVT_00418,23.79241,86.47502,4,MINING_COAL_SEAM_FIRE,Jharia Coal Basin (Jharkhand),TRAIN,BCCL Coal Seam Fire Survey,0.98,26.39,332.48,311.04,692.5,265.24,21.44,21.27,2.0,0.0,9.27,0.001,0.151,0.05,0.798,0.8,0.72,1.0,22.0,5.0,0.88,194.0,0.074,-0.032,0.392,-2.3,-0.7
EVT_00419,23.71917,86.40877,4,MINING_COAL_SEAM_FIRE,Jharia Coal Basin (Jharkhand),TRAIN,BCCL Coal Seam Fire Survey,0.98,31.36,327.79,320.91,595.8,531.01,6.88,14.37,2.0,0.0,2.32,0.019,0.198,0.05,0.733,0.744,0.67,1.0,22.0,5.0,1.87,119.0,0.114,-0.011,0.296,-0.34,1.05
EVT_00420,23.72607,86.38858,4,MINING_COAL_SEAM_FIRE,Jharia Coal Basin (Jharkhand),TRAIN,BCCL Coal Seam Fire Survey,0.98,25.36,342.05,310.1,848.0,141.87,31.94,15.99,2.0,0.0,2.84,0.0,0.149,0.05,0.822,0.701,0.631,1.0,22.0,5.0,0.67,85.0,0.072,-0.029,0.548,-0.34,1.05
EVT_00421,23.73051,86.3886,4,MINING_COAL_SEAM_FIRE,Jharia Coal Basin (Jharkhand),TRAIN,BCCL Coal Seam Fire Survey,0.98,12.8,329.64,316.45,844.6,84.69,13.19,16.42,2.0,0.0,2.6,0.0,0.279,0.05,0.706,0.85,0.765,1.0,22.0,5.0,-1.84,167.0,0.143,0.092,0.545,-0.34,1.05
EVT_00422,23.74802,86.4476,4,MINING_COAL_SEAM_FIRE,Jharia Coal Basin (Jharkhand),TRAIN,BCCL Coal Seam Fire Survey,0.98,33.06,334.12,319.62,846.3,103.05,14.51,16.43,2.0,0.0,4.27,0.158,0.165,0.05,0.627,0.75,0.675,0.0,22.0,5.0,2.21,194.0,0.21,0.078,0.546,-0.68,0.17
EVT_00423,23.72658,86.39588,4,MINING_COAL_SEAM_FIRE,Jharia Coal Basin (Jharkhand),TRAIN,BCCL Coal Seam Fire Survey,0.98,23.34,330.47,321.09,844.9,87.94,9.38,15.68,2.0,0.0,2.16,0.099,0.116,0.05,0.735,0.808,0.727,0.0,22.0,5.0,0.27,149.0,0.135,0.042,0.545,-0.34,1.05
EVT_00424,23.68788,86.41329,4,MINING_COAL_SEAM_FIRE,Jharia Coal Basin (Jharkhand),TRAIN,BCCL Coal Seam Fire Survey,0.98,33.11,329.4,309.75,844.5,83.72,19.66,11.05,2.0,0.0,5.8,0.149,0.159,0.05,0.643,0.605,0.544,0.0,22.0,5.0,2.22,88.0,0.2,0.067,0.544,0.0,0.5
EVT_00425,23.70973,86.36765,4,MINING_COAL_SEAM_FIRE,Jharia Coal Basin (Jharkhand),TRAIN,BCCL Coal Seam Fire Survey,0.98,29.23,341.86,317.96,500.0,3423.37,23.89,15.71,2.0,0.0,5.78,0.0,0.299,0.05,0.83,0.883,0.794,0.0,22.0,5.0,1.45,172.0,0.154,0.038,0.2,-0.34,1.05
EVT_00426,23.70593,86.44525,4,MINING_COAL_SEAM_FIRE,Jharia Coal Basin (Jharkhand),TRAIN,BCCL Coal Seam Fire Survey,0.98,18.66,334.68,315.09,846.4,105.47,19.59,11.84,2.0,0.0,5.44,0.154,0.183,0.05,0.613,0.677,0.61,1.0,22.0,5.0,-0.67,92.0,0.217,0.142,0.546,-0.68,0.17
EVT_00427,23.76447,86.40148,4,MINING_COAL_SEAM_FIRE,Jharia Coal Basin (Jharkhand),TRAIN,BCCL Coal Seam Fire Survey,0.98,29.69,333.08,313.69,500.0,2355.58,19.39,19.32,2.0,0.0,2.88,0.0,0.287,0.05,0.744,0.926,0.833,0.0,22.0,5.0,1.54,143.0,0.148,0.029,0.2,-2.2,0.0
EVT_00428,23.77515,86.38548,4,MINING_COAL_SEAM_FIRE,Jharia Coal Basin (Jharkhand),TRAIN,BCCL Coal Seam Fire Survey,0.98,37.11,336.8,320.22,500.0,2786.93,16.58,21.02,2.0,0.0,4.76,0.0,0.186,0.05,0.84,0.738,0.664,1.0,22.0,5.0,3.02,81.0,0.092,-0.056,0.2,-2.2,0.0
EVT_00429,23.78862,86.43839,4,MINING_COAL_SEAM_FIRE,Jharia Coal Basin (Jharkhand),TRAIN,BCCL Coal Seam Fire Survey,0.98,17.37,328.03,314.5,843.8,78.66,13.53,21.03,2.0,0.0,6.25,0.125,0.154,0.05,0.672,0.71,0.639,0.0,22.0,5.0,-0.93,165.0,0.177,0.108,0.544,-2.3,-0.7
EVT_00430,23.76088,86.3878,4,MINING_COAL_SEAM_FIRE,Jharia Coal Basin (Jharkhand),TRAIN,BCCL Coal Seam Fire Survey,0.98,31.53,331.82,318.98,845.5,93.31,12.84,19.47,2.0,0.0,3.38,0.0,0.228,0.05,0.747,0.914,0.823,0.0,22.0,5.0,1.91,128.0,0.115,-0.011,0.545,-0.34,1.05
EVT_00431,23.73065,86.42621,4,MINING_COAL_SEAM_FIRE,Jharia Coal Basin (Jharkhand),TRAIN,BCCL Coal Seam Fire Survey,0.98,26.19,331.2,326.02,845.2,90.86,5.19,14.96,2.0,0.0,2.08,0.041,0.129,0.05,0.779,0.924,0.832,0.0,22.0,5.0,0.84,89.0,0.095,-0.01,0.545,-0.34,1.05
EVT_00432,23.7516,86.41496,4,MINING_COAL_SEAM_FIRE,Jharia Coal Basin (Jharkhand),TRAIN,BCCL Coal Seam Fire Survey,0.98,25.02,327.33,320.92,571.7,682.53,6.41,17.52,2.0,0.0,1.4,0.195,0.113,0.05,0.642,0.826,0.743,0.0,22.0,5.0,0.6,194.0,0.212,0.112,0.272,-0.34,1.05
EVT_00433,23.71088,86.40618,4,MINING_COAL_SEAM_FIRE,Jharia Coal Basin (Jharkhand),TRAIN,BCCL Coal Seam Fire Survey,0.98,36.53,327.53,319.02,843.5,76.9,8.51,13.65,2.0,0.0,3.26,0.016,0.126,0.05,0.808,0.905,0.814,1.0,22.0,5.0,2.91,165.0,0.072,-0.074,0.543,-0.34,1.05
EVT_00434,23.77603,86.44053,4,MINING_COAL_SEAM_FIRE,Jharia Coal Basin (Jharkhand),TRAIN,BCCL Coal Seam Fire Survey,0.98,34.7,327.28,319.28,528.4,1184.96,8.0,19.61,2.0,0.0,5.24,0.0,0.144,0.05,0.838,0.659,0.593,1.0,22.0,5.0,2.54,106.0,0.069,-0.07,0.228,-2.3,-0.7
EVT_00435,23.75887,86.44424,4,MINING_COAL_SEAM_FIRE,Jharia Coal Basin (Jharkhand),TRAIN,BCCL Coal Seam Fire Survey,0.98,27.02,326.88,322.78,843.2,74.63,4.11,17.67,2.0,0.0,4.34,0.0,0.266,0.05,0.799,0.708,0.637,0.0,22.0,5.0,1.0,127.0,0.136,0.028,0.543,-0.68,0.17
EVT_00436,23.71924,86.42101,4,MINING_COAL_SEAM_FIRE,Jharia Coal Basin (Jharkhand),TRAIN,BCCL Coal Seam Fire Survey,0.98,30.12,335.37,319.75,510.9,2219.21,15.62,13.91,2.0,0.0,2.61,0.136,0.222,0.05,0.592,0.727,0.654,0.0,22.0,5.0,1.62,103.0,0.224,0.103,0.211,-0.34,1.05
EVT_00437,23.70222,86.36792,4,MINING_COAL_SEAM_FIRE,Jharia Coal Basin (Jharkhand),TRAIN,BCCL Coal Seam Fire Survey,0.98,34.42,331.98,313.67,845.5,93.92,18.31,15.07,2.0,0.0,6.28,0.0,0.16,0.05,0.833,0.682,0.613,0.0,22.0,5.0,2.48,141.0,0.078,-0.06,0.545,-0.34,1.05
EVT_00438,23.72164,86.45733,4,MINING_COAL_SEAM_FIRE,Jharia Coal Basin (Jharkhand),TRAIN,BCCL Coal Seam Fire Survey,0.98,21.6,335.12,316.16,846.5,107.45,18.96,13.41,2.0,0.0,5.63,0.157,0.193,0.05,0.6,0.725,0.653,1.0,22.0,5.0,-0.08,177.0,0.225,0.138,0.546,-0.68,0.17
EVT_00439,23.71651,86.40548,4,MINING_COAL_SEAM_FIRE,Jharia Coal Basin (Jharkhand),TRAIN,BCCL Coal Seam Fire Survey,0.98,23.73,329.96,306.35,844.7,85.8,23.61,14.24,2.0,0.0,2.66,0.016,0.257,0.05,0.677,0.904,0.814,0.0,22.0,5.0,0.35,163.0,0.144,0.05,0.545,-0.34,1.05
EVT_00440,23.75786,86.39303,4,MINING_COAL_SEAM_FIRE,Jharia Coal Basin (Jharkhand),TRAIN,BCCL Coal Seam Fire Survey,0.98,23.91,328.02,323.31,843.8,78.7,4.71,18.95,2.0,0.0,2.73,0.0,0.249,0.05,0.748,0.69,0.621,0.0,22.0,5.0,0.38,164.0,0.127,0.031,0.544,-0.34,1.05
EVT_00441,23.77005,86.39362,4,MINING_COAL_SEAM_FIRE,Jharia Coal Basin (Jharkhand),TRAIN,BCCL Coal Seam Fire Survey,0.98,24.45,338.57,308.22,847.4,123.64,30.35,20.18,2.0,0.0,3.8,0.0,0.269,0.05,0.825,0.902,0.812,1.0,22.0,5.0,0.49,186.0,0.138,0.04,0.547,-2.2,0.0
EVT_00442,23.71499,86.42824,4,MINING_COAL_SEAM_FIRE,Jharia Coal Basin (Jharkhand),TRAIN,BCCL Coal Seam Fire Survey,0.98,23.19,334.61,316.67,846.4,105.16,17.94,13.23,2.0,0.0,3.44,0.129,0.249,0.05,0.572,0.642,0.578,0.0,22.0,5.0,0.24,161.0,0.233,0.14,0.546,-0.34,1.05
EVT_00443,23.70586,86.43714,4,MINING_COAL_SEAM_FIRE,Jharia Coal Basin (Jharkhand),TRAIN,BCCL Coal Seam Fire Survey,0.98,14.81,334.42,316.68,846.3,104.31,17.74,12.01,2.0,0.0,4.84,0.21,0.178,0.05,0.562,0.681,0.613,0.0,22.0,5.0,-1.44,167.0,0.26,0.201,0.546,-0.68,0.17
EVT_00444,23.71991,86.44826,4,MINING_COAL_SEAM_FIRE,Jharia Coal Basin (Jharkhand),TRAIN,BCCL Coal Seam Fire Survey,0.98,25.23,342.52,313.58,848.1,144.58,28.94,13.32,2.0,0.0,4.8,0.183,0.207,0.05,0.56,0.902,0.811,0.0,22.0,5.0,0.65,194.0,0.254,0.153,0.548,-0.68,0.17
EVT_00445,23.76265,86.34494,4,MINING_COAL_SEAM_FIRE,Jharia Coal Basin (Jharkhand),TRAIN,BCCL Coal Seam Fire Survey,0.98,35.05,337.55,313.16,847.2,118.74,24.39,21.8,2.0,0.0,7.65,0.019,0.169,0.05,0.762,0.74,0.666,0.0,22.0,5.0,2.61,108.0,0.099,-0.042,0.547,-2.2,0.0
EVT_00446,23.76326,86.39065,4,MINING_COAL_SEAM_FIRE,Jharia Coal Basin (Jharkhand),TRAIN,BCCL Coal Seam Fire Survey,0.98,12.02,338.01,314.01,847.3,120.99,24.0,19.6,2.0,0.0,3.36,0.102,0.137,0.05,0.711,0.708,0.637,1.0,22.0,5.0,-2.0,103.0,0.149,0.101,0.547,-2.2,0.0
EVT_00447,23.71629,86.40612,4,MINING_COAL_SEAM_FIRE,Jharia Coal Basin (Jharkhand),TRAIN,BCCL Coal Seam Fire Survey,0.98,23.4,329.91,311.01,844.7,85.67,18.9,14.19,2.0,0.0,2.67,0.18,0.121,0.05,0.649,0.942,0.848,0.0,22.0,5.0,0.28,194.0,0.204,0.111,0.545,-0.34,1.05
EVT_00448,23.70303,86.37295,4,MINING_COAL_SEAM_FIRE,Jharia Coal Basin (Jharkhand),TRAIN,BCCL Coal Seam Fire Survey,0.98,32.36,328.4,314.03,844.0,80.01,14.37,14.8,2.0,0.0,5.81,0.198,0.104,0.05,0.648,0.643,0.579,0.0,22.0,5.0,2.07,98.0,0.21,0.08,0.544,-0.34,1.05
EVT_00449,23.73677,86.36482,4,MINING_COAL_SEAM_FIRE,Jharia Coal Basin (Jharkhand),TRAIN,BCCL Coal Seam Fire Survey,0.98,23.44,329.82,317.68,844.7,85.36,12.14,18.28,2.0,0.0,5.03,0.0,0.287,0.05,0.781,0.769,0.692,1.0,22.0,5.0,0.29,171.0,0.148,0.054,0.545,-0.34,1.05
EVT_00450,23.73425,86.41742,4,MINING_COAL_SEAM_FIRE,Jharia Coal Basin (Jharkhand),TRAIN,BCCL Coal Seam Fire Survey,0.98,21.8,328.03,311.94,843.8,78.66,16.1,15.61,2.0,0.0,1.04,0.0,0.24,0.05,0.728,0.738,0.664,0.0,22.0,5.0,-0.04,150.0,0.122,0.035,0.544,-0.34,1.05
EVT_00451,23.73177,86.36235,4,MINING_COAL_SEAM_FIRE,Jharia Coal Basin (Jharkhand),TRAIN,BCCL Coal Seam Fire Survey,0.98,22.69,335.39,320.08,500.0,2622.61,15.31,17.98,2.0,0.0,5.37,0.198,0.175,0.05,0.576,0.832,0.749,1.0,22.0,5.0,0.14,137.0,0.249,0.158,0.2,-0.34,1.05
EVT_00452,23.72238,86.40669,4,MINING_COAL_SEAM_FIRE,Jharia Coal Basin (Jharkhand),TRAIN,BCCL Coal Seam Fire Survey,0.98,13.12,332.33,317.65,845.7,95.39,14.68,14.78,2.0,0.0,1.99,0.0,0.201,0.05,0.762,0.663,0.596,1.0,22.0,5.0,-1.78,136.0,0.101,0.048,0.546,-0.34,1.05
EVT_00453,23.74112,86.45523,4,MINING_COAL_SEAM_FIRE,Jharia Coal Basin (Jharkhand),TRAIN,BCCL Coal Seam Fire Survey,0.98,24.43,330.84,325.34,845.1,89.41,5.5,15.59,2.0,0.0,5.02,0.069,0.288,0.05,0.594,0.869,0.782,0.0,22.0,5.0,0.49,108.0,0.205,0.107,0.545,-0.68,0.17
EVT_00454,23.78137,86.42683,4,MINING_COAL_SEAM_FIRE,Jharia Coal Basin (Jharkhand),TRAIN,BCCL Coal Seam Fire Survey,0.98,20.16,331.99,313.89,845.5,93.94,18.1,20.43,2.0,0.0,4.96,0.0,0.238,0.05,0.797,0.822,0.74,1.0,22.0,5.0,-0.37,150.0,0.121,0.04,0.545,-2.2,0.0
EVT_00455,23.68505,86.42105,4,MINING_COAL_SEAM_FIRE,Jharia Coal Basin (Jharkhand),TRAIN,BCCL Coal Seam Fire Survey,0.98,29.1,335.3,315.71,500.0,2603.37,19.59,10.4,2.0,0.0,6.22,0.019,0.173,0.05,0.759,0.798,0.718,0.0,22.0,5.0,1.42,159.0,0.101,-0.016,0.2,0.0,0.5
EVT_00456,23.72294,86.42868,4,MINING_COAL_SEAM_FIRE,Jharia Coal Basin (Jharkhand),TRAIN,BCCL Coal Seam Fire Survey,0.98,16.68,340.05,315.42,847.7,131.33,24.63,14.07,2.0,0.0,2.81,0.158,0.182,0.05,0.61,0.638,0.575,0.0,22.0,5.0,-1.06,94.0,0.22,0.153,0.548,-0.34,1.05
EVT_00457,23.74458,86.38415,4,MINING_COAL_SEAM_FIRE,Jharia Coal Basin (Jharkhand),TRAIN,BCCL Coal Seam Fire Survey,0.98,21.37,335.25,318.83,500.0,2604.74,16.42,18.01,2.0,0.0,2.91,0.196,0.16,0.05,0.594,0.63,0.567,1.0,22.0,5.0,-0.13,167.0,0.239,0.153,0.2,-0.34,1.05
EVT_00458,23.73975,86.40245,4,MINING_COAL_SEAM_FIRE,Jharia Coal Basin (Jharkhand),TRAIN,BCCL Coal Seam Fire Survey,0.98,36.08,331.14,313.09,845.2,90.51,18.05,16.72,2.0,0.0,0.84,0.038,0.148,0.05,0.764,0.657,0.591,0.0,22.0,5.0,2.82,119.0,0.103,-0.042,0.545,-0.34,1.05
EVT_00459,23.6794,86.39434,4,MINING_COAL_SEAM_FIRE,Jharia Coal Basin (Jharkhand),TRAIN,BCCL Coal Seam Fire Survey,0.98,27.58,328.36,320.28,844.0,79.92,8.09,11.38,2.0,0.0,6.95,0.008,0.29,0.05,0.652,0.67,0.603,0.0,22.0,5.0,1.12,108.0,0.156,0.046,0.544,0.0,0.5
EVT_00460,23.76163,86.46283,4,MINING_COAL_SEAM_FIRE,Jharia Coal Basin (Jharkhand),TRAIN,BCCL Coal Seam Fire Survey,0.98,17.9,331.8,309.32,845.5,93.11,22.48,17.83,2.0,0.0,6.34,0.04,0.152,0.05,0.757,0.86,0.774,0.0,22.0,5.0,-0.82,168.0,0.106,0.035,0.545,-2.3,-0.7
EVT_00461,23.7788,86.42463,4,MINING_COAL_SEAM_FIRE,Jharia Coal Basin (Jharkhand),TRAIN,BCCL Coal Seam Fire Survey,0.98,23.2,323.95,317.93,684.8,186.14,6.01,20.19,2.0,0.0,4.6,0.0,0.173,0.05,0.805,0.709,0.638,0.0,22.0,5.0,0.24,128.0,0.085,-0.008,0.385,-2.2,0.0
EVT_00462,23.78877,86.43487,4,MINING_COAL_SEAM_FIRE,Jharia Coal Basin (Jharkhand),TRAIN,BCCL Coal Seam Fire Survey,0.98,22.27,335.15,317.52,846.5,107.58,17.63,21.09,2.0,0.0,6.08,0.067,0.217,0.05,0.666,0.618,0.556,0.0,22.0,5.0,0.05,159.0,0.164,0.075,0.546,-2.3,-0.7
EVT_00463,23.81906,86.38626,4,MINING_COAL_SEAM_FIRE,Jharia Coal Basin (Jharkhand),TRAIN,BCCL Coal Seam Fire Survey,0.98,17.7,343.51,314.98,561.7,1554.63,28.54,25.56,2.0,0.0,9.16,0.0,0.197,0.05,0.775,0.639,0.576,0.0,22.0,5.0,-0.86,112.0,0.098,0.028,0.262,-2.2,0.0
EVT_00464,23.70905,86.31941,4,MINING_COAL_SEAM_FIRE,Jharia Coal Basin (Jharkhand),TRAIN,BCCL Coal Seam Fire Survey,0.98,30.39,333.3,319.8,846.0,99.5,13.5,19.19,2.0,0.0,10.63,0.061,0.186,0.05,0.703,0.688,0.619,0.0,22.0,5.0,1.68,105.0,0.142,0.021,0.546,-0.35,0.35
EVT_00465,23.6916,86.36867,4,MINING_COAL_SEAM_FIRE,Jharia Coal Basin (Jharkhand),TRAIN,BCCL Coal Seam Fire Survey,0.98,31.19,327.97,314.75,843.8,78.43,13.22,14.15,2.0,0.0,7.06,0.0,0.254,0.05,0.769,0.9,0.81,0.0,22.0,5.0,1.84,134.0,0.13,0.005,0.544,-0.34,1.05
EVT_00466,23.7421,86.42359,4,MINING_COAL_SEAM_FIRE,Jharia Coal Basin (Jharkhand),TRAIN,BCCL Coal Seam Fire Survey,0.98,13.78,339.25,310.67,568.9,1197.79,28.58,16.26,2.0,0.0,1.53,0.0,0.223,0.05,0.803,0.914,0.823,1.0,22.0,5.0,-1.64,91.0,0.113,0.058,0.269,-0.34,1.05
EVT_00467,23.7042,86.38977,4,MINING_COAL_SEAM_FIRE,Jharia Coal Basin (Jharkhand),TRAIN,BCCL Coal Seam Fire Survey,0.98,17.38,343.56,321.59,694.2,417.64,21.97,13.86,2.0,0.0,4.56,0.009,0.136,0.05,0.804,0.898,0.808,1.0,22.0,5.0,-0.92,86.0,0.072,0.003,0.394,-0.34,1.05
EVT_00468,23.69771,86.40119,4,MINING_COAL_SEAM_FIRE,Jharia Coal Basin (Jharkhand),TRAIN,BCCL Coal Seam Fire Survey,0.98,28.52,334.57,323.35,846.4,105.07,11.22,12.62,2.0,0.0,4.79,0.0,0.267,0.05,0.774,0.669,0.602,1.0,22.0,5.0,1.3,100.0,0.137,0.023,0.546,-0.34,1.05
EVT_00469,23.75437,86.41685,4,MINING_COAL_SEAM_FIRE,Jharia Coal Basin (Jharkhand),TRAIN,BCCL Coal Seam Fire Survey,0.98,18.89,328.61,320.33,844.1,80.82,8.27,17.76,2.0,0.0,1.77,0.212,0.111,0.05,0.628,0.844,0.759,1.0,22.0,5.0,-0.62,198.0,0.225,0.149,0.544,-0.34,1.05
EVT_00470,23.71871,86.42271,4,MINING_COAL_SEAM_FIRE,Jharia Coal Basin (Jharkhand),TRAIN,BCCL Coal Seam Fire Survey,0.98,26.67,334.56,308.44,846.4,104.81,26.11,13.8,2.0,0.0,2.75,0.0,0.28,0.05,0.764,0.81,0.729,1.0,22.0,5.0,0.93,185.0,0.144,0.037,0.546,-0.34,1.05
EVT_00471,23.70503,86.41769,4,MINING_COAL_SEAM_FIRE,Jharia Coal Basin (Jharkhand),TRAIN,BCCL Coal Seam Fire Survey,0.98,16.78,334.83,313.5,846.5,106.1,21.33,12.56,2.0,0.0,3.97,0.021,0.198,0.05,0.731,0.715,0.643,0.0,22.0,5.0,-1.04,136.0,0.116,0.049,0.546,-0.34,1.05
EVT_00472,23.66797,86.42247,4,MINING_COAL_SEAM_FIRE,Jharia Coal Basin (Jharkhand),TRAIN,BCCL Coal Seam Fire Survey,0.98,32.93,325.94,316.36,842.6,71.33,9.58,8.67,2.0,0.0,8.11,0.0,0.271,0.05,0.702,0.665,0.599,1.0,22.0,5.0,2.19,155.0,0.139,0.007,0.543,0.0,0.5
EVT_00473,23.76637,86.4316,4,MINING_COAL_SEAM_FIRE,Jharia Coal Basin (Jharkhand),TRAIN,BCCL Coal Seam Fire Survey,0.98,19.48,331.77,319.45,845.5,93.12,12.33,18.7,2.0,0.0,3.78,0.09,0.167,0.05,0.692,0.854,0.768,0.0,22.0,5.0,-0.5,140.0,0.156,0.078,0.545,-2.2,0.0
EVT_00474,23.79752,86.42262,4,MINING_COAL_SEAM_FIRE,Jharia Coal Basin (Jharkhand),TRAIN,BCCL Coal Seam Fire Survey,0.98,37.28,328.68,315.88,844.1,81.08,12.81,22.27,2.0,0.0,6.54,0.069,0.186,0.05,0.695,0.781,0.703,0.0,22.0,5.0,3.06,118.0,0.149,-0.0,0.544,-2.2,0.0
EVT_00475,23.72291,86.43217,4,MINING_COAL_SEAM_FIRE,Jharia Coal Basin (Jharkhand),TRAIN,BCCL Coal Seam Fire Survey,0.98,31.99,333.11,310.38,743.0,186.49,22.74,13.97,2.0,0.0,3.11,0.0,0.18,0.05,0.788,0.622,0.56,0.0,22.0,5.0,2.0,154.0,0.089,-0.039,0.443,-0.34,1.05
EVT_00476,23.67333,86.36728,4,MINING_COAL_SEAM_FIRE,Jharia Coal Basin (Jharkhand),TRAIN,BCCL Coal Seam Fire Survey,0.98,36.54,334.9,323.0,846.5,106.52,11.9,12.9,2.0,0.0,8.79,0.198,0.19,0.05,0.562,0.688,0.619,1.0,22.0,5.0,2.91,180.0,0.257,0.111,0.546,0.0,0.5
EVT_00477,23.79896,86.47454,4,MINING_COAL_SEAM_FIRE,Jharia Coal Basin (Jharkhand),TRAIN,BCCL Coal Seam Fire Survey,0.98,14.77,326.82,311.51,843.1,74.35,15.31,21.99,2.0,0.0,9.7,0.0,0.274,0.05,0.848,0.728,0.656,1.0,22.0,5.0,-1.45,131.0,0.141,0.082,0.543,-2.3,-0.7
EVT_00478,23.76475,86.5062,4,MINING_COAL_SEAM_FIRE,Jharia Coal Basin (Jharkhand),TRAIN,BCCL Coal Seam Fire Survey,0.98,34.05,333.73,308.7,846.1,101.2,25.03,18.62,2.0,0.0,11.03,0.016,0.156,0.05,0.777,0.84,0.756,1.0,22.0,5.0,2.41,137.0,0.089,-0.047,0.546,-2.3,-0.7
EVT_00479,23.75809,86.40225,4,MINING_COAL_SEAM_FIRE,Jharia Coal Basin (Jharkhand),TRAIN,BCCL Coal Seam Fire Survey,0.98,35.73,332.89,313.24,548.3,1180.39,19.64,18.63,2.0,0.0,2.18,0.161,0.144,0.05,0.645,0.814,0.732,0.0,22.0,5.0,2.75,92.0,0.201,0.058,0.248,-0.34,1.05
EVT_00480,23.70658,86.41129,4,MINING_COAL_SEAM_FIRE,Jharia Coal Basin (Jharkhand),TRAIN,BCCL Coal Seam Fire Survey,0.98,31.33,334.81,316.9,846.5,106.05,17.91,12.99,2.0,0.0,3.71,0.139,0.237,0.05,0.574,0.786,0.708,0.0,22.0,5.0,1.87,155.0,0.234,0.109,0.546,-2.97,-2.97
EVT_00481,23.74435,86.43484,4,MINING_COAL_SEAM_FIRE,Jharia Coal Basin (Jharkhand),TRAIN,BCCL Coal Seam Fire Survey,0.98,31.93,334.1,311.96,846.2,102.88,22.14,16.23,2.0,0.0,2.8,0.099,0.244,0.05,0.608,0.742,0.668,0.0,22.0,5.0,1.99,84.0,0.205,0.078,0.546,-0.36,0.71
EVT_00482,23.70794,86.37015,4,MINING_COAL_SEAM_FIRE,Jharia Coal Basin (Jharkhand),TRAIN,BCCL Coal Seam Fire Survey,0.98,29.41,332.58,320.85,548.0,1171.48,11.74,15.4,2.0,0.0,5.68,0.093,0.251,0.05,0.605,0.741,0.667,1.0,22.0,5.0,1.48,94.0,0.204,0.087,0.248,-0.36,0.71
EVT_00483,23.68618,86.40493,4,MINING_COAL_SEAM_FIRE,Jharia Coal Basin (Jharkhand),TRAIN,BCCL Coal Seam Fire Survey,0.98,20.48,330.77,316.45,845.1,89.07,14.32,11.34,2.0,0.0,6.0,0.005,0.141,0.05,0.804,0.764,0.688,1.0,22.0,5.0,-0.3,170.0,0.072,-0.01,0.545,-0.19,0.57
EVT_00484,23.73521,86.4237,4,MINING_COAL_SEAM_FIRE,Jharia Coal Basin (Jharkhand),TRAIN,BCCL Coal Seam Fire Survey,0.98,12.23,330.07,319.98,844.8,86.34,10.09,15.52,2.0,0.0,1.61,0.166,0.208,0.05,0.576,0.734,0.66,1.0,22.0,5.0,-1.95,176.0,0.241,0.192,0.545,-0.36,0.71
EVT_00485,23.73279,86.43661,4,MINING_COAL_SEAM_FIRE,Jharia Coal Basin (Jharkhand),TRAIN,BCCL Coal Seam Fire Survey,0.98,36.32,332.1,316.65,845.6,94.44,15.45,14.94,2.0,0.0,3.06,0.036,0.12,0.05,0.794,0.863,0.777,0.0,22.0,5.0,2.86,191.0,0.086,-0.06,0.546,-0.36,0.18
EVT_00486,23.80771,86.3724,4,MINING_COAL_SEAM_FIRE,Jharia Coal Basin (Jharkhand),TRAIN,BCCL Coal Seam Fire Survey,0.98,36.02,335.8,310.99,846.7,110.48,24.82,24.88,2.0,0.0,8.6,0.066,0.113,0.05,0.772,0.949,0.854,1.0,22.0,5.0,2.8,94.0,0.106,-0.038,0.547,-1.49,-0.18
EVT_00487,23.68749,86.38274,4,MINING_COAL_SEAM_FIRE,Jharia Coal Basin (Jharkhand),TRAIN,BCCL Coal Seam Fire Survey,0.98,37.39,339.76,319.54,847.6,129.86,20.21,12.84,2.0,0.0,6.57,0.0,0.27,0.05,0.742,0.732,0.659,0.0,22.0,5.0,3.08,146.0,0.139,-0.011,0.548,-0.19,0.57
EVT_00488,23.7503,86.46829,4,MINING_COAL_SEAM_FIRE,Jharia Coal Basin (Jharkhand),TRAIN,BCCL Coal Seam Fire Survey,0.98,27.42,326.57,319.5,843.0,73.52,7.08,16.57,2.0,0.0,6.57,0.032,0.146,0.05,0.773,0.771,0.694,1.0,22.0,5.0,1.08,129.0,0.097,-0.013,0.543,-0.36,0.18
EVT_00489,23.73492,86.39878,4,MINING_COAL_SEAM_FIRE,Jharia Coal Basin (Jharkhand),TRAIN,BCCL Coal Seam Fire Survey,0.98,21.22,326.64,315.61,843.0,73.75,11.04,16.38,2.0,0.0,1.37,0.0,0.235,0.05,0.723,0.74,0.666,1.0,22.0,5.0,-0.16,114.0,0.119,0.034,0.543,-0.36,0.71
EVT_00490,23.76227,86.35318,4,MINING_COAL_SEAM_FIRE,Jharia Coal Basin (Jharkhand),TRAIN,BCCL Coal Seam Fire Survey,0.98,15.41,333.6,315.73,846.1,100.73,17.86,21.3,2.0,0.0,6.77,0.0,0.184,0.05,0.844,0.879,0.791,0.0,22.0,5.0,-1.32,190.0,0.091,0.03,0.546,-1.49,-0.18
EVT_00491,30.3812,75.84015,3,AGRICULTURAL_CROP_BURNING,Sangrur & Patiala (Punjab),TRAIN,PRSC Stubble Burning Records,0.98,23.15,333.09,320.55,712.9,232.88,12.54,43.81,2.0,0.0,1022.49,0.01,0.956,0.031,0.014,0.071,0.063,1.0,8.0,3.0,5.05,4.0,0.528,0.435,0.413,-4.33,-2.3
EVT_00492,30.31672,75.83374,3,AGRICULTURAL_CROP_BURNING,Sangrur & Patiala (Punjab),TRAIN,PRSC Stubble Burning Records,0.98,7.8,328.43,315.68,844.0,80.14,12.75,39.92,2.0,0.0,1018.23,0.01,0.92,0.025,0.055,0.014,0.013,1.0,8.0,3.0,-0.07,5.0,0.509,0.478,0.544,-5.04,-1.64
EVT_00493,30.3655,75.87487,3,AGRICULTURAL_CROP_BURNING,Sangrur & Patiala (Punjab),TRAIN,PRSC Stubble Burning Records,0.98,16.32,324.24,315.63,841.5,65.71,8.6,41.37,2.0,0.0,1018.46,0.01,0.881,0.012,0.107,0.06,0.054,1.0,8.0,3.0,2.77,7.0,0.49,0.425,0.541,-5.04,-1.64
EVT_00494,30.38996,75.82452,3,AGRICULTURAL_CROP_BURNING,Sangrur & Patiala (Punjab),TRAIN,PRSC Stubble Burning Records,0.98,11.9,329.91,313.18,844.7,85.68,16.73,44.91,2.0,0.0,1024.43,0.01,0.915,0.031,0.054,0.014,0.012,1.0,8.0,3.0,1.3,6.0,0.505,0.458,0.545,-4.33,-2.3
EVT_00495,30.31269,75.84214,3,AGRICULTURAL_CROP_BURNING,Sangrur & Patiala (Punjab),TRAIN,PRSC Stubble Burning Records,0.98,22.38,330.56,315.51,845.0,88.22,15.05,39.6,2.0,0.0,1017.24,0.01,0.899,0.022,0.079,0.016,0.014,0.0,8.0,3.0,4.79,9.0,0.498,0.409,0.545,-5.04,-1.64
EVT_00496,30.3475,75.86536,3,AGRICULTURAL_CROP_BURNING,Sangrur & Patiala (Punjab),TRAIN,PRSC Stubble Burning Records,0.98,6.69,332.58,307.02,845.7,96.28,25.55,43.03,2.0,0.0,1017.91,0.01,0.979,0.018,0.004,0.053,0.047,1.0,8.0,3.0,-0.44,1.0,0.543,0.516,0.546,-5.04,-1.64
EVT_00497,30.38137,75.84074,3,AGRICULTURAL_CROP_BURNING,Sangrur & Patiala (Punjab),TRAIN,PRSC Stubble Burning Records,0.98,26.69,329.67,319.98,844.6,84.82,9.69,43.75,2.0,0.0,1022.45,0.01,0.925,0.018,0.056,0.014,0.013,1.0,8.0,3.0,6.23,4.0,0.513,0.407,0.545,-4.33,-2.3
EVT_00498,30.29236,75.86116,3,AGRICULTURAL_CROP_BURNING,Sangrur & Patiala (Punjab),TRAIN,PRSC Stubble Burning Records,0.98,27.97,326.62,307.71,843.0,73.6,18.91,37.72,2.0,0.0,1014.16,0.01,0.925,0.032,0.043,0.014,0.012,1.0,8.0,3.0,6.66,9.0,0.511,0.399,0.543,-4.64,-0.74
EVT_00499,30.33046,75.83363,3,AGRICULTURAL_CROP_BURNING,Sangrur & Patiala (Punjab),TRAIN,PRSC Stubble Burning Records,0.98,21.11,329.59,318.36,844.6,84.5,11.23,41.43,2.0,0.0,1019.26,0.01,0.971,0.01,0.019,0.038,0.034,1.0,8.0,3.0,4.37,1.0,0.54,0.456,0.545,-5.04,-1.64
EVT_00500,30.35159,75.85954,3,AGRICULTURAL_CROP_BURNING,Sangrur & Patiala (Punjab),TRAIN,PRSC Stubble Burning Records,0.98,21.6,339.28,312.07,847.5,127.31,27.21,43.34,2.0,0.0,1018.69,0.01,0.933,0.022,0.044,0.08,0.072,1.0,8.0,3.0,4.53,7.0,0.517,0.431,0.547,-5.04,-1.64
EVT_00501,30.34981,75.88125,3,AGRICULTURAL_CROP_BURNING,Sangrur & Patiala (Punjab),TRAIN,PRSC Stubble Burning Records,0.98,17.05,323.13,316.08,840.6,62.22,7.05,41.55,2.0,0.0,1016.77,0.01,0.947,0.014,0.039,0.059,0.053,1.0,8.0,3.0,3.02,9.0,0.526,0.458,0.541,-5.04,-1.64
EVT_00502,30.36089,75.85208,3,AGRICULTURAL_CROP_BURNING,Sangrur & Patiala (Punjab),TRAIN,PRSC Stubble Burning Records,0.98,16.33,329.69,313.29,527.4,1344.76,16.4,43.58,2.0,0.0,1020.0,0.01,0.904,0.017,0.079,0.066,0.059,1.0,8.0,3.0,2.78,4.0,0.502,0.437,0.227,-5.04,-1.64
EVT_00503,30.2899,75.84113,3,AGRICULTURAL_CROP_BURNING,Sangrur & Patiala (Punjab),TRAIN,PRSC Stubble Burning Records,0.98,27.21,315.48,316.37,500.0,911.2,-0.89,37.08,2.0,0.0,1015.64,0.01,0.967,0.017,0.015,0.05,0.045,1.0,8.0,3.0,6.4,7.0,0.537,0.428,0.2,-4.64,-0.74
EVT_00504,30.37726,75.83681,3,AGRICULTURAL_CROP_BURNING,Sangrur & Patiala (Punjab),TRAIN,PRSC Stubble Burning Records,0.98,7.15,324.46,320.38,841.6,66.44,4.08,44.26,2.0,0.0,1022.47,0.01,0.904,0.039,0.057,0.028,0.026,1.0,8.0,3.0,-0.28,9.0,0.498,0.469,0.542,-4.33,-2.3
EVT_00505,30.37658,75.82979,3,AGRICULTURAL_CROP_BURNING,Sangrur & Patiala (Punjab),TRAIN,PRSC Stubble Burning Records,0.98,11.7,329.7,315.97,583.6,663.75,13.73,44.92,2.0,0.0,1023.0,0.01,0.892,0.017,0.091,0.047,0.042,1.0,8.0,3.0,1.23,7.0,0.495,0.449,0.284,-4.33,-2.3
EVT_00506,30.36444,75.81892,3,AGRICULTURAL_CROP_BURNING,Sangrur & Patiala (Punjab),TRAIN,PRSC Stubble Burning Records,0.98,22.7,330.43,320.38,844.9,87.75,10.05,45.03,2.0,0.0,1022.99,0.01,0.904,0.03,0.065,0.047,0.042,1.0,8.0,3.0,4.9,1.0,0.499,0.409,0.545,-4.33,-2.3
EVT_00507,30.3766,75.89353,3,AGRICULTURAL_CROP_BURNING,Sangrur & Patiala (Punjab),TRAIN,PRSC Stubble Burning Records,0.98,5.54,331.31,311.56,845.3,91.17,19.75,39.23,2.0,0.0,1017.76,0.01,0.964,0.011,0.025,0.052,0.047,1.0,8.0,3.0,-0.82,2.0,0.536,0.514,0.545,-5.04,-1.64
EVT_00508,30.34513,75.88218,3,AGRICULTURAL_CROP_BURNING,Sangrur & Patiala (Punjab),TRAIN,PRSC Stubble Burning Records,0.98,26.88,327.79,312.64,500.0,1835.91,15.15,41.71,2.0,0.0,1016.35,0.01,0.942,0.026,0.032,0.015,0.014,0.0,8.0,3.0,6.29,1.0,0.521,0.414,0.2,-5.04,-1.64
EVT_00509,30.33662,75.81618,3,AGRICULTURAL_CROP_BURNING,Sangrur & Patiala (Punjab),TRAIN,PRSC Stubble Burning Records,0.98,13.87,326.27,311.28,842.8,72.44,14.99,41.93,2.0,0.0,1021.16,0.01,0.894,0.036,0.07,0.059,0.053,1.0,8.0,3.0,1.96,3.0,0.493,0.437,0.543,-5.04,-1.64
EVT_00510,30.34215,75.87574,3,AGRICULTURAL_CROP_BURNING,Sangrur & Patiala (Punjab),TRAIN,PRSC Stubble Burning Records,0.98,21.2,320.9,311.94,548.6,640.38,8.96,42.41,2.0,0.0,1016.65,0.01,0.958,0.036,0.006,0.035,0.032,1.0,8.0,3.0,4.4,9.0,0.528,0.443,0.249,-5.04,-1.64
EVT_00511,30.33567,75.87521,3,AGRICULTURAL_CROP_BURNING,Sangrur & Patiala (Punjab),TRAIN,PRSC Stubble Burning Records,0.98,5.46,324.36,318.51,647.9,262.81,5.85,42.71,2.0,0.0,1016.22,0.01,0.903,0.015,0.082,0.059,0.053,0.0,8.0,3.0,-0.85,4.0,0.502,0.48,0.348,-5.04,-1.64
EVT_00512,30.34422,75.87789,3,AGRICULTURAL_CROP_BURNING,Sangrur & Patiala (Punjab),TRAIN,PRSC Stubble Burning Records,0.98,14.99,335.7,324.0,846.7,110.17,11.71,42.12,2.0,0.0,1016.63,0.01,0.927,0.02,0.053,0.038,0.034,1.0,8.0,3.0,2.33,3.0,0.514,0.454,0.547,-5.04,-1.64
EVT_00513,30.38294,75.84672,3,AGRICULTURAL_CROP_BURNING,Sangrur & Patiala (Punjab),TRAIN,PRSC Stubble Burning Records,0.98,16.45,339.74,318.1,847.6,129.77,21.64,43.15,2.0,0.0,1022.08,0.01,0.91,0.038,0.052,0.014,0.012,1.0,8.0,3.0,2.82,7.0,0.501,0.435,0.548,-4.33,-2.3
EVT_00514,30.36208,75.81026,3,AGRICULTURAL_CROP_BURNING,Sangrur & Patiala (Punjab),TRAIN,PRSC Stubble Burning Records,0.98,17.3,329.61,311.44,844.6,84.53,18.18,44.7,2.0,0.0,1023.53,0.01,0.951,0.013,0.036,0.031,0.028,1.0,8.0,3.0,3.1,6.0,0.529,0.459,0.545,-4.33,-2.3
EVT_00515,30.37273,75.86036,3,AGRICULTURAL_CROP_BURNING,Sangrur & Patiala (Punjab),TRAIN,PRSC Stubble Burning Records,0.98,19.45,327.95,315.14,843.8,78.38,12.81,42.34,2.0,0.0,1020.2,0.01,0.907,0.034,0.059,0.068,0.062,1.0,8.0,3.0,3.82,4.0,0.5,0.422,0.544,-4.33,-2.3
EVT_00516,30.37506,75.82079,3,AGRICULTURAL_CROP_BURNING,Sangrur & Patiala (Punjab),TRAIN,PRSC Stubble Burning Records,0.98,10.36,320.52,313.97,838.2,54.42,6.55,45.79,2.0,0.0,1023.63,0.01,0.896,0.013,0.091,0.04,0.036,1.0,8.0,3.0,0.79,7.0,0.498,0.457,0.538,-4.33,-2.3
EVT_00517,30.26699,75.91147,3,AGRICULTURAL_CROP_BURNING,Sangrur & Patiala (Punjab),TRAIN,PRSC Stubble Burning Records,0.98,24.83,331.48,310.89,845.3,91.83,20.58,36.4,2.0,0.0,1008.12,0.01,0.894,0.018,0.089,0.068,0.061,1.0,8.0,3.0,5.61,7.0,0.496,0.397,0.545,-4.64,-0.74
EVT_00518,30.37016,75.83477,3,AGRICULTURAL_CROP_BURNING,Sangrur & Patiala (Punjab),TRAIN,PRSC Stubble Burning Records,0.98,21.05,335.61,315.48,500.0,2637.84,20.13,44.72,2.0,0.0,1022.11,0.01,0.944,0.02,0.036,0.018,0.016,1.0,8.0,3.0,4.35,6.0,0.523,0.439,0.2,-4.33,-2.3
EVT_00519,30.36123,75.83424,3,AGRICULTURAL_CROP_BURNING,Sangrur & Patiala (Punjab),TRAIN,PRSC Stubble Burning Records,0.98,27.39,333.82,316.05,846.2,101.68,17.77,44.84,2.0,0.0,1021.49,0.01,0.968,0.025,0.007,0.078,0.07,0.0,8.0,3.0,6.46,2.0,0.536,0.426,0.546,-5.04,-1.64
EVT_00520,30.29212,75.84926,3,AGRICULTURAL_CROP_BURNING,Sangrur & Patiala (Punjab),TRAIN,PRSC Stubble Burning Records,0.98,18.12,333.8,317.23,846.1,101.62,16.57,37.46,2.0,0.0,1015.13,0.01,0.966,0.024,0.01,0.025,0.022,0.0,8.0,3.0,3.37,5.0,0.535,0.462,0.546,-4.64,-0.74
EVT_00521,30.3257,75.78646,3,AGRICULTURAL_CROP_BURNING,Sangrur & Patiala (Punjab),TRAIN,PRSC Stubble Burning Records,0.98,25.93,329.0,316.14,585.1,630.95,12.86,40.55,2.0,0.0,1022.81,0.01,0.946,0.031,0.022,0.079,0.071,1.0,8.0,3.0,5.98,5.0,0.522,0.419,0.285,-4.47,-0.55
EVT_00522,30.31848,75.80035,3,AGRICULTURAL_CROP_BURNING,Sangrur & Patiala (Punjab),TRAIN,PRSC Stubble Burning Records,0.98,4.96,331.75,310.62,845.4,92.94,21.13,39.8,2.0,0.0,1021.13,0.01,0.978,0.025,0.0,0.052,0.047,1.0,8.0,3.0,-1.01,8.0,0.541,0.521,0.545,-4.47,-0.55
EVT_00523,30.36366,75.8613,3,AGRICULTURAL_CROP_BURNING,Sangrur & Patiala (Punjab),TRAIN,PRSC Stubble Burning Records,0.98,7.29,343.88,314.16,848.3,152.31,29.72,42.64,2.0,0.0,1019.44,0.01,0.935,0.016,0.049,0.076,0.068,1.0,8.0,3.0,-0.24,1.0,0.519,0.49,0.548,-5.04,-1.64
EVT_00524,30.36932,75.86381,3,AGRICULTURAL_CROP_BURNING,Sangrur & Patiala (Punjab),TRAIN,PRSC Stubble Burning Records,0.98,17.12,320.32,310.95,838.0,53.83,9.36,42.17,2.0,0.0,1019.66,0.01,0.899,0.016,0.086,0.016,0.015,1.0,8.0,3.0,3.04,6.0,0.499,0.431,0.538,-5.04,-1.64
EVT_00525,30.39024,75.85038,3,AGRICULTURAL_CROP_BURNING,Sangrur & Patiala (Punjab),TRAIN,PRSC Stubble Burning Records,0.98,11.84,336.34,315.15,846.9,113.02,21.18,42.55,2.0,0.0,1022.32,0.01,0.977,0.023,0.0,0.034,0.031,1.0,8.0,3.0,1.28,8.0,0.541,0.494,0.547,-4.33,-2.3
EVT_00526,30.37472,75.8225,3,AGRICULTURAL_CROP_BURNING,Sangrur & Patiala (Punjab),TRAIN,PRSC Stubble Burning Records,0.98,25.43,334.91,318.53,846.5,106.51,16.38,45.65,2.0,0.0,1023.46,0.01,0.948,0.036,0.017,0.058,0.052,1.0,8.0,3.0,5.81,2.0,0.522,0.421,0.546,-4.33,-2.3
EVT_00527,30.35376,75.85356,3,AGRICULTURAL_CROP_BURNING,Sangrur & Patiala (Punjab),TRAIN,PRSC Stubble Burning Records,0.98,18.84,331.62,319.14,845.4,92.48,12.48,43.77,2.0,0.0,1019.34,0.01,0.961,0.03,0.009,0.065,0.058,1.0,8.0,3.0,3.61,7.0,0.531,0.455,0.545,-5.04,-1.64
EVT_00528,30.37265,75.83986,3,AGRICULTURAL_CROP_BURNING,Sangrur & Patiala (Punjab),TRAIN,PRSC Stubble Burning Records,0.98,26.89,327.62,313.72,843.6,77.19,13.9,44.17,2.0,0.0,1021.88,0.01,0.898,0.017,0.085,0.025,0.022,1.0,8.0,3.0,6.3,7.0,0.499,0.391,0.544,-4.33,-2.3
EVT_00529,30.38024,75.83959,3,AGRICULTURAL_CROP_BURNING,Sangrur & Patiala (Punjab),TRAIN,PRSC Stubble Burning Records,0.98,22.22,327.7,312.51,843.6,77.44,15.19,43.9,2.0,0.0,1022.47,0.01,0.905,0.037,0.058,0.045,0.041,1.0,8.0,3.0,4.74,1.0,0.499,0.41,0.544,-4.33,-2.3
EVT_00530,30.28423,75.87258,3,AGRICULTURAL_CROP_BURNING,Sangrur & Patiala (Punjab),TRAIN,PRSC Stubble Burning Records,0.98,25.88,329.87,319.1,844.7,85.6,10.77,37.1,2.0,0.0,1012.61,0.01,0.978,0.037,0.0,0.075,0.067,0.0,8.0,3.0,5.96,2.0,0.539,0.435,0.545,-4.64,-0.74
EVT_00531,30.29171,75.8298,3,AGRICULTURAL_CROP_BURNING,Sangrur & Patiala (Punjab),TRAIN,PRSC Stubble Burning Records,0.98,26.74,328.92,315.08,844.2,81.94,13.84,37.12,2.0,0.0,1016.71,0.01,0.935,0.031,0.035,0.024,0.022,1.0,8.0,3.0,6.25,4.0,0.516,0.409,0.544,-5.04,-1.64
EVT_00532,30.35325,75.79179,3,AGRICULTURAL_CROP_BURNING,Sangrur & Patiala (Punjab),TRAIN,PRSC Stubble Burning Records,0.98,23.64,326.13,313.78,842.7,71.96,12.35,43.63,2.0,0.0,1024.41,0.01,0.96,0.014,0.026,0.033,0.03,1.0,8.0,3.0,5.21,3.0,0.533,0.439,0.543,-4.47,-0.55
EVT_00533,30.36219,75.80858,3,AGRICULTURAL_CROP_BURNING,Sangrur & Patiala (Punjab),TRAIN,PRSC Stubble Burning Records,0.98,19.74,327.56,318.3,843.6,77.01,9.26,44.7,2.0,0.0,1023.68,0.01,0.882,0.013,0.105,0.048,0.043,1.0,8.0,3.0,3.91,7.0,0.491,0.412,0.544,-4.33,-2.3
EVT_00534,30.34087,75.79665,3,AGRICULTURAL_CROP_BURNING,Sangrur & Patiala (Punjab),TRAIN,PRSC Stubble Burning Records,0.98,14.19,324.26,314.13,841.5,65.77,10.13,42.27,2.0,0.0,1023.09,0.01,0.979,0.031,0.0,0.034,0.031,0.0,8.0,3.0,2.06,1.0,0.54,0.484,0.541,-4.47,-0.55
EVT_00535,30.37599,75.81768,3,AGRICULTURAL_CROP_BURNING,Sangrur & Patiala (Punjab),TRAIN,PRSC Stubble Burning Records,0.98,25.84,331.08,312.79,845.2,90.28,18.3,46.03,2.0,0.0,1023.95,0.01,0.902,0.012,0.086,0.037,0.033,1.0,8.0,3.0,5.95,7.0,0.502,0.399,0.545,-4.33,-2.3
EVT_00536,30.31901,75.84567,3,AGRICULTURAL_CROP_BURNING,Sangrur & Patiala (Punjab),TRAIN,PRSC Stubble Burning Records,0.98,26.87,333.44,313.68,846.0,100.04,19.76,40.35,2.0,0.0,1017.42,0.01,0.887,0.018,0.095,0.027,0.024,1.0,8.0,3.0,6.29,4.0,0.492,0.385,0.546,-5.04,-1.64
EVT_00537,30.35815,75.86523,3,AGRICULTURAL_CROP_BURNING,Sangrur & Patiala (Punjab),TRAIN,PRSC Stubble Burning Records,0.98,21.27,325.21,317.49,842.1,68.88,7.71,42.55,2.0,0.0,1018.71,0.01,0.926,0.013,0.061,0.012,0.011,1.0,8.0,3.0,4.42,2.0,0.515,0.43,0.542,-5.04,-1.64
EVT_00538,30.37866,75.84553,3,AGRICULTURAL_CROP_BURNING,Sangrur & Patiala (Punjab),TRAIN,PRSC Stubble Burning Records,0.98,9.68,338.65,310.66,847.4,124.12,27.99,43.42,2.0,0.0,1021.86,0.01,0.894,0.039,0.067,0.016,0.014,1.0,8.0,3.0,0.56,5.0,0.492,0.453,0.547,-4.33,-2.3
EVT_00539,30.32913,75.82953,3,AGRICULTURAL_CROP_BURNING,Sangrur & Patiala (Punjab),TRAIN,PRSC Stubble Burning Records,0.98,13.08,334.04,311.66,846.2,102.62,22.38,41.24,2.0,0.0,1019.5,0.01,0.943,0.022,0.035,0.016,0.015,1.0,8.0,3.0,1.69,3.0,0.522,0.47,0.546,-5.04,-1.64
EVT_00540,30.33018,75.86911,3,AGRICULTURAL_CROP_BURNING,Sangrur & Patiala (Punjab),TRAIN,PRSC Stubble Burning Records,0.98,26.29,331.05,310.06,845.2,90.1,20.99,41.99,2.0,0.0,1016.31,0.01,0.897,0.021,0.082,0.045,0.04,1.0,8.0,3.0,6.1,8.0,0.497,0.392,0.545,-5.04,-1.64
EVT_00541,30.32852,75.84687,3,AGRICULTURAL_CROP_BURNING,Sangrur & Patiala (Punjab),TRAIN,PRSC Stubble Burning Records,0.98,27.91,332.73,305.31,845.8,96.89,27.42,41.41,2.0,0.0,1018.02,0.01,0.914,0.022,0.064,0.043,0.039,1.0,8.0,3.0,6.64,5.0,0.507,0.395,0.546,-5.04,-1.64
EVT_00542,30.31579,75.86927,3,AGRICULTURAL_CROP_BURNING,Sangrur & Patiala (Punjab),TRAIN,PRSC Stubble Burning Records,0.98,19.45,328.49,314.32,844.0,80.36,14.17,40.43,2.0,0.0,1015.23,0.01,0.968,0.039,0.0,0.029,0.026,1.0,8.0,3.0,3.82,8.0,0.533,0.455,0.544,-5.04,-1.64
EVT_00543,30.37149,75.80958,3,AGRICULTURAL_CROP_BURNING,Sangrur & Patiala (Punjab),TRAIN,PRSC Stubble Burning Records,0.98,4.46,323.87,319.15,841.2,64.54,4.72,45.74,2.0,0.0,1024.29,0.01,0.932,0.01,0.058,0.058,0.052,1.0,8.0,3.0,-1.18,3.0,0.519,0.501,0.541,-4.33,-2.3
EVT_00544,30.40792,75.81947,3,AGRICULTURAL_CROP_BURNING,Sangrur & Patiala (Punjab),TRAIN,PRSC Stubble Burning Records,0.98,9.59,338.34,312.35,500.0,2950.1,25.98,44.79,2.0,0.0,1026.18,0.01,0.904,0.029,0.067,0.067,0.06,1.0,8.0,3.0,0.53,8.0,0.5,0.461,0.2,-4.33,-2.3
EVT_00545,30.33925,75.88203,3,AGRICULTURAL_CROP_BURNING,Sangrur & Patiala (Punjab),TRAIN,PRSC Stubble Burning Records,0.98,20.06,333.0,312.42,500.0,2344.64,20.58,42.02,2.0,0.0,1015.92,0.01,0.886,0.037,0.077,0.041,0.037,1.0,8.0,3.0,4.02,2.0,0.488,0.408,0.2,-5.04,-1.64
EVT_00546,30.35243,75.90656,3,AGRICULTURAL_CROP_BURNING,Sangrur & Patiala (Punjab),TRAIN,PRSC Stubble Burning Records,0.98,10.98,324.68,313.33,500.0,1568.17,11.35,39.25,2.0,0.0,1014.89,0.01,0.939,0.032,0.029,0.071,0.064,1.0,8.0,3.0,0.99,8.0,0.518,0.474,0.2,-5.04,-1.64
EVT_00547,30.32484,75.84714,3,AGRICULTURAL_CROP_BURNING,Sangrur & Patiala (Punjab),TRAIN,PRSC Stubble Burning Records,0.98,23.96,326.48,310.81,842.9,73.14,15.66,41.01,2.0,0.0,1017.73,0.01,0.944,0.037,0.019,0.042,0.038,1.0,8.0,3.0,5.32,3.0,0.52,0.424,0.543,-5.04,-1.64
EVT_00548,30.30905,75.83492,3,AGRICULTURAL_CROP_BURNING,Sangrur & Patiala (Punjab),TRAIN,PRSC Stubble Burning Records,0.98,8.36,329.63,317.05,844.6,84.66,12.59,39.09,2.0,0.0,1017.57,0.01,0.921,0.038,0.042,0.031,0.028,0.0,8.0,3.0,0.12,4.0,0.507,0.474,0.545,-5.04,-1.64
EVT_00549,30.32754,75.89829,3,AGRICULTURAL_CROP_BURNING,Sangrur & Patiala (Punjab),TRAIN,PRSC Stubble Burning Records,0.98,27.63,325.72,314.14,842.5,70.57,11.58,41.29,2.0,0.0,1013.71,0.01,0.951,0.023,0.026,0.057,0.051,1.0,8.0,3.0,6.54,1.0,0.527,0.416,0.542,-5.04,-1.64
EVT_00550,30.36639,75.83929,3,AGRICULTURAL_CROP_BURNING,Sangrur & Patiala (Punjab),TRAIN,PRSC Stubble Burning Records,0.98,4.59,330.11,310.21,844.8,86.42,19.89,44.47,2.0,0.0,1021.46,0.01,0.953,0.031,0.016,0.038,0.035,1.0,8.0,3.0,-1.14,6.0,0.526,0.508,0.545,-4.33,-2.3
EVT_00551,30.3264,75.81396,3,AGRICULTURAL_CROP_BURNING,Sangrur & Patiala (Punjab),TRAIN,PRSC Stubble Burning Records,0.98,9.62,326.74,307.58,843.1,74.01,19.16,40.78,2.0,0.0,1020.58,0.01,0.914,0.01,0.076,0.011,0.01,1.0,8.0,3.0,0.54,3.0,0.509,0.47,0.543,-5.04,-1.64
EVT_00552,30.3833,75.85844,3,AGRICULTURAL_CROP_BURNING,Sangrur & Patiala (Punjab),TRAIN,PRSC Stubble Burning Records,0.98,22.96,329.05,313.21,844.3,82.4,15.84,42.08,2.0,0.0,1021.14,0.01,0.943,0.037,0.02,0.053,0.048,0.0,8.0,3.0,4.99,3.0,0.519,0.428,0.544,-4.33,-2.3
EVT_00553,30.31632,75.85139,3,AGRICULTURAL_CROP_BURNING,Sangrur & Patiala (Punjab),TRAIN,PRSC Stubble Burning Records,0.98,4.89,330.32,309.45,844.9,87.22,20.87,40.15,2.0,0.0,1016.74,0.01,0.914,0.016,0.069,0.016,0.014,1.0,8.0,3.0,-1.04,8.0,0.508,0.488,0.545,-5.04,-1.64
EVT_00554,30.33075,75.86134,3,AGRICULTURAL_CROP_BURNING,Sangrur & Patiala (Punjab),TRAIN,PRSC Stubble Burning Records,0.98,7.55,332.47,314.18,500.0,2293.41,18.3,41.9,2.0,0.0,1016.99,0.01,0.918,0.039,0.043,0.076,0.068,0.0,8.0,3.0,-0.15,1.0,0.505,0.475,0.2,-5.04,-1.64
EVT_00555,30.32623,75.78636,3,AGRICULTURAL_CROP_BURNING,Sangrur & Patiala (Punjab),TRAIN,PRSC Stubble Burning Records,0.98,16.06,330.13,315.43,844.8,86.57,14.71,40.61,2.0,0.0,1022.86,0.01,0.885,0.028,0.087,0.028,0.025,1.0,8.0,3.0,2.69,3.0,0.489,0.425,0.545,-4.47,-0.55
EVT_00556,30.36329,75.83536,3,AGRICULTURAL_CROP_BURNING,Sangrur & Patiala (Punjab),TRAIN,PRSC Stubble Burning Records,0.98,23.64,331.42,316.14,845.3,91.65,15.28,44.95,2.0,0.0,1021.55,0.01,0.957,0.025,0.019,0.057,0.051,0.0,8.0,3.0,5.21,9.0,0.53,0.435,0.545,-5.04,-1.64
EVT_00557,30.36424,75.80633,3,AGRICULTURAL_CROP_BURNING,Sangrur & Patiala (Punjab),TRAIN,PRSC Stubble Burning Records,0.98,18.71,330.67,313.53,845.0,88.66,17.15,44.92,2.0,0.0,1024.02,0.01,0.938,0.018,0.044,0.021,0.019,1.0,8.0,3.0,3.57,5.0,0.52,0.446,0.545,-4.33,-2.3
EVT_00558,30.37157,75.84607,3,AGRICULTURAL_CROP_BURNING,Sangrur & Patiala (Punjab),TRAIN,PRSC Stubble Burning Records,0.98,24.79,333.34,310.67,546.8,1225.7,22.67,43.66,2.0,0.0,1021.29,0.01,0.906,0.019,0.075,0.046,0.042,1.0,8.0,3.0,5.6,2.0,0.503,0.404,0.247,-4.33,-2.3
EVT_00559,30.35401,75.84633,3,AGRICULTURAL_CROP_BURNING,Sangrur & Patiala (Punjab),TRAIN,PRSC Stubble Burning Records,0.98,6.45,329.5,310.78,844.5,84.08,18.72,44.2,2.0,0.0,1019.96,0.01,0.95,0.013,0.037,0.011,0.01,1.0,8.0,3.0,-0.52,2.0,0.528,0.502,0.544,-5.04,-1.64
EVT_00560,30.31768,75.79944,3,AGRICULTURAL_CROP_BURNING,Sangrur & Patiala (Punjab),TRAIN,PRSC Stubble Burning Records,0.98,13.24,333.55,316.47,846.1,100.53,17.08,39.71,2.0,0.0,1021.14,0.01,0.923,0.015,0.062,0.039,0.035,0.0,8.0,3.0,1.75,7.0,0.513,0.46,0.546,-4.47,-0.55
EVT_00561,30.38603,75.86788,3,AGRICULTURAL_CROP_BURNING,Sangrur & Patiala (Punjab),TRAIN,PRSC Stubble Burning Records,0.98,23.55,330.08,310.1,844.8,86.29,19.98,41.13,2.0,0.0,1020.57,0.01,0.916,0.026,0.058,0.076,0.068,1.0,8.0,3.0,5.18,1.0,0.507,0.413,0.545,-4.33,-2.3
EVT_00562,30.39677,75.8533,3,AGRICULTURAL_CROP_BURNING,Sangrur & Patiala (Punjab),TRAIN,PRSC Stubble Burning Records,0.98,12.13,335.42,311.74,571.6,986.93,23.67,42.05,2.0,0.0,1022.57,0.01,0.913,0.025,0.062,0.014,0.012,1.0,8.0,3.0,1.38,9.0,0.505,0.457,0.272,-4.33,-2.3
EVT_00563,30.29731,75.85465,3,AGRICULTURAL_CROP_BURNING,Sangrur & Patiala (Punjab),TRAIN,PRSC Stubble Burning Records,0.98,12.02,329.67,319.82,844.6,84.8,9.85,38.13,2.0,0.0,1015.07,0.01,0.891,0.033,0.076,0.017,0.016,1.0,8.0,3.0,1.34,5.0,0.492,0.444,0.545,-5.04,-1.64
EVT_00564,30.34297,75.79604,3,AGRICULTURAL_CROP_BURNING,Sangrur & Patiala (Punjab),TRAIN,PRSC Stubble Burning Records,0.98,25.06,333.32,309.94,561.1,1020.86,23.38,42.5,2.0,0.0,1023.29,0.01,0.925,0.039,0.036,0.03,0.027,0.0,8.0,3.0,5.69,3.0,0.509,0.409,0.261,-4.47,-0.55
EVT_00565,30.30116,75.81522,3,AGRICULTURAL_CROP_BURNING,Sangrur & Patiala (Punjab),TRAIN,PRSC Stubble Burning Records,0.98,22.23,328.69,307.62,844.1,81.0,21.07,37.99,2.0,0.0,1018.62,0.01,0.922,0.033,0.045,0.024,0.022,1.0,8.0,3.0,4.74,6.0,0.509,0.42,0.544,-4.3,-0.15
EVT_00566,30.37648,75.77301,3,AGRICULTURAL_CROP_BURNING,Sangrur & Patiala (Punjab),TRAIN,PRSC Stubble Burning Records,0.98,5.25,333.3,310.78,500.0,2371.9,22.51,46.19,2.0,0.0,1027.68,0.01,0.898,0.035,0.067,0.07,0.063,0.0,8.0,3.0,-0.92,6.0,0.495,0.474,0.2,-4.52,-1.3
EVT_00567,30.30426,75.82954,3,AGRICULTURAL_CROP_BURNING,Sangrur & Patiala (Punjab),TRAIN,PRSC Stubble Burning Records,0.98,16.46,325.11,310.33,842.1,68.51,14.78,38.49,2.0,0.0,1017.66,0.01,0.974,0.039,0.0,0.026,0.024,0.0,8.0,3.0,2.82,8.0,0.536,0.47,0.542,-5.04,-1.64
EVT_00568,30.37381,75.83304,3,AGRICULTURAL_CROP_BURNING,Sangrur & Patiala (Punjab),TRAIN,PRSC Stubble Burning Records,0.98,20.86,321.46,315.33,653.5,212.85,6.13,44.73,2.0,0.0,1022.53,0.01,0.953,0.026,0.021,0.056,0.051,1.0,8.0,3.0,4.29,4.0,0.527,0.444,0.353,-4.33,-2.3
EVT_00569,30.34238,75.83418,3,AGRICULTURAL_CROP_BURNING,Sangrur & Patiala (Punjab),TRAIN,PRSC Stubble Burning Records,0.98,24.77,335.49,312.48,500.0,2616.28,23.01,42.76,2.0,0.0,1020.1,0.01,0.895,0.019,0.086,0.052,0.047,1.0,8.0,3.0,5.59,3.0,0.497,0.398,0.2,-5.04,-1.64
EVT_00570,30.39728,75.81712,3,AGRICULTURAL_CROP_BURNING,Sangrur & Patiala (Punjab),TRAIN,PRSC Stubble Burning Records,0.98,4.43,325.97,314.3,842.6,71.42,11.67,45.34,2.0,0.0,1025.58,0.01,0.891,0.035,0.073,0.017,0.015,1.0,8.0,3.0,-1.19,2.0,0.491,0.474,0.543,-4.33,-2.3
EVT_00571,30.27809,75.92236,3,AGRICULTURAL_CROP_BURNING,Sangrur & Patiala (Punjab),TRAIN,PRSC Stubble Burning Records,0.98,6.29,331.61,312.09,845.4,92.37,19.52,37.93,2.0,0.0,1008.05,0.01,0.975,0.027,0.0,0.012,0.011,1.0,8.0,3.0,-0.57,9.0,0.539,0.514,0.545,-4.64,-0.74
EVT_00572,30.32772,75.84199,3,AGRICULTURAL_CROP_BURNING,Sangrur & Patiala (Punjab),TRAIN,PRSC Stubble Burning Records,0.98,24.07,326.61,315.66,843.0,73.65,10.95,41.25,2.0,0.0,1018.36,0.01,0.953,0.037,0.01,0.021,0.019,1.0,8.0,3.0,5.36,2.0,0.525,0.429,0.543,-5.04,-1.64
EVT_00573,30.3472,75.81539,3,AGRICULTURAL_CROP_BURNING,Sangrur & Patiala (Punjab),TRAIN,PRSC Stubble Burning Records,0.98,19.59,331.56,308.47,845.4,92.12,23.09,43.09,2.0,0.0,1022.01,0.01,0.885,0.035,0.079,0.031,0.028,1.0,8.0,3.0,3.86,1.0,0.488,0.41,0.545,-5.04,-1.64
EVT_00574,30.45769,75.8876,3,AGRICULTURAL_CROP_BURNING,Sangrur & Patiala (Punjab),TRAIN,PRSC Stubble Burning Records,0.98,8.74,323.78,314.93,841.1,64.23,8.85,37.19,2.0,0.0,1024.33,0.01,0.93,0.013,0.057,0.032,0.029,1.0,8.0,3.0,0.25,1.0,0.517,0.482,0.541,-1.99,-2.37
EVT_00575,30.3012,75.81918,3,AGRICULTURAL_CROP_BURNING,Sangrur & Patiala (Punjab),TRAIN,PRSC Stubble Burning Records,0.98,6.22,328.89,312.5,500.0,1936.91,16.39,38.04,2.0,0.0,1018.29,0.01,0.974,0.031,0.0,0.017,0.015,0.0,8.0,3.0,-0.59,8.0,0.538,0.513,0.2,-5.04,-1.64
EVT_00576,30.33366,75.81808,3,AGRICULTURAL_CROP_BURNING,Sangrur & Patiala (Punjab),TRAIN,PRSC Stubble Burning Records,0.98,5.74,327.88,316.0,843.7,78.13,11.88,41.62,2.0,0.0,1020.78,0.01,0.932,0.018,0.05,0.059,0.053,1.0,8.0,3.0,-0.75,2.0,0.517,0.494,0.544,-5.04,-1.64
EVT_00577,30.2805,75.83386,3,AGRICULTURAL_CROP_BURNING,Sangrur & Patiala (Punjab),TRAIN,PRSC Stubble Burning Records,0.98,25.33,333.29,318.18,846.0,99.44,15.11,35.94,2.0,0.0,1015.55,0.01,0.957,0.034,0.009,0.058,0.053,1.0,8.0,3.0,5.78,4.0,0.528,0.426,0.546,-4.64,-0.74
EVT_00578,30.33628,75.80438,3,AGRICULTURAL_CROP_BURNING,Sangrur & Patiala (Punjab),TRAIN,PRSC Stubble Burning Records,0.98,23.16,324.86,312.51,841.9,67.72,12.36,41.8,2.0,0.0,1022.11,0.01,0.891,0.029,0.081,0.06,0.054,0.0,8.0,3.0,5.05,7.0,0.492,0.4,0.542,-4.47,-0.55
EVT_00579,30.33186,75.88638,3,AGRICULTURAL_CROP_BURNING,Sangrur & Patiala (Punjab),TRAIN,PRSC Stubble Burning Records,0.98,17.3,334.14,314.63,846.3,103.05,19.5,42.04,2.0,0.0,1015.01,0.01,0.896,0.021,0.083,0.022,0.02,1.0,8.0,3.0,3.1,4.0,0.497,0.428,0.546,-5.04,-1.64
EVT_00580,30.28565,75.7926,3,AGRICULTURAL_CROP_BURNING,Sangrur & Patiala (Punjab),TRAIN,PRSC Stubble Burning Records,0.98,9.31,324.42,316.6,841.6,66.29,7.81,36.12,2.0,0.0,1019.35,0.01,0.941,0.015,0.044,0.061,0.055,1.0,8.0,3.0,0.44,3.0,0.523,0.486,0.542,-4.3,-0.15
EVT_00581,30.37285,75.87087,3,AGRICULTURAL_CROP_BURNING,Sangrur & Patiala (Punjab),TRAIN,PRSC Stubble Burning Records,0.98,8.18,329.63,310.57,844.6,84.56,19.06,41.4,2.0,0.0,1019.34,0.01,0.935,0.029,0.036,0.034,0.03,0.0,8.0,3.0,0.06,4.0,0.517,0.484,0.545,-5.04,-1.64
EVT_00582,30.38393,75.8565,3,AGRICULTURAL_CROP_BURNING,Sangrur & Patiala (Punjab),TRAIN,PRSC Stubble Burning Records,0.98,24.44,328.16,312.9,843.9,79.14,15.26,42.23,2.0,0.0,1021.35,0.01,0.885,0.036,0.079,0.021,0.019,1.0,8.0,3.0,5.48,2.0,0.488,0.39,0.544,-4.33,-2.3
EVT_00583,30.37526,75.82995,3,AGRICULTURAL_CROP_BURNING,Sangrur & Patiala (Punjab),TRAIN,PRSC Stubble Burning Records,0.98,19.95,330.85,315.76,845.1,89.4,15.09,44.96,2.0,0.0,1022.89,0.01,0.958,0.029,0.014,0.042,0.038,1.0,8.0,3.0,3.98,7.0,0.529,0.45,0.545,-4.33,-2.3
EVT_00584,30.38749,75.85146,3,AGRICULTURAL_CROP_BURNING,Sangrur & Patiala (Punjab),TRAIN,PRSC Stubble Burning Records,0.98,16.21,336.93,314.75,549.0,1396.01,22.18,42.55,2.0,0.0,1022.03,0.01,0.894,0.013,0.093,0.014,0.013,1.0,8.0,3.0,2.74,8.0,0.497,0.432,0.249,-4.33,-2.3
EVT_00585,30.32016,75.84255,3,AGRICULTURAL_CROP_BURNING,Sangrur & Patiala (Punjab),TRAIN,PRSC Stubble Burning Records,0.98,27.15,335.31,310.58,500.0,2590.29,24.73,40.42,2.0,0.0,1017.76,0.01,0.968,0.021,0.011,0.06,0.054,1.0,8.0,3.0,6.38,2.0,0.536,0.428,0.2,-5.04,-1.64
EVT_00586,30.35776,75.82559,3,AGRICULTURAL_CROP_BURNING,Sangrur & Patiala (Punjab),TRAIN,PRSC Stubble Burning Records,0.98,14.62,335.17,311.25,846.6,107.6,23.92,44.36,2.0,0.0,1021.95,0.01,0.937,0.025,0.038,0.044,0.04,1.0,8.0,3.0,2.21,6.0,0.519,0.46,0.547,-5.04,-1.64
EVT_00587,30.38805,75.85103,3,AGRICULTURAL_CROP_BURNING,Sangrur & Patiala (Punjab),TRAIN,PRSC Stubble Burning Records,0.98,21.48,329.79,318.01,844.7,85.27,11.79,42.57,2.0,0.0,1022.11,0.01,0.952,0.027,0.02,0.032,0.029,1.0,8.0,3.0,4.49,1.0,0.526,0.44,0.545,-4.33,-2.3
EVT_00588,30.34226,75.84243,3,AGRICULTURAL_CROP_BURNING,Sangrur & Patiala (Punjab),TRAIN,PRSC Stubble Burning Records,0.98,17.1,330.96,323.57,845.1,89.89,7.39,42.85,2.0,0.0,1019.41,0.01,0.975,0.022,0.003,0.035,0.032,0.0,8.0,3.0,3.03,9.0,0.54,0.472,0.545,-5.04,-1.64
EVT_00589,30.32699,75.83829,3,AGRICULTURAL_CROP_BURNING,Sangrur & Patiala (Punjab),TRAIN,PRSC Stubble Burning Records,0.98,9.83,333.56,326.45,846.1,100.65,7.11,41.11,2.0,0.0,1018.62,0.01,0.956,0.037,0.007,0.062,0.056,0.0,8.0,3.0,0.61,8.0,0.527,0.487,0.546,-5.04,-1.64
EVT_00590,30.32449,75.85065,3,AGRICULTURAL_CROP_BURNING,Sangrur & Patiala (Punjab),TRAIN,PRSC Stubble Burning Records,0.98,23.34,335.62,319.71,502.1,2563.39,15.91,41.03,2.0,0.0,1017.41,0.01,0.94,0.031,0.029,0.068,0.061,1.0,8.0,3.0,5.11,8.0,0.519,0.426,0.202,-5.04,-1.64
EVT_00591,30.35031,75.83168,3,AGRICULTURAL_CROP_BURNING,Sangrur & Patiala (Punjab),TRAIN,PRSC Stubble Burning Records,0.98,26.1,330.38,311.95,844.9,87.5,18.43,43.6,2.0,0.0,1020.89,0.01,0.972,0.019,0.009,0.078,0.07,1.0,8.0,3.0,6.03,9.0,0.539,0.435,0.545,-5.04,-1.64
EVT_00592,30.3667,75.82606,3,AGRICULTURAL_CROP_BURNING,Sangrur & Patiala (Punjab),TRAIN,PRSC Stubble Burning Records,0.98,19.11,330.46,317.59,844.9,87.86,12.87,45.35,2.0,0.0,1022.57,0.01,0.93,0.035,0.035,0.028,0.025,1.0,8.0,3.0,3.7,8.0,0.513,0.436,0.545,-4.33,-2.3
EVT_00593,30.30674,75.8839,3,AGRICULTURAL_CROP_BURNING,Sangrur & Patiala (Punjab),TRAIN,PRSC Stubble Burning Records,0.98,27.23,333.66,316.15,846.1,100.99,17.5,39.79,2.0,0.0,1013.35,0.01,0.945,0.037,0.019,0.072,0.065,1.0,8.0,3.0,6.41,9.0,0.521,0.412,0.546,-5.04,-1.64
EVT_00594,30.35219,75.90112,3,AGRICULTURAL_CROP_BURNING,Sangrur & Patiala (Punjab),TRAIN,PRSC Stubble Burning Records,0.98,19.57,328.67,318.83,844.1,81.06,9.84,39.73,2.0,0.0,1015.31,0.01,0.979,0.018,0.003,0.061,0.055,1.0,8.0,3.0,3.86,1.0,0.543,0.465,0.544,-5.04,-1.64
EVT_00595,30.27739,75.83923,3,AGRICULTURAL_CROP_BURNING,Sangrur & Patiala (Punjab),TRAIN,PRSC Stubble Burning Records,0.98,20.42,335.61,313.25,501.4,2575.58,22.36,35.68,2.0,0.0,1014.87,0.01,0.976,0.03,0.0,0.072,0.065,1.0,8.0,3.0,4.14,4.0,0.539,0.457,0.201,-4.64,-0.74
EVT_00596,30.33481,75.84072,3,AGRICULTURAL_CROP_BURNING,Sangrur & Patiala (Punjab),TRAIN,PRSC Stubble Burning Records,0.98,21.95,321.64,311.13,839.3,57.66,10.51,42.01,2.0,0.0,1019.0,0.01,0.92,0.016,0.064,0.025,0.022,1.0,8.0,3.0,4.65,7.0,0.511,0.423,0.539,-5.04,-1.64
EVT_00597,30.28343,75.79625,3,AGRICULTURAL_CROP_BURNING,Sangrur & Patiala (Punjab),TRAIN,PRSC Stubble Burning Records,0.98,16.12,330.71,314.91,845.0,88.84,15.81,35.89,2.0,0.0,1018.88,0.01,0.914,0.028,0.059,0.079,0.071,1.0,8.0,3.0,2.71,3.0,0.505,0.441,0.545,-4.3,-0.15
EVT_00598,30.36027,75.82228,3,AGRICULTURAL_CROP_BURNING,Sangrur & Patiala (Punjab),TRAIN,PRSC Stubble Burning Records,0.98,15.83,336.52,311.93,846.9,113.8,24.58,44.6,2.0,0.0,1022.41,0.01,0.929,0.012,0.059,0.023,0.02,1.0,8.0,3.0,2.61,8.0,0.517,0.453,0.547,-5.04,-1.64
EVT_00599,30.4041,75.87845,3,AGRICULTURAL_CROP_BURNING,Sangrur & Patiala (Punjab),TRAIN,PRSC Stubble Burning Records,0.98,24.98,332.39,313.49,845.7,95.6,18.9,39.5,2.0,0.0,1021.06,0.01,0.952,0.011,0.037,0.06,0.054,1.0,8.0,3.0,5.66,8.0,0.53,0.43,0.546,-4.33,-2.3
EVT_00600,30.38347,75.92136,3,AGRICULTURAL_CROP_BURNING,Sangrur & Patiala (Punjab),TRAIN,PRSC Stubble Burning Records,0.98,5.53,329.91,316.02,844.7,85.73,13.89,36.48,2.0,0.0,1016.0,0.01,0.889,0.011,0.1,0.049,0.044,1.0,8.0,3.0,-0.82,7.0,0.495,0.473,0.545,-3.73,-2.52
EVT_00601,30.43863,75.83927,3,AGRICULTURAL_CROP_BURNING,Sangrur & Patiala (Punjab),TRAIN,PRSC Stubble Burning Records,0.98,9.53,330.63,313.0,845.0,88.49,17.63,42.14,2.0,0.0,1026.85,0.01,0.975,0.025,0.001,0.058,0.052,1.0,8.0,3.0,0.51,1.0,0.539,0.501,0.545,-4.33,-2.3
EVT_00602,30.3777,75.85592,3,AGRICULTURAL_CROP_BURNING,Sangrur & Patiala (Punjab),TRAIN,PRSC Stubble Burning Records,0.98,26.72,323.44,310.85,500.0,1465.51,12.59,42.53,2.0,0.0,1020.93,0.01,0.96,0.026,0.014,0.061,0.055,1.0,8.0,3.0,6.24,6.0,0.531,0.424,0.2,-4.33,-2.3
EVT_00603,30.39381,75.86589,3,AGRICULTURAL_CROP_BURNING,Sangrur & Patiala (Punjab),TRAIN,PRSC Stubble Burning Records,0.98,21.99,333.64,322.86,846.1,100.98,10.78,41.01,2.0,0.0,1021.32,0.01,0.942,0.01,0.047,0.061,0.055,1.0,8.0,3.0,4.66,5.0,0.524,0.436,0.546,-4.33,-2.3
EVT_00604,30.3486,75.79085,3,AGRICULTURAL_CROP_BURNING,Sangrur & Patiala (Punjab),TRAIN,PRSC Stubble Burning Records,0.98,14.18,329.33,316.08,844.4,83.49,13.25,43.11,2.0,0.0,1024.14,0.01,0.921,0.017,0.062,0.06,0.054,1.0,8.0,3.0,2.06,7.0,0.511,0.455,0.544,-4.47,-0.55
EVT_00605,30.34098,75.83756,3,AGRICULTURAL_CROP_BURNING,Sangrur & Patiala (Punjab),TRAIN,PRSC Stubble Burning Records,0.98,8.83,333.45,311.27,846.0,100.02,22.18,42.64,2.0,0.0,1019.71,0.01,0.888,0.034,0.077,0.016,0.014,1.0,8.0,3.0,0.28,9.0,0.49,0.454,0.546,-5.04,-1.64
EVT_00606,30.35524,75.84342,3,AGRICULTURAL_CROP_BURNING,Sangrur & Patiala (Punjab),TRAIN,PRSC Stubble Burning Records,0.98,5.26,332.18,317.38,845.6,94.77,14.8,44.29,2.0,0.0,1020.29,0.01,0.889,0.036,0.075,0.065,0.058,1.0,8.0,3.0,-0.91,7.0,0.49,0.469,0.546,-5.04,-1.64
EVT_00607,30.39719,75.86492,3,AGRICULTURAL_CROP_BURNING,Sangrur & Patiala (Punjab),TRAIN,PRSC Stubble Burning Records,0.98,21.69,330.93,308.2,845.1,89.59,22.73,40.98,2.0,0.0,1021.65,0.01,0.887,0.04,0.073,0.054,0.049,1.0,8.0,3.0,4.56,7.0,0.488,0.401,0.545,-4.33,-2.3
EVT_00608,30.38619,75.82574,3,AGRICULTURAL_CROP_BURNING,Sangrur & Patiala (Punjab),TRAIN,PRSC Stubble Burning Records,0.98,26.23,334.54,314.49,846.4,104.83,20.05,44.93,2.0,0.0,1024.05,0.01,0.967,0.025,0.008,0.011,0.01,0.0,8.0,3.0,6.08,7.0,0.535,0.43,0.546,-4.33,-2.3
EVT_00609,30.35473,75.83033,3,AGRICULTURAL_CROP_BURNING,Sangrur & Patiala (Punjab),TRAIN,PRSC Stubble Burning Records,0.98,17.41,331.6,314.34,845.4,92.38,17.27,44.07,2.0,0.0,1021.33,0.01,0.889,0.027,0.085,0.034,0.03,1.0,8.0,3.0,3.14,9.0,0.492,0.422,0.545,-5.04,-1.64
EVT_00610,30.30913,75.84032,3,AGRICULTURAL_CROP_BURNING,Sangrur & Patiala (Punjab),TRAIN,PRSC Stubble Burning Records,0.98,16.52,320.35,311.3,838.0,53.92,9.04,39.18,2.0,0.0,1017.13,0.01,0.883,0.019,0.099,0.051,0.046,0.0,8.0,3.0,2.84,2.0,0.49,0.424,0.538,-5.04,-1.64
EVT_00611,30.37201,75.82749,3,AGRICULTURAL_CROP_BURNING,Sangrur & Patiala (Punjab),TRAIN,PRSC Stubble Burning Records,0.98,13.68,338.45,319.87,847.4,123.27,18.58,45.3,2.0,0.0,1022.85,0.01,0.95,0.027,0.023,0.057,0.052,0.0,8.0,3.0,1.89,6.0,0.525,0.471,0.547,-4.33,-2.3
EVT_00612,30.30444,75.77514,3,AGRICULTURAL_CROP_BURNING,Sangrur & Patiala (Punjab),TRAIN,PRSC Stubble Burning Records,0.98,5.88,329.38,314.06,500.0,1985.28,15.31,38.18,2.0,0.0,1022.18,0.01,0.907,0.021,0.072,0.072,0.065,0.0,8.0,3.0,-0.71,8.0,0.503,0.479,0.2,-4.47,-0.55
EVT_00613,30.38471,75.84627,3,AGRICULTURAL_CROP_BURNING,Sangrur & Patiala (Punjab),TRAIN,PRSC Stubble Burning Records,0.98,13.85,331.27,311.51,845.3,91.02,19.76,43.12,2.0,0.0,1022.25,0.01,0.925,0.019,0.056,0.043,0.039,0.0,8.0,3.0,1.95,9.0,0.513,0.458,0.545,-4.33,-2.3
EVT_00614,30.38603,75.82821,3,AGRICULTURAL_CROP_BURNING,Sangrur & Patiala (Punjab),TRAIN,PRSC Stubble Burning Records,0.98,6.82,325.77,317.7,592.3,496.22,8.07,44.71,2.0,0.0,1023.83,0.01,0.925,0.027,0.049,0.028,0.025,1.0,8.0,3.0,-0.39,1.0,0.512,0.484,0.292,-4.33,-2.3
EVT_00615,30.25938,75.91218,3,AGRICULTURAL_CROP_BURNING,Sangrur & Patiala (Punjab),TRAIN,PRSC Stubble Burning Records,0.98,25.59,333.77,311.71,846.1,101.41,22.05,35.64,2.0,0.0,1007.5,0.01,0.905,0.011,0.084,0.065,0.058,0.0,8.0,3.0,5.86,9.0,0.504,0.401,0.546,-4.64,-0.74
EVT_00616,30.36018,75.82225,3,AGRICULTURAL_CROP_BURNING,Sangrur & Patiala (Punjab),TRAIN,PRSC Stubble Burning Records,0.98,16.04,327.43,309.2,519.7,1340.57,18.23,44.59,2.0,0.0,1022.4,0.01,0.929,0.026,0.045,0.061,0.055,0.0,8.0,3.0,2.68,6.0,0.514,0.45,0.22,-5.04,-1.64
EVT_00617,30.33499,75.85455,3,AGRICULTURAL_CROP_BURNING,Sangrur & Patiala (Punjab),TRAIN,PRSC Stubble Burning Records,0.98,17.34,333.0,317.83,500.0,2355.8,15.17,42.24,2.0,0.0,1017.87,0.01,0.935,0.038,0.027,0.059,0.053,1.0,8.0,3.0,3.11,4.0,0.515,0.445,0.2,-5.04,-1.64
EVT_00618,30.42816,75.80894,3,AGRICULTURAL_CROP_BURNING,Sangrur & Patiala (Punjab),TRAIN,PRSC Stubble Burning Records,0.98,20.26,327.13,307.98,500.0,1769.61,19.16,45.23,2.0,0.0,1028.56,0.01,0.969,0.018,0.012,0.026,0.023,1.0,8.0,3.0,4.09,6.0,0.538,0.456,0.2,-4.33,-2.3
EVT_00619,30.38071,75.83311,3,AGRICULTURAL_CROP_BURNING,Sangrur & Patiala (Punjab),TRAIN,PRSC Stubble Burning Records,0.98,24.62,331.55,316.64,845.4,92.19,14.9,44.46,2.0,0.0,1023.03,0.01,0.921,0.023,0.056,0.016,0.015,1.0,8.0,3.0,5.54,4.0,0.51,0.412,0.545,-4.33,-2.3
EVT_00620,30.37215,75.92952,3,AGRICULTURAL_CROP_BURNING,Sangrur & Patiala (Punjab),TRAIN,PRSC Stubble Burning Records,0.98,12.62,332.18,320.69,845.6,94.79,11.49,36.3,2.0,0.0,1014.48,0.01,0.911,0.012,0.077,0.067,0.06,1.0,8.0,3.0,1.54,7.0,0.507,0.456,0.546,-3.73,-2.52
EVT_00621,30.34436,75.86315,3,AGRICULTURAL_CROP_BURNING,Sangrur & Patiala (Punjab),TRAIN,PRSC Stubble Burning Records,0.98,19.51,326.65,317.56,843.0,73.77,9.09,43.38,2.0,0.0,1017.85,0.01,0.966,0.029,0.005,0.071,0.064,0.0,8.0,3.0,3.84,7.0,0.534,0.456,0.543,-5.04,-1.64
EVT_00622,30.36263,75.78361,3,AGRICULTURAL_CROP_BURNING,Sangrur & Patiala (Punjab),TRAIN,PRSC Stubble Burning Records,0.98,9.6,340.57,315.5,847.8,134.06,25.07,44.65,2.0,0.0,1025.78,0.01,0.933,0.022,0.045,0.071,0.063,1.0,8.0,3.0,0.53,5.0,0.517,0.479,0.548,-4.47,-0.55
EVT_00623,30.38645,75.79936,3,AGRICULTURAL_CROP_BURNING,Sangrur & Patiala (Punjab),TRAIN,PRSC Stubble Burning Records,0.98,23.27,333.03,311.63,552.2,1126.9,21.39,47.32,2.0,0.0,1026.24,0.01,0.916,0.028,0.056,0.039,0.035,1.0,8.0,3.0,5.09,3.0,0.506,0.413,0.252,-4.33,-2.3
EVT_00624,30.29685,75.80805,3,AGRICULTURAL_CROP_BURNING,Sangrur & Patiala (Punjab),TRAIN,PRSC Stubble Burning Records,0.98,24.43,327.59,308.39,843.6,77.03,19.21,37.46,2.0,0.0,1018.89,0.01,0.946,0.037,0.017,0.066,0.059,1.0,8.0,3.0,5.48,3.0,0.521,0.423,0.544,-4.3,-0.15
EVT_00625,30.3427,75.82906,3,AGRICULTURAL_CROP_BURNING,Sangrur & Patiala (Punjab),TRAIN,PRSC Stubble Burning Records,0.98,24.57,334.29,316.21,846.3,103.75,18.08,42.73,2.0,0.0,1020.54,0.01,0.927,0.028,0.045,0.039,0.035,0.0,8.0,3.0,5.52,7.0,0.512,0.414,0.546,-5.04,-1.64
EVT_00626,30.39899,75.85283,3,AGRICULTURAL_CROP_BURNING,Sangrur & Patiala (Punjab),TRAIN,PRSC Stubble Burning Records,0.98,24.59,330.18,312.62,844.8,86.71,17.55,42.02,2.0,0.0,1022.77,0.01,0.922,0.015,0.064,0.043,0.039,0.0,8.0,3.0,5.53,9.0,0.512,0.414,0.545,-4.33,-2.3
EVT_00627,30.39372,75.87443,3,AGRICULTURAL_CROP_BURNING,Sangrur & Patiala (Punjab),TRAIN,PRSC Stubble Burning Records,0.98,22.34,324.39,313.27,500.0,1544.39,11.12,40.24,2.0,0.0,1020.61,0.01,0.928,0.04,0.032,0.065,0.059,1.0,8.0,3.0,4.78,7.0,0.511,0.421,0.2,-4.33,-2.3
EVT_00628,30.33188,75.84762,3,AGRICULTURAL_CROP_BURNING,Sangrur & Patiala (Punjab),TRAIN,PRSC Stubble Burning Records,0.98,11.3,332.38,307.01,845.7,95.46,25.37,41.79,2.0,0.0,1018.21,0.01,0.898,0.015,0.087,0.016,0.014,0.0,8.0,3.0,1.1,9.0,0.499,0.454,0.546,-5.04,-1.64
EVT_00629,30.3475,75.86979,3,AGRICULTURAL_CROP_BURNING,Sangrur & Patiala (Punjab),TRAIN,PRSC Stubble Burning Records,0.98,18.44,330.73,311.41,845.0,88.85,19.32,42.65,2.0,0.0,1017.54,0.01,0.903,0.036,0.06,0.015,0.013,1.0,8.0,3.0,3.48,4.0,0.498,0.424,0.545,-5.04,-1.64
EVT_00630,30.32393,75.82844,3,AGRICULTURAL_CROP_BURNING,Sangrur & Patiala (Punjab),TRAIN,PRSC Stubble Burning Records,0.98,7.95,331.68,317.66,845.4,92.74,14.02,40.65,2.0,0.0,1019.2,0.01,0.925,0.04,0.035,0.04,0.036,1.0,8.0,3.0,-0.02,5.0,0.509,0.477,0.545,-5.04,-1.64
EVT_00631,30.34445,75.82296,3,AGRICULTURAL_CROP_BURNING,Sangrur & Patiala (Punjab),TRAIN,PRSC Stubble Burning Records,0.98,11.58,333.1,299.67,845.9,98.32,33.43,42.86,2.0,0.0,1021.18,0.01,0.974,0.036,0.0,0.061,0.055,1.0,8.0,3.0,1.19,9.0,0.537,0.49,0.546,-5.04,-1.64
EVT_00632,30.28006,75.89012,3,AGRICULTURAL_CROP_BURNING,Sangrur & Patiala (Punjab),TRAIN,PRSC Stubble Burning Records,0.98,6.56,325.94,312.56,842.6,71.33,13.39,37.11,2.0,0.0,1010.86,0.01,0.911,0.013,0.076,0.058,0.052,1.0,8.0,3.0,-0.48,7.0,0.507,0.48,0.543,-4.64,-0.74
EVT_00633,30.32585,75.84146,3,AGRICULTURAL_CROP_BURNING,Sangrur & Patiala (Punjab),TRAIN,PRSC Stubble Burning Records,0.98,15.14,328.82,312.69,844.2,81.55,16.13,41.03,2.0,0.0,1018.27,0.01,0.923,0.02,0.057,0.04,0.036,1.0,8.0,3.0,2.38,9.0,0.512,0.451,0.544,-5.04,-1.64
EVT_00634,30.38752,75.81487,3,AGRICULTURAL_CROP_BURNING,Sangrur & Patiala (Punjab),TRAIN,PRSC Stubble Burning Records,0.98,7.14,329.44,319.77,844.5,83.95,9.68,45.87,2.0,0.0,1025.04,0.01,0.94,0.034,0.026,0.026,0.024,1.0,8.0,3.0,-0.29,9.0,0.518,0.49,0.544,-4.33,-2.3
EVT_00635,30.37635,75.86875,3,AGRICULTURAL_CROP_BURNING,Sangrur & Patiala (Punjab),TRAIN,PRSC Stubble Burning Records,0.98,27.09,324.67,314.2,555.3,723.5,10.47,41.44,2.0,0.0,1019.78,0.01,0.912,0.038,0.05,0.03,0.027,1.0,8.0,3.0,6.36,5.0,0.502,0.394,0.255,-4.33,-2.3
EVT_00636,30.30514,75.78411,3,AGRICULTURAL_CROP_BURNING,Sangrur & Patiala (Punjab),TRAIN,PRSC Stubble Burning Records,0.98,10.93,331.55,311.13,845.4,92.14,20.42,38.26,2.0,0.0,1021.49,0.01,0.892,0.013,0.095,0.051,0.046,1.0,8.0,3.0,0.98,2.0,0.496,0.452,0.545,-4.47,-0.55
EVT_00637,30.30343,75.76377,3,AGRICULTURAL_CROP_BURNING,Sangrur & Patiala (Punjab),TRAIN,PRSC Stubble Burning Records,0.98,9.44,326.5,314.65,843.0,73.26,11.86,38.09,2.0,0.0,1023.06,0.01,0.882,0.02,0.098,0.075,0.068,1.0,8.0,3.0,0.48,3.0,0.489,0.452,0.543,-4.47,-0.55
EVT_00638,30.30061,75.86811,3,AGRICULTURAL_CROP_BURNING,Sangrur & Patiala (Punjab),TRAIN,PRSC Stubble Burning Records,0.98,5.73,331.2,316.93,845.2,90.78,14.27,38.76,2.0,0.0,1014.2,0.01,0.9,0.031,0.068,0.074,0.066,1.0,8.0,3.0,-0.76,9.0,0.497,0.474,0.545,-5.04,-1.64
EVT_00639,30.31002,75.80178,3,AGRICULTURAL_CROP_BURNING,Sangrur & Patiala (Punjab),TRAIN,PRSC Stubble Burning Records,0.98,14.26,327.66,311.24,843.6,77.3,16.42,38.87,2.0,0.0,1020.38,0.01,0.966,0.023,0.011,0.061,0.055,1.0,8.0,3.0,2.09,2.0,0.535,0.478,0.544,-4.47,-0.55
EVT_00640,30.33157,75.82167,3,AGRICULTURAL_CROP_BURNING,Sangrur & Patiala (Punjab),TRAIN,PRSC Stubble Burning Records,0.98,22.41,326.18,317.5,842.8,72.16,8.67,41.42,2.0,0.0,1020.33,0.01,0.965,0.01,0.024,0.024,0.022,1.0,8.0,3.0,4.8,3.0,0.537,0.447,0.543,-5.04,-1.64
EVT_00641,30.34784,75.88302,3,AGRICULTURAL_CROP_BURNING,Sangrur & Patiala (Punjab),TRAIN,PRSC Stubble Burning Records,0.98,15.45,330.71,322.53,845.0,88.9,8.19,41.5,2.0,0.0,1016.48,0.01,0.97,0.034,0.0,0.068,0.062,1.0,8.0,3.0,2.48,1.0,0.535,0.473,0.545,-5.04,-1.64
EVT_00642,30.29902,75.82524,3,AGRICULTURAL_CROP_BURNING,Sangrur & Patiala (Punjab),TRAIN,PRSC Stubble Burning Records,0.98,5.26,323.43,317.17,591.6,442.77,6.26,37.86,2.0,0.0,1017.63,0.01,0.918,0.037,0.045,0.026,0.024,1.0,8.0,3.0,-0.91,3.0,0.506,0.485,0.292,-5.04,-1.64
EVT_00643,30.3573,75.86099,3,AGRICULTURAL_CROP_BURNING,Sangrur & Patiala (Punjab),TRAIN,PRSC Stubble Burning Records,0.98,20.14,336.84,311.42,555.5,1276.54,25.43,42.96,2.0,0.0,1019.0,0.01,0.965,0.036,0.0,0.047,0.042,0.0,8.0,3.0,4.05,5.0,0.532,0.451,0.256,-5.04,-1.64
EVT_00644,30.4205,75.86231,3,AGRICULTURAL_CROP_BURNING,Sangrur & Patiala (Punjab),TRAIN,PRSC Stubble Burning Records,0.98,21.33,322.63,310.82,840.2,60.63,11.81,40.46,2.0,0.0,1023.61,0.01,0.923,0.014,0.063,0.07,0.063,1.0,8.0,3.0,4.44,7.0,0.513,0.428,0.54,-4.33,-2.3
EVT_00645,30.34872,75.86309,3,AGRICULTURAL_CROP_BURNING,Sangrur & Patiala (Punjab),TRAIN,PRSC Stubble Burning Records,0.98,15.95,335.45,311.01,500.0,2607.46,24.44,43.17,2.0,0.0,1018.18,0.01,0.934,0.01,0.056,0.032,0.029,1.0,8.0,3.0,2.65,1.0,0.52,0.456,0.2,-5.04,-1.64
EVT_00646,30.3432,75.82613,3,AGRICULTURAL_CROP_BURNING,Sangrur & Patiala (Punjab),TRAIN,PRSC Stubble Burning Records,0.98,25.8,326.66,317.02,843.0,73.83,9.64,42.75,2.0,0.0,1020.82,0.01,0.916,0.026,0.058,0.017,0.015,1.0,8.0,3.0,5.93,4.0,0.507,0.404,0.543,-5.04,-1.64
EVT_00647,30.39145,75.87627,3,AGRICULTURAL_CROP_BURNING,Sangrur & Patiala (Punjab),TRAIN,PRSC Stubble Burning Records,0.98,13.59,330.21,316.39,844.8,86.86,13.81,40.16,2.0,0.0,1020.29,0.01,0.964,0.021,0.015,0.077,0.069,1.0,8.0,3.0,1.86,7.0,0.534,0.48,0.545,-4.33,-2.3
EVT_00648,30.33674,75.91289,3,AGRICULTURAL_CROP_BURNING,Sangrur & Patiala (Punjab),TRAIN,PRSC Stubble Burning Records,0.98,5.46,332.15,308.9,845.6,94.56,23.26,39.56,2.0,0.0,1013.19,0.01,0.915,0.014,0.071,0.039,0.035,1.0,8.0,3.0,-0.85,9.0,0.509,0.487,0.546,-5.04,-1.64
EVT_00649,30.35364,75.91212,3,AGRICULTURAL_CROP_BURNING,Sangrur & Patiala (Punjab),TRAIN,PRSC Stubble Burning Records,0.98,11.82,325.59,319.29,505.4,1520.59,6.3,38.72,2.0,0.0,1014.52,0.01,0.96,0.021,0.018,0.043,0.039,1.0,8.0,3.0,1.27,9.0,0.532,0.485,0.205,-5.04,-1.64
EVT_00650,30.36206,75.85416,3,AGRICULTURAL_CROP_BURNING,Sangrur & Patiala (Punjab),TRAIN,PRSC Stubble Burning Records,0.98,7.83,336.64,309.85,500.0,2739.71,26.79,43.34,2.0,0.0,1019.91,0.01,0.971,0.02,0.008,0.073,0.065,1.0,8.0,3.0,-0.06,2.0,0.538,0.507,0.2,-5.04,-1.64
EVT_00651,30.33529,75.84388,3,AGRICULTURAL_CROP_BURNING,Sangrur & Patiala (Punjab),TRAIN,PRSC Stubble Burning Records,0.98,22.4,332.21,312.33,845.6,94.83,19.88,42.11,2.0,0.0,1018.77,0.01,0.964,0.013,0.023,0.035,0.031,1.0,8.0,3.0,4.8,3.0,0.536,0.446,0.546,-5.04,-1.64
EVT_00652,30.30991,75.86806,3,AGRICULTURAL_CROP_BURNING,Sangrur & Patiala (Punjab),TRAIN,PRSC Stubble Burning Records,0.98,4.51,337.75,317.16,847.2,119.76,20.59,39.77,2.0,0.0,1014.89,0.01,0.969,0.017,0.014,0.013,0.011,1.0,8.0,3.0,-1.16,3.0,0.538,0.52,0.547,-5.04,-1.64
EVT_00653,30.31956,75.8784,3,AGRICULTURAL_CROP_BURNING,Sangrur & Patiala (Punjab),TRAIN,PRSC Stubble Burning Records,0.98,13.64,332.16,317.09,845.6,94.69,15.07,41.04,2.0,0.0,1014.75,0.01,0.918,0.015,0.067,0.015,0.014,1.0,8.0,3.0,1.88,4.0,0.51,0.456,0.546,-5.04,-1.64
EVT_00654,30.30686,75.87334,3,AGRICULTURAL_CROP_BURNING,Sangrur & Patiala (Punjab),TRAIN,PRSC Stubble Burning Records,0.98,14.7,338.45,320.68,847.4,123.25,17.77,39.55,2.0,0.0,1014.23,0.01,0.966,0.018,0.016,0.069,0.062,1.0,8.0,3.0,2.23,5.0,0.536,0.477,0.547,-5.04,-1.64
EVT_00655,30.3558,75.93119,3,AGRICULTURAL_CROP_BURNING,Sangrur & Patiala (Punjab),TRAIN,PRSC Stubble Burning Records,0.98,22.84,331.15,311.94,845.2,90.53,19.21,36.99,2.0,0.0,1013.12,0.01,0.963,0.019,0.018,0.066,0.059,0.0,8.0,3.0,4.95,8.0,0.534,0.443,0.545,-4.71,-2.2
EVT_00656,30.28884,75.83132,3,AGRICULTURAL_CROP_BURNING,Sangrur & Patiala (Punjab),TRAIN,PRSC Stubble Burning Records,0.98,14.92,334.97,313.63,846.5,106.76,21.35,36.82,2.0,0.0,1016.37,0.01,0.974,0.026,0.0,0.049,0.044,1.0,8.0,3.0,2.31,9.0,0.539,0.479,0.546,-4.64,-0.74
EVT_00657,30.38807,75.86421,3,AGRICULTURAL_CROP_BURNING,Sangrur & Patiala (Punjab),TRAIN,PRSC Stubble Burning Records,0.98,4.82,331.37,310.01,845.3,91.37,21.36,41.38,2.0,0.0,1021.03,0.01,0.932,0.01,0.057,0.045,0.04,0.0,8.0,3.0,-1.06,3.0,0.519,0.5,0.545,-4.33,-2.3
EVT_00658,30.37255,75.81945,3,AGRICULTURAL_CROP_BURNING,Sangrur & Patiala (Punjab),TRAIN,PRSC Stubble Burning Records,0.98,4.22,330.97,318.1,845.1,89.89,12.88,45.94,2.0,0.0,1023.55,0.01,0.945,0.011,0.045,0.028,0.025,1.0,8.0,3.0,-1.26,2.0,0.526,0.509,0.545,-4.33,-2.3
EVT_00659,30.39152,75.89391,3,AGRICULTURAL_CROP_BURNING,Sangrur & Patiala (Punjab),TRAIN,PRSC Stubble Burning Records,0.98,6.18,327.23,312.98,843.4,75.8,14.25,38.58,2.0,0.0,1018.85,0.01,0.884,0.019,0.096,0.075,0.067,1.0,8.0,3.0,-0.61,1.0,0.491,0.466,0.543,-4.33,-2.3
EVT_00660,30.38188,75.82305,3,AGRICULTURAL_CROP_BURNING,Sangrur & Patiala (Punjab),TRAIN,PRSC Stubble Burning Records,0.98,27.23,323.58,317.53,841.0,63.61,6.05,45.33,2.0,0.0,1023.95,0.01,0.941,0.018,0.041,0.033,0.029,1.0,8.0,3.0,6.41,7.0,0.522,0.413,0.541,-4.33,-2.3
EVT_00661,30.36702,75.82861,3,AGRICULTURAL_CROP_BURNING,Sangrur & Patiala (Punjab),TRAIN,PRSC Stubble Burning Records,0.98,26.04,338.1,311.53,500.0,2918.22,26.57,45.4,2.0,0.0,1022.39,0.01,0.959,0.019,0.022,0.039,0.035,0.0,8.0,3.0,6.01,4.0,0.532,0.428,0.2,-4.33,-2.3
EVT_00662,30.32698,75.85196,3,AGRICULTURAL_CROP_BURNING,Sangrur & Patiala (Punjab),TRAIN,PRSC Stubble Burning Records,0.98,22.82,329.77,320.22,844.6,85.2,9.55,41.32,2.0,0.0,1017.49,0.01,0.887,0.018,0.095,0.051,0.046,0.0,8.0,3.0,4.94,1.0,0.492,0.401,0.545,-5.04,-1.64
EVT_00663,30.36366,75.83461,3,AGRICULTURAL_CROP_BURNING,Sangrur & Patiala (Punjab),TRAIN,PRSC Stubble Burning Records,0.98,20.11,328.4,306.88,844.0,79.93,21.52,45.0,2.0,0.0,1021.64,0.01,0.9,0.04,0.061,0.021,0.019,1.0,8.0,3.0,4.04,9.0,0.495,0.415,0.544,-5.04,-1.64
EVT_00664,30.38014,75.86597,3,AGRICULTURAL_CROP_BURNING,Sangrur & Patiala (Punjab),TRAIN,PRSC Stubble Burning Records,0.98,17.72,328.09,322.43,843.8,78.94,5.66,41.53,2.0,0.0,1020.29,0.01,0.969,0.025,0.006,0.013,0.012,1.0,8.0,3.0,3.24,8.0,0.536,0.465,0.544,-4.33,-2.3
EVT_00665,30.34216,75.8229,3,AGRICULTURAL_CROP_BURNING,Sangrur & Patiala (Punjab),TRAIN,PRSC Stubble Burning Records,0.98,10.73,323.94,316.9,500.0,1511.46,7.04,42.6,2.0,0.0,1021.01,0.01,0.932,0.024,0.044,0.067,0.061,1.0,8.0,3.0,0.91,3.0,0.516,0.473,0.2,-5.04,-1.64
EVT_00666,30.37662,75.779,3,AGRICULTURAL_CROP_BURNING,Sangrur & Patiala (Punjab),TRAIN,PRSC Stubble Burning Records,0.98,19.1,326.96,320.27,843.2,74.89,6.69,46.2,2.0,0.0,1027.19,0.01,0.966,0.024,0.01,0.059,0.053,1.0,8.0,3.0,3.7,5.0,0.535,0.458,0.543,-4.52,-1.3
EVT_00667,30.31935,75.8118,3,AGRICULTURAL_CROP_BURNING,Sangrur & Patiala (Punjab),TRAIN,PRSC Stubble Burning Records,0.98,13.08,335.05,313.82,846.5,107.11,21.23,39.98,2.0,0.0,1020.24,0.01,0.926,0.022,0.052,0.062,0.056,0.0,8.0,3.0,1.69,8.0,0.513,0.461,0.546,-5.04,-1.64
EVT_00668,30.33586,75.81211,3,AGRICULTURAL_CROP_BURNING,Sangrur & Patiala (Punjab),TRAIN,PRSC Stubble Burning Records,0.98,15.31,315.68,306.45,831.9,41.65,9.23,41.81,2.0,0.0,1021.44,0.01,0.941,0.027,0.033,0.022,0.02,0.0,8.0,3.0,2.44,6.0,0.52,0.459,0.532,-5.04,-1.64
EVT_00669,30.39494,75.71614,3,AGRICULTURAL_CROP_BURNING,Sangrur & Patiala (Punjab),TRAIN,PRSC Stubble Burning Records,0.98,17.0,332.26,312.13,845.6,95.03,20.12,48.59,2.0,0.0,1033.75,0.01,0.907,0.032,0.061,0.019,0.017,1.0,8.0,3.0,3.0,8.0,0.501,0.433,0.546,-4.52,-1.3
EVT_00670,30.38128,75.85134,3,AGRICULTURAL_CROP_BURNING,Sangrur & Patiala (Punjab),TRAIN,PRSC Stubble Burning Records,0.98,14.53,329.58,306.49,844.6,84.33,23.09,42.8,2.0,0.0,1021.58,0.01,0.926,0.015,0.059,0.063,0.057,1.0,8.0,3.0,2.18,7.0,0.515,0.456,0.545,-4.33,-2.3
EVT_00671,30.35239,75.77887,3,AGRICULTURAL_CROP_BURNING,Sangrur & Patiala (Punjab),TRAIN,PRSC Stubble Burning Records,0.98,17.58,331.66,309.81,845.4,92.55,21.85,43.51,2.0,0.0,1025.41,0.01,0.977,0.023,0.0,0.06,0.054,1.0,8.0,3.0,3.19,9.0,0.541,0.471,0.545,-4.47,-0.55
EVT_00672,30.36742,75.84152,3,AGRICULTURAL_CROP_BURNING,Sangrur & Patiala (Punjab),TRAIN,PRSC Stubble Burning Records,0.98,17.11,333.1,312.3,513.5,1920.47,20.8,44.23,2.0,0.0,1021.35,0.01,0.924,0.011,0.064,0.05,0.045,1.0,8.0,3.0,3.04,1.0,0.514,0.446,0.213,-4.33,-2.3
EVT_00673,30.27932,75.85921,3,AGRICULTURAL_CROP_BURNING,Sangrur & Patiala (Punjab),TRAIN,PRSC Stubble Burning Records,0.98,24.85,341.76,311.79,848.0,140.33,29.97,36.26,2.0,0.0,1013.36,0.01,0.958,0.011,0.031,0.056,0.051,1.0,8.0,3.0,5.62,8.0,0.533,0.433,0.548,-4.64,-0.74
EVT_00674,30.40656,75.86891,3,AGRICULTURAL_CROP_BURNING,Sangrur & Patiala (Punjab),TRAIN,PRSC Stubble Burning Records,0.98,8.06,343.81,307.79,848.3,151.72,36.03,40.29,2.0,0.0,1022.02,0.01,0.973,0.029,0.0,0.033,0.029,1.0,8.0,3.0,0.02,2.0,0.538,0.505,0.548,-4.33,-2.3
EVT_00675,30.29908,75.81825,3,AGRICULTURAL_CROP_BURNING,Sangrur & Patiala (Punjab),TRAIN,PRSC Stubble Burning Records,0.98,13.81,334.99,311.81,846.5,106.78,23.18,37.79,2.0,0.0,1018.21,0.01,0.899,0.022,0.079,0.033,0.03,1.0,8.0,3.0,1.94,5.0,0.498,0.443,0.546,-5.04,-1.64
EVT_00676,30.27271,75.83193,3,AGRICULTURAL_CROP_BURNING,Sangrur & Patiala (Punjab),TRAIN,PRSC Stubble Burning Records,0.98,19.4,330.68,313.79,845.0,88.69,16.89,35.05,2.0,0.0,1015.13,0.01,0.946,0.023,0.031,0.012,0.01,1.0,8.0,3.0,3.8,2.0,0.524,0.446,0.545,-4.64,-0.74
EVT_00677,30.33563,75.84508,3,AGRICULTURAL_CROP_BURNING,Sangrur & Patiala (Punjab),TRAIN,PRSC Stubble Burning Records,0.98,24.56,336.52,314.44,846.9,113.84,22.08,42.16,2.0,0.0,1018.7,0.01,0.964,0.032,0.004,0.075,0.067,1.0,8.0,3.0,5.52,8.0,0.532,0.434,0.547,-5.04,-1.64
EVT_00678,30.30643,75.83907,3,AGRICULTURAL_CROP_BURNING,Sangrur & Patiala (Punjab),TRAIN,PRSC Stubble Burning Records,0.98,19.35,318.65,313.16,836.1,49.27,5.49,38.86,2.0,0.0,1017.03,0.01,0.917,0.03,0.053,0.019,0.017,1.0,8.0,3.0,3.78,4.0,0.507,0.429,0.536,-5.04,-1.64
EVT_00679,30.3457,75.83244,3,AGRICULTURAL_CROP_BURNING,Sangrur & Patiala (Punjab),TRAIN,PRSC Stubble Burning Records,0.98,13.66,329.15,321.32,844.4,82.84,7.82,43.1,2.0,0.0,1020.49,0.01,0.91,0.021,0.069,0.021,0.019,1.0,8.0,3.0,1.89,1.0,0.505,0.45,0.544,-5.04,-1.64
EVT_00680,30.35375,75.82884,3,AGRICULTURAL_CROP_BURNING,Sangrur & Patiala (Punjab),TRAIN,PRSC Stubble Burning Records,0.98,9.9,333.13,313.68,500.0,2361.41,19.45,43.95,2.0,0.0,1021.38,0.01,0.899,0.016,0.084,0.047,0.043,1.0,8.0,3.0,0.63,3.0,0.499,0.46,0.2,-5.04,-1.64
EVT_00681,30.32253,75.86104,3,AGRICULTURAL_CROP_BURNING,Sangrur & Patiala (Punjab),TRAIN,PRSC Stubble Burning Records,0.98,24.68,322.95,315.46,840.5,61.63,7.49,41.0,2.0,0.0,1016.41,0.01,0.903,0.011,0.085,0.076,0.068,1.0,8.0,3.0,5.56,5.0,0.503,0.404,0.54,-5.04,-1.64
EVT_00682,30.37972,75.79539,3,AGRICULTURAL_CROP_BURNING,Sangrur & Patiala (Punjab),TRAIN,PRSC Stubble Burning Records,0.98,13.51,333.39,314.21,846.0,99.84,19.19,46.58,2.0,0.0,1026.07,0.01,0.925,0.024,0.05,0.059,0.053,1.0,8.0,3.0,1.84,3.0,0.512,0.458,0.546,-4.33,-2.3
EVT_00683,30.36041,75.84488,3,AGRICULTURAL_CROP_BURNING,Sangrur & Patiala (Punjab),TRAIN,PRSC Stubble Burning Records,0.98,15.91,328.58,313.58,844.1,80.66,15.0,44.23,2.0,0.0,1020.55,0.01,0.948,0.015,0.037,0.048,0.043,0.0,8.0,3.0,2.64,4.0,0.527,0.463,0.544,-5.04,-1.64
EVT_00684,30.38458,75.87638,3,AGRICULTURAL_CROP_BURNING,Sangrur & Patiala (Punjab),TRAIN,PRSC Stubble Burning Records,0.98,19.71,326.12,310.41,842.7,71.89,15.7,40.42,2.0,0.0,1019.76,0.01,0.917,0.025,0.058,0.037,0.034,0.0,8.0,3.0,3.9,8.0,0.508,0.429,0.543,-4.33,-2.3
EVT_00685,30.30481,75.8515,3,AGRICULTURAL_CROP_BURNING,Sangrur & Patiala (Punjab),TRAIN,PRSC Stubble Burning Records,0.98,19.2,331.46,316.69,845.3,91.83,14.77,38.89,2.0,0.0,1015.88,0.01,0.906,0.015,0.079,0.017,0.015,1.0,8.0,3.0,3.73,9.0,0.504,0.427,0.545,-5.04,-1.64
EVT_00686,30.30394,75.81462,3,AGRICULTURAL_CROP_BURNING,Sangrur & Patiala (Punjab),TRAIN,PRSC Stubble Burning Records,0.98,16.04,335.73,318.57,738.7,216.1,17.16,38.3,2.0,0.0,1018.87,0.01,0.949,0.02,0.031,0.064,0.058,1.0,8.0,3.0,2.68,2.0,0.526,0.462,0.439,-5.04,-1.64
EVT_00687,30.32911,75.78139,3,AGRICULTURAL_CROP_BURNING,Sangrur & Patiala (Punjab),TRAIN,PRSC Stubble Burning Records,0.98,23.45,329.45,314.14,844.5,83.95,15.32,40.92,2.0,0.0,1023.48,0.01,0.893,0.011,0.097,0.048,0.043,1.0,8.0,3.0,5.15,3.0,0.497,0.403,0.544,-4.47,-0.55
EVT_00688,30.31081,75.87742,3,AGRICULTURAL_CROP_BURNING,Sangrur & Patiala (Punjab),TRAIN,PRSC Stubble Burning Records,0.98,15.26,324.87,315.48,841.9,67.76,9.39,40.07,2.0,0.0,1014.18,0.01,0.93,0.02,0.05,0.045,0.041,1.0,8.0,3.0,2.42,4.0,0.516,0.455,0.542,-5.04,-1.64
EVT_00689,30.28185,75.80871,3,AGRICULTURAL_CROP_BURNING,Sangrur & Patiala (Punjab),TRAIN,PRSC Stubble Burning Records,0.98,20.51,320.35,314.64,838.1,53.95,5.71,35.8,2.0,0.0,1017.73,0.01,0.889,0.031,0.08,0.07,0.063,1.0,8.0,3.0,4.17,1.0,0.491,0.409,0.538,-4.3,-0.15
EVT_00690,30.37143,75.80575,3,AGRICULTURAL_CROP_BURNING,Sangrur & Patiala (Punjab),TRAIN,PRSC Stubble Burning Records,0.98,15.26,323.09,306.81,840.6,62.02,16.28,45.71,2.0,0.0,1024.6,0.01,0.886,0.037,0.078,0.036,0.032,0.0,8.0,3.0,2.42,3.0,0.488,0.427,0.541,-4.33,-2.3
EVT_00691,21.82586,86.35442,2,NATURAL_FOREST_WILDFIRE,Similipal Tiger Reserve (Odisha),TRAIN,FSI Wildfire Incident Database,0.98,137.2,339.5,311.56,847.6,128.39,27.94,103.93,2.0,0.0,212.56,0.883,0.086,0.01,0.031,0.104,0.094,1.0,25.0,10.0,11.22,4.0,0.769,0.221,0.548,-1.79,-7.18
EVT_00692,21.87172,86.29864,2,NATURAL_FOREST_WILDFIRE,Similipal Tiger Reserve (Odisha),TRAIN,FSI Wildfire Incident Database,0.98,123.49,329.76,324.14,844.6,85.19,5.62,98.39,2.0,0.0,207.75,0.943,0.029,0.01,0.028,0.076,0.068,0.0,25.0,10.0,9.85,6.0,0.787,0.293,0.545,-4.67,-1.79
EVT_00693,21.85644,86.36384,2,NATURAL_FOREST_WILDFIRE,Similipal Tiger Reserve (Odisha),TRAIN,FSI Wildfire Incident Database,0.98,46.75,341.71,328.19,848.0,140.36,13.52,100.65,2.0,0.0,209.14,0.883,0.087,0.01,0.03,0.049,0.044,1.0,25.0,10.0,2.17,5.0,0.77,0.583,0.548,-1.79,-7.18
EVT_00694,21.78069,86.31772,2,NATURAL_FOREST_WILDFIRE,Similipal Tiger Reserve (Odisha),TRAIN,FSI Wildfire Incident Database,0.98,81.68,339.95,321.58,847.6,130.9,18.37,105.53,2.0,0.0,217.72,0.943,0.009,0.01,0.048,0.058,0.053,1.0,25.0,10.0,5.67,8.0,0.776,0.449,0.548,-0.71,-5.76
EVT_00695,21.82557,86.28617,2,NATURAL_FOREST_WILDFIRE,Similipal Tiger Reserve (Odisha),TRAIN,FSI Wildfire Incident Database,0.98,141.73,357.26,321.52,849.4,245.61,35.74,103.46,2.0,0.0,212.95,0.905,0.062,0.01,0.034,0.034,0.031,1.0,25.0,10.0,11.67,14.0,0.774,0.207,0.549,-2.36,1.1
EVT_00696,21.85357,86.29157,2,NATURAL_FOREST_WILDFIRE,Similipal Tiger Reserve (Odisha),TRAIN,FSI Wildfire Incident Database,0.98,119.83,318.92,317.51,836.5,50.02,1.41,100.37,2.0,0.0,209.81,0.948,0.0,0.01,0.057,0.062,0.056,1.0,25.0,10.0,9.48,4.0,0.775,0.296,0.536,-4.67,-1.79
EVT_00697,21.87502,86.35786,2,NATURAL_FOREST_WILDFIRE,Similipal Tiger Reserve (Odisha),TRAIN,FSI Wildfire Incident Database,0.98,61.59,337.19,314.14,847.1,117.02,23.05,98.53,2.0,0.0,207.09,0.881,0.072,0.01,0.047,0.08,0.072,1.0,25.0,10.0,3.66,2.0,0.76,0.514,0.547,-4.02,-5.73
EVT_00698,21.90383,86.33565,2,NATURAL_FOREST_WILDFIRE,Similipal Tiger Reserve (Odisha),TRAIN,FSI Wildfire Incident Database,0.98,86.87,347.8,318.41,848.7,176.33,29.39,95.11,2.0,0.0,203.98,0.879,0.092,0.01,0.029,0.053,0.047,1.0,25.0,10.0,6.19,2.0,0.769,0.422,0.549,-4.67,-1.79
EVT_00699,21.87977,86.32974,2,NATURAL_FOREST_WILDFIRE,Similipal Tiger Reserve (Odisha),TRAIN,FSI Wildfire Incident Database,0.98,77.21,341.39,325.84,847.9,138.56,15.54,97.72,2.0,0.0,206.68,0.866,0.1,0.01,0.035,0.075,0.067,1.0,25.0,10.0,5.22,10.0,0.763,0.454,0.548,-4.67,-1.79
EVT_00700,21.96121,86.33974,2,NATURAL_FOREST_WILDFIRE,Similipal Tiger Reserve (Odisha),TRAIN,FSI Wildfire Incident Database,0.98,111.59,334.44,324.61,846.3,104.51,9.83,88.8,2.0,0.0,197.6,0.903,0.066,0.01,0.031,0.079,0.071,1.0,25.0,10.0,8.66,14.0,0.775,0.328,0.546,-6.48,-2.36
EVT_00701,21.89867,86.31666,2,NATURAL_FOREST_WILDFIRE,Similipal Tiger Reserve (Odisha),TRAIN,FSI Wildfire Incident Database,0.98,96.54,340.69,312.17,847.8,134.61,28.52,95.52,2.0,0.0,204.65,0.9,0.064,0.01,0.036,0.024,0.021,0.0,25.0,10.0,7.15,9.0,0.771,0.385,0.548,-4.67,-1.79
EVT_00702,21.86478,86.33089,2,NATURAL_FOREST_WILDFIRE,Similipal Tiger Reserve (Odisha),TRAIN,FSI Wildfire Incident Database,0.98,138.71,335.55,322.05,629.7,533.59,13.5,99.39,2.0,0.0,208.33,0.91,0.036,0.01,0.054,0.09,0.081,1.0,25.0,10.0,11.37,11.0,0.764,0.209,0.33,-3.29,-3.07
EVT_00703,21.80162,86.33732,2,NATURAL_FOREST_WILDFIRE,Similipal Tiger Reserve (Odisha),TRAIN,FSI Wildfire Incident Database,0.98,64.13,346.28,327.8,848.6,166.91,18.47,106.44,2.0,0.0,215.31,0.923,0.043,0.01,0.034,0.077,0.07,1.0,25.0,10.0,3.91,4.0,0.779,0.522,0.549,-3.29,-3.07
EVT_00704,21.8319,86.27576,2,NATURAL_FOREST_WILDFIRE,Similipal Tiger Reserve (Odisha),TRAIN,FSI Wildfire Incident Database,0.98,69.35,351.0,315.62,687.3,582.53,35.38,102.72,2.0,0.0,212.32,0.914,0.06,0.01,0.026,0.093,0.084,0.0,25.0,10.0,4.43,5.0,0.78,0.503,0.387,-2.36,1.1
EVT_00705,21.87025,86.28794,2,NATURAL_FOREST_WILDFIRE,Similipal Tiger Reserve (Odisha),TRAIN,FSI Wildfire Incident Database,0.98,123.19,346.08,319.17,500.0,4035.37,26.91,98.5,2.0,0.0,207.98,0.928,0.024,0.01,0.048,0.087,0.078,1.0,25.0,10.0,9.82,10.0,0.772,0.279,0.2,-4.67,-1.79
EVT_00706,21.77613,86.32228,2,NATURAL_FOREST_WILDFIRE,Similipal Tiger Reserve (Odisha),TRAIN,FSI Wildfire Incident Database,0.98,111.04,347.42,315.42,848.7,173.82,32.0,105.24,2.0,0.0,218.21,0.932,0.012,0.01,0.056,0.064,0.058,1.0,25.0,10.0,8.6,6.0,0.769,0.325,0.549,-0.71,-5.76
EVT_00707,21.82506,86.34816,2,NATURAL_FOREST_WILDFIRE,Similipal Tiger Reserve (Odisha),TRAIN,FSI Wildfire Incident Database,0.98,75.02,349.77,318.86,848.9,189.4,30.91,103.95,2.0,0.0,212.67,0.941,0.015,0.01,0.044,0.087,0.078,0.0,25.0,10.0,5.0,7.0,0.778,0.478,0.549,-3.29,-3.07
EVT_00708,21.88242,86.31821,2,NATURAL_FOREST_WILDFIRE,Similipal Tiger Reserve (Odisha),TRAIN,FSI Wildfire Incident Database,0.98,39.88,341.12,324.15,847.9,137.09,16.97,97.33,2.0,0.0,206.44,0.957,0.005,0.01,0.038,0.084,0.075,0.0,25.0,10.0,1.49,6.0,0.785,0.626,0.548,-4.67,-1.79
EVT_00709,21.86699,86.3683,2,NATURAL_FOREST_WILDFIRE,Similipal Tiger Reserve (Odisha),TRAIN,FSI Wildfire Incident Database,0.98,99.18,346.31,313.69,848.6,166.82,32.62,99.55,2.0,0.0,207.96,0.901,0.075,0.01,0.025,0.085,0.077,1.0,25.0,10.0,7.42,10.0,0.778,0.381,0.549,-4.02,-5.73
EVT_00710,21.84152,86.33309,2,NATURAL_FOREST_WILDFIRE,Similipal Tiger Reserve (Odisha),TRAIN,FSI Wildfire Incident Database,0.98,139.73,351.07,318.36,500.0,4839.58,32.72,101.99,2.0,0.0,210.9,0.922,0.055,0.01,0.022,0.108,0.097,1.0,25.0,10.0,11.47,3.0,0.784,0.225,0.2,-3.29,-3.07
EVT_00711,21.85848,86.31549,2,NATURAL_FOREST_WILDFIRE,Similipal Tiger Reserve (Odisha),TRAIN,FSI Wildfire Incident Database,0.98,67.84,335.68,308.47,614.2,623.37,27.2,99.97,2.0,0.0,209.11,0.872,0.089,0.01,0.039,0.036,0.033,1.0,25.0,10.0,4.28,8.0,0.762,0.491,0.314,-3.29,-3.07
EVT_00712,21.89689,86.35452,2,NATURAL_FOREST_WILDFIRE,Similipal Tiger Reserve (Odisha),TRAIN,FSI Wildfire Incident Database,0.98,135.99,353.76,319.45,849.2,217.94,34.31,96.08,2.0,0.0,204.68,0.876,0.07,0.01,0.054,0.039,0.035,0.0,25.0,10.0,11.1,14.0,0.755,0.211,0.549,-4.02,-5.73
EVT_00713,21.88602,86.34722,2,NATURAL_FOREST_WILDFIRE,Similipal Tiger Reserve (Odisha),TRAIN,FSI Wildfire Incident Database,0.98,118.9,332.54,312.24,666.8,330.22,20.3,97.2,2.0,0.0,205.91,0.947,0.019,0.01,0.034,0.023,0.021,1.0,25.0,10.0,9.39,11.0,0.785,0.309,0.367,-4.02,-5.73
EVT_00714,21.87194,86.38251,2,NATURAL_FOREST_WILDFIRE,Similipal Tiger Reserve (Odisha),TRAIN,FSI Wildfire Incident Database,0.98,99.7,342.67,323.13,717.1,337.26,19.54,99.19,2.0,0.0,207.38,0.889,0.08,0.01,0.031,0.078,0.07,1.0,25.0,10.0,7.47,14.0,0.771,0.372,0.417,-4.02,-5.73
EVT_00715,21.91126,86.40351,2,NATURAL_FOREST_WILDFIRE,Similipal Tiger Reserve (Odisha),TRAIN,FSI Wildfire Incident Database,0.98,69.04,341.95,326.58,500.0,3460.74,15.37,95.2,2.0,0.0,202.99,0.944,0.033,0.01,0.023,0.037,0.033,1.0,25.0,10.0,4.4,9.0,0.79,0.514,0.2,-4.02,-5.73
EVT_00716,21.84805,86.34871,2,NATURAL_FOREST_WILDFIRE,Similipal Tiger Reserve (Odisha),TRAIN,FSI Wildfire Incident Database,0.98,119.77,347.96,318.71,848.7,177.41,29.26,101.41,2.0,0.0,210.12,0.886,0.065,0.01,0.048,0.061,0.055,1.0,25.0,10.0,9.48,5.0,0.76,0.281,0.549,-3.29,-3.07
EVT_00717,21.92331,86.34963,2,NATURAL_FOREST_WILDFIRE,Similipal Tiger Reserve (Odisha),TRAIN,FSI Wildfire Incident Database,0.98,35.82,336.61,323.54,846.9,114.39,13.07,93.1,2.0,0.0,201.76,0.863,0.102,0.01,0.035,0.068,0.061,0.0,25.0,10.0,1.08,10.0,0.762,0.618,0.547,-4.02,-5.73
EVT_00718,21.84914,86.27583,2,NATURAL_FOREST_WILDFIRE,Similipal Tiger Reserve (Odisha),TRAIN,FSI Wildfire Incident Database,0.98,104.26,344.38,317.8,848.3,155.29,26.58,100.81,2.0,0.0,210.41,0.917,0.026,0.01,0.057,0.113,0.102,0.0,25.0,10.0,7.93,7.0,0.764,0.347,0.548,-2.36,1.1
EVT_00719,21.85614,86.30812,2,NATURAL_FOREST_WILDFIRE,Similipal Tiger Reserve (Odisha),TRAIN,FSI Wildfire Incident Database,0.98,135.81,339.04,327.15,847.5,126.29,11.9,100.18,2.0,0.0,209.41,0.941,0.035,0.01,0.024,0.038,0.034,1.0,25.0,10.0,11.08,10.0,0.789,0.246,0.547,-3.29,-3.07
EVT_00720,21.88472,86.33798,2,NATURAL_FOREST_WILDFIRE,Similipal Tiger Reserve (Odisha),TRAIN,FSI Wildfire Incident Database,0.98,44.84,347.62,312.49,500.0,4234.48,35.13,97.25,2.0,0.0,206.09,0.941,0.0,0.01,0.06,0.08,0.072,0.0,25.0,10.0,1.98,11.0,0.77,0.59,0.2,-4.67,-1.79
EVT_00721,21.82705,86.25687,2,NATURAL_FOREST_WILDFIRE,Similipal Tiger Reserve (Odisha),TRAIN,FSI Wildfire Incident Database,0.98,146.16,353.85,316.87,849.2,218.54,36.98,103.23,2.0,0.0,213.02,0.956,0.0,0.01,0.044,0.072,0.065,1.0,25.0,10.0,12.12,7.0,0.782,0.197,0.549,-2.36,1.1
EVT_00722,21.84968,86.33126,2,NATURAL_FOREST_WILDFIRE,Similipal Tiger Reserve (Odisha),TRAIN,FSI Wildfire Incident Database,0.98,152.03,343.3,314.07,848.2,148.99,29.24,101.07,2.0,0.0,210.01,0.888,0.077,0.01,0.035,0.107,0.096,1.0,25.0,10.0,12.7,3.0,0.769,0.16,0.548,-3.29,-3.07
EVT_00723,21.87057,86.31084,2,NATURAL_FOREST_WILDFIRE,Similipal Tiger Reserve (Odisha),TRAIN,FSI Wildfire Incident Database,0.98,66.12,358.82,318.17,1500.0,33.67,40.64,98.59,2.0,0.0,207.8,0.935,0.02,0.01,0.045,0.052,0.047,0.0,25.0,10.0,4.11,8.0,0.776,0.511,1.2,-3.29,-3.07
EVT_00724,21.84611,86.38533,2,NATURAL_FOREST_WILDFIRE,Similipal Tiger Reserve (Odisha),TRAIN,FSI Wildfire Incident Database,0.98,71.04,343.67,321.02,848.2,151.21,22.64,102.08,2.0,0.0,210.24,0.909,0.057,0.01,0.034,0.084,0.075,0.0,25.0,10.0,4.6,8.0,0.775,0.491,0.548,-1.79,-7.18
EVT_00725,21.90647,86.40732,2,NATURAL_FOREST_WILDFIRE,Similipal Tiger Reserve (Odisha),TRAIN,FSI Wildfire Incident Database,0.98,116.53,338.73,310.84,847.4,124.51,27.9,95.79,2.0,0.0,203.52,0.946,0.007,0.01,0.047,0.093,0.083,0.0,25.0,10.0,9.15,7.0,0.778,0.311,0.547,-4.02,-5.73
EVT_00726,21.83923,86.30177,2,NATURAL_FOREST_WILDFIRE,Similipal Tiger Reserve (Odisha),TRAIN,FSI Wildfire Incident Database,0.98,118.82,340.08,324.97,847.7,131.59,15.11,102.02,2.0,0.0,211.33,0.885,0.075,0.01,0.04,0.052,0.047,1.0,25.0,10.0,9.38,13.0,0.765,0.29,0.548,-3.29,-3.07
EVT_00727,21.84384,86.35134,2,NATURAL_FOREST_WILDFIRE,Similipal Tiger Reserve (Odisha),TRAIN,FSI Wildfire Incident Database,0.98,95.15,358.22,311.36,1500.0,32.98,46.85,101.9,2.0,0.0,210.57,0.885,0.057,0.01,0.058,0.066,0.059,1.0,25.0,10.0,7.01,12.0,0.755,0.374,1.2,-1.79,-7.18
EVT_00728,21.86502,86.3605,2,NATURAL_FOREST_WILDFIRE,Similipal Tiger Reserve (Odisha),TRAIN,FSI Wildfire Incident Database,0.98,86.48,330.74,310.34,845.1,88.88,20.4,99.67,2.0,0.0,208.2,0.954,0.012,0.01,0.033,0.093,0.083,1.0,25.0,10.0,6.15,13.0,0.787,0.441,0.545,-4.02,-5.73
EVT_00729,21.82906,86.33464,2,NATURAL_FOREST_WILDFIRE,Similipal Tiger Reserve (Odisha),TRAIN,FSI Wildfire Incident Database,0.98,60.78,338.57,311.4,847.4,123.7,27.17,103.38,2.0,0.0,212.28,0.881,0.063,0.01,0.056,0.108,0.097,0.0,25.0,10.0,3.58,2.0,0.755,0.512,0.547,-3.29,-3.07
EVT_00730,21.8563,86.37335,2,NATURAL_FOREST_WILDFIRE,Similipal Tiger Reserve (Odisha),TRAIN,FSI Wildfire Incident Database,0.98,126.25,328.93,315.55,844.3,82.0,13.38,100.79,2.0,0.0,209.13,0.921,0.025,0.01,0.053,0.033,0.03,1.0,25.0,10.0,10.12,14.0,0.767,0.262,0.544,-1.79,-7.18
EVT_00731,21.82361,86.32943,2,NATURAL_FOREST_WILDFIRE,Similipal Tiger Reserve (Odisha),TRAIN,FSI Wildfire Incident Database,0.98,71.97,350.83,321.35,500.0,4817.2,29.49,103.94,2.0,0.0,212.91,0.883,0.091,0.01,0.025,0.07,0.063,1.0,25.0,10.0,4.7,8.0,0.772,0.484,0.2,-3.29,-3.07
EVT_00732,21.80836,86.36579,2,NATURAL_FOREST_WILDFIRE,Similipal Tiger Reserve (Odisha),TRAIN,FSI Wildfire Incident Database,0.98,36.06,330.63,311.15,845.0,88.45,19.48,105.99,2.0,0.0,214.47,0.893,0.063,0.01,0.044,0.104,0.094,0.0,25.0,10.0,1.11,10.0,0.765,0.621,0.545,-1.79,-7.18
EVT_00733,21.80859,86.31802,2,NATURAL_FOREST_WILDFIRE,Similipal Tiger Reserve (Odisha),TRAIN,FSI Wildfire Incident Database,0.98,128.33,329.75,308.98,844.6,85.03,20.77,105.52,2.0,0.0,214.63,0.87,0.077,0.01,0.053,0.029,0.026,1.0,25.0,10.0,10.33,4.0,0.754,0.24,0.545,-3.29,-3.07
EVT_00734,21.84332,86.28434,2,NATURAL_FOREST_WILDFIRE,Similipal Tiger Reserve (Odisha),TRAIN,FSI Wildfire Incident Database,0.98,53.81,333.96,309.79,846.2,102.21,24.16,101.48,2.0,0.0,210.99,0.931,0.03,0.01,0.039,0.07,0.063,1.0,25.0,10.0,2.88,5.0,0.778,0.563,0.546,-4.67,-1.79
EVT_00735,21.80806,86.26802,2,NATURAL_FOREST_WILDFIRE,Similipal Tiger Reserve (Odisha),TRAIN,FSI Wildfire Incident Database,0.98,132.71,326.66,313.53,843.1,73.81,13.13,105.36,2.0,0.0,215.02,0.959,0.016,0.01,0.025,0.096,0.086,1.0,25.0,10.0,10.77,2.0,0.793,0.262,0.543,-2.36,1.1
EVT_00736,21.84402,86.37496,2,NATURAL_FOREST_WILDFIRE,Similipal Tiger Reserve (Odisha),TRAIN,FSI Wildfire Incident Database,0.98,86.61,351.39,317.89,849.0,200.62,33.5,102.16,2.0,0.0,210.49,0.921,0.028,0.01,0.051,0.074,0.066,0.0,25.0,10.0,6.16,2.0,0.769,0.422,0.549,-1.79,-7.18
EVT_00737,21.81361,86.23913,2,NATURAL_FOREST_WILDFIRE,Similipal Tiger Reserve (Odisha),TRAIN,FSI Wildfire Incident Database,0.98,89.53,334.82,319.46,846.5,106.13,15.36,104.73,2.0,0.0,214.67,0.954,0.016,0.01,0.03,0.117,0.105,0.0,25.0,10.0,6.45,8.0,0.789,0.431,0.546,-2.36,1.1
EVT_00738,21.83883,86.34742,2,NATURAL_FOREST_WILDFIRE,Similipal Tiger Reserve (Odisha),TRAIN,FSI Wildfire Incident Database,0.98,109.59,346.84,321.21,848.6,170.28,25.63,102.42,2.0,0.0,211.14,0.871,0.095,0.01,0.034,0.054,0.048,0.0,25.0,10.0,8.46,8.0,0.764,0.326,0.549,-3.29,-3.07
EVT_00739,21.86294,86.30898,2,NATURAL_FOREST_WILDFIRE,Similipal Tiger Reserve (Odisha),TRAIN,FSI Wildfire Incident Database,0.98,53.14,331.51,320.97,845.4,92.05,10.54,99.43,2.0,0.0,208.65,0.933,0.01,0.01,0.057,0.11,0.099,1.0,25.0,10.0,2.81,13.0,0.769,0.556,0.545,-3.29,-3.07
EVT_00740,21.86529,86.30759,2,NATURAL_FOREST_WILDFIRE,Similipal Tiger Reserve (Odisha),TRAIN,FSI Wildfire Incident Database,0.98,138.95,360.32,319.79,1500.0,35.38,40.52,99.16,2.0,0.0,208.4,0.919,0.051,0.01,0.03,0.035,0.032,0.0,25.0,10.0,11.39,8.0,0.78,0.224,1.2,-4.67,-1.79
EVT_00741,21.8911,86.38625,2,NATURAL_FOREST_WILDFIRE,Similipal Tiger Reserve (Odisha),TRAIN,FSI Wildfire Incident Database,0.98,37.37,340.19,316.27,847.7,132.08,23.93,97.14,2.0,0.0,205.24,0.952,0.0,0.01,0.05,0.024,0.021,1.0,25.0,10.0,1.24,2.0,0.779,0.629,0.548,-4.02,-5.73
EVT_00742,21.8922,86.36566,2,NATURAL_FOREST_WILDFIRE,Similipal Tiger Reserve (Odisha),TRAIN,FSI Wildfire Incident Database,0.98,121.04,336.65,314.92,590.7,837.25,21.73,96.73,2.0,0.0,205.17,0.892,0.054,0.01,0.054,0.042,0.038,1.0,25.0,10.0,9.6,11.0,0.759,0.275,0.291,-4.02,-5.73
EVT_00743,21.89531,86.28529,2,NATURAL_FOREST_WILDFIRE,Similipal Tiger Reserve (Odisha),TRAIN,FSI Wildfire Incident Database,0.98,149.16,345.71,314.0,500.0,3953.34,31.71,95.71,2.0,0.0,205.23,0.887,0.084,0.01,0.028,0.081,0.073,1.0,25.0,10.0,12.42,3.0,0.772,0.175,0.2,-4.67,-1.79
EVT_00744,21.89083,86.32663,2,NATURAL_FOREST_WILDFIRE,Similipal Tiger Reserve (Odisha),TRAIN,FSI Wildfire Incident Database,0.98,120.91,344.76,315.25,848.4,157.48,29.51,96.47,2.0,0.0,205.47,0.9,0.077,0.01,0.022,0.03,0.027,1.0,25.0,10.0,9.59,10.0,0.778,0.295,0.548,-4.67,-1.79
EVT_00745,21.84568,86.33562,2,NATURAL_FOREST_WILDFIRE,Similipal Tiger Reserve (Odisha),TRAIN,FSI Wildfire Incident Database,0.98,84.85,350.25,320.31,848.9,192.73,29.94,101.55,2.0,0.0,210.43,0.907,0.048,0.01,0.045,0.072,0.065,1.0,25.0,10.0,5.99,9.0,0.768,0.429,0.549,-3.29,-3.07
EVT_00746,21.89351,86.32629,2,NATURAL_FOREST_WILDFIRE,Similipal Tiger Reserve (Odisha),TRAIN,FSI Wildfire Incident Database,0.98,135.17,353.1,317.96,849.1,212.98,35.14,96.17,2.0,0.0,205.17,0.943,0.028,0.01,0.029,0.061,0.055,0.0,25.0,10.0,11.02,3.0,0.787,0.246,0.549,-4.67,-1.79
EVT_00747,21.90872,86.33389,2,NATURAL_FOREST_WILDFIRE,Similipal Tiger Reserve (Odisha),TRAIN,FSI Wildfire Incident Database,0.98,65.7,353.86,311.21,1500.0,28.44,42.65,94.55,2.0,0.0,203.45,0.887,0.059,0.01,0.054,0.031,0.028,1.0,25.0,10.0,4.07,4.0,0.758,0.495,1.2,-4.67,-1.79
EVT_00748,21.86487,86.32842,2,NATURAL_FOREST_WILDFIRE,Similipal Tiger Reserve (Odisha),TRAIN,FSI Wildfire Incident Database,0.98,123.44,333.67,317.43,846.1,101.05,16.24,99.36,2.0,0.0,208.34,0.904,0.072,0.01,0.025,0.023,0.021,1.0,25.0,10.0,9.84,12.0,0.779,0.285,0.546,-3.29,-3.07
EVT_00749,21.87802,86.33901,2,NATURAL_FOREST_WILDFIRE,Similipal Tiger Reserve (Odisha),TRAIN,FSI Wildfire Incident Database,0.98,79.8,352.75,321.33,500.0,5155.12,31.42,98.0,2.0,0.0,206.83,0.915,0.04,0.01,0.045,0.038,0.034,1.0,25.0,10.0,5.48,7.0,0.77,0.451,0.2,-4.67,-1.79
EVT_00750,21.85953,86.31801,2,NATURAL_FOREST_WILDFIRE,Similipal Tiger Reserve (Odisha),TRAIN,FSI Wildfire Incident Database,0.98,106.33,336.6,308.18,846.9,114.14,28.42,99.87,2.0,0.0,208.98,0.867,0.1,0.01,0.033,0.064,0.057,1.0,25.0,10.0,8.13,11.0,0.764,0.339,0.547,-3.29,-3.07
EVT_00751,21.8754,86.26926,2,NATURAL_FOREST_WILDFIRE,Similipal Tiger Reserve (Odisha),TRAIN,FSI Wildfire Incident Database,0.98,151.38,344.22,326.66,848.3,154.53,17.57,97.87,2.0,0.0,207.56,0.881,0.094,0.01,0.024,0.115,0.104,1.0,25.0,10.0,12.64,13.0,0.772,0.167,0.548,-4.67,-1.79
EVT_00752,21.89916,86.3746,2,NATURAL_FOREST_WILDFIRE,Similipal Tiger Reserve (Odisha),TRAIN,FSI Wildfire Incident Database,0.98,108.23,340.45,323.49,847.7,133.56,16.96,96.08,2.0,0.0,204.37,0.951,0.012,0.01,0.036,0.118,0.106,1.0,25.0,10.0,8.32,14.0,0.784,0.351,0.548,-4.02,-5.73
EVT_00753,21.84286,86.34101,2,NATURAL_FOREST_WILDFIRE,Similipal Tiger Reserve (Odisha),TRAIN,FSI Wildfire Incident Database,0.98,130.37,348.65,314.96,848.8,181.81,33.69,101.91,2.0,0.0,210.72,0.92,0.052,0.01,0.028,0.059,0.053,1.0,25.0,10.0,10.54,13.0,0.781,0.26,0.549,-3.29,-3.07
EVT_00754,21.91955,86.32873,2,NATURAL_FOREST_WILDFIRE,Similipal Tiger Reserve (Odisha),TRAIN,FSI Wildfire Incident Database,0.98,73.15,341.98,325.84,500.0,3463.03,16.14,93.3,2.0,0.0,202.27,0.893,0.057,0.01,0.05,0.117,0.106,1.0,25.0,10.0,4.82,7.0,0.762,0.469,0.2,-4.67,-1.79
EVT_00755,21.89233,86.31148,2,NATURAL_FOREST_WILDFIRE,Similipal Tiger Reserve (Odisha),TRAIN,FSI Wildfire Incident Database,0.98,158.67,353.89,320.13,849.2,218.94,33.75,96.18,2.0,0.0,205.38,0.888,0.092,0.01,0.02,0.088,0.079,1.0,25.0,10.0,13.37,5.0,0.777,0.142,0.549,-4.67,-1.79
EVT_00756,21.8472,86.34765,2,NATURAL_FOREST_WILDFIRE,Similipal Tiger Reserve (Odisha),TRAIN,FSI Wildfire Incident Database,0.98,156.36,346.69,324.68,570.8,1587.18,22.01,101.49,2.0,0.0,210.21,0.891,0.064,0.01,0.045,0.057,0.052,1.0,25.0,10.0,13.14,6.0,0.764,0.138,0.271,-3.29,-3.07
EVT_00757,21.83104,86.38769,2,NATURAL_FOREST_WILDFIRE,Similipal Tiger Reserve (Odisha),TRAIN,FSI Wildfire Incident Database,0.98,85.35,339.98,322.99,847.7,131.05,16.98,103.49,2.0,0.0,211.91,0.862,0.106,0.01,0.032,0.024,0.021,1.0,25.0,10.0,6.03,6.0,0.763,0.422,0.548,-1.79,-7.18
EVT_00758,21.85184,86.34918,2,NATURAL_FOREST_WILDFIRE,Similipal Tiger Reserve (Odisha),TRAIN,FSI Wildfire Incident Database,0.98,137.98,344.05,309.76,848.3,153.16,34.29,101.0,2.0,0.0,209.69,0.931,0.029,0.01,0.04,0.03,0.027,1.0,25.0,10.0,11.3,9.0,0.777,0.225,0.548,-3.29,-3.07
EVT_00759,21.88571,86.39348,2,NATURAL_FOREST_WILDFIRE,Similipal Tiger Reserve (Odisha),TRAIN,FSI Wildfire Incident Database,0.98,125.25,329.37,301.74,500.0,1956.5,27.63,97.84,2.0,0.0,205.83,0.865,0.087,0.01,0.047,0.114,0.102,0.0,25.0,10.0,10.02,7.0,0.755,0.254,0.2,-4.02,-5.73
EVT_00760,21.81291,86.32016,2,NATURAL_FOREST_WILDFIRE,Similipal Tiger Reserve (Odisha),TRAIN,FSI Wildfire Incident Database,0.98,95.8,346.55,320.64,848.6,168.47,25.91,105.05,2.0,0.0,214.14,0.958,0.014,0.01,0.028,0.05,0.045,1.0,25.0,10.0,7.08,7.0,0.791,0.408,0.549,-3.29,-3.07
EVT_00761,21.84593,86.35524,2,NATURAL_FOREST_WILDFIRE,Similipal Tiger Reserve (Odisha),TRAIN,FSI Wildfire Incident Database,0.98,76.85,329.02,318.58,844.3,82.34,10.44,101.72,2.0,0.0,210.33,0.899,0.067,0.01,0.033,0.053,0.048,0.0,25.0,10.0,5.19,7.0,0.772,0.465,0.544,-1.79,-7.18
EVT_00762,21.84181,86.28642,2,NATURAL_FOREST_WILDFIRE,Similipal Tiger Reserve (Odisha),TRAIN,FSI Wildfire Incident Database,0.98,71.2,352.27,312.1,1500.0,26.9,40.17,101.66,2.0,0.0,211.15,0.86,0.082,0.01,0.057,0.078,0.07,0.0,25.0,10.0,4.62,7.0,0.748,0.464,1.2,-3.29,-3.07
EVT_00763,21.85226,86.29789,2,NATURAL_FOREST_WILDFIRE,Similipal Tiger Reserve (Odisha),TRAIN,FSI Wildfire Incident Database,0.98,153.36,338.8,325.44,847.4,125.07,13.36,100.55,2.0,0.0,209.91,0.958,0.0,0.01,0.057,0.067,0.06,1.0,25.0,10.0,12.84,5.0,0.784,0.17,0.547,-4.67,-1.79
EVT_00764,21.87009,86.34734,2,NATURAL_FOREST_WILDFIRE,Similipal Tiger Reserve (Odisha),TRAIN,FSI Wildfire Incident Database,0.98,121.08,334.67,316.63,846.4,105.45,18.05,98.96,2.0,0.0,207.68,0.947,0.025,0.01,0.028,0.118,0.106,1.0,25.0,10.0,9.61,14.0,0.788,0.304,0.546,-4.02,-5.73
EVT_00765,21.88426,86.25903,2,NATURAL_FOREST_WILDFIRE,Similipal Tiger Reserve (Odisha),TRAIN,FSI Wildfire Incident Database,0.98,108.67,334.03,316.34,846.2,102.59,17.69,96.87,2.0,0.0,206.67,0.913,0.054,0.01,0.033,0.073,0.065,0.0,25.0,10.0,8.37,6.0,0.776,0.342,0.546,-4.67,-1.79
EVT_00766,21.855,86.29604,2,NATURAL_FOREST_WILDFIRE,Similipal Tiger Reserve (Odisha),TRAIN,FSI Wildfire Incident Database,0.98,47.72,345.28,316.9,848.4,160.62,28.38,100.24,2.0,0.0,209.62,0.928,0.051,0.01,0.021,0.025,0.022,0.0,25.0,10.0,2.27,3.0,0.787,0.596,0.548,-4.67,-1.79
EVT_00767,21.79894,86.29774,2,NATURAL_FOREST_WILDFIRE,Similipal Tiger Reserve (Odisha),TRAIN,FSI Wildfire Incident Database,0.98,108.86,332.06,321.3,845.6,94.3,10.76,106.47,2.0,0.0,215.82,0.94,0.011,0.01,0.049,0.111,0.1,1.0,25.0,10.0,8.39,13.0,0.775,0.339,0.546,-3.29,-3.07
EVT_00768,21.83722,86.30335,2,NATURAL_FOREST_WILDFIRE,Similipal Tiger Reserve (Odisha),TRAIN,FSI Wildfire Incident Database,0.98,75.96,339.94,317.01,847.6,130.79,22.93,102.25,2.0,0.0,211.54,0.936,0.043,0.01,0.021,0.041,0.037,1.0,25.0,10.0,5.1,12.0,0.789,0.485,0.548,-3.29,-3.07
EVT_00769,21.81719,86.37986,2,NATURAL_FOREST_WILDFIRE,Similipal Tiger Reserve (Odisha),TRAIN,FSI Wildfire Incident Database,0.98,77.81,355.96,322.41,849.3,235.12,33.55,104.76,2.0,0.0,213.46,0.949,0.005,0.01,0.046,0.031,0.028,0.0,25.0,10.0,5.28,11.0,0.779,0.468,0.549,-1.79,-7.18
EVT_00770,21.87089,86.29407,2,NATURAL_FOREST_WILDFIRE,Similipal Tiger Reserve (Odisha),TRAIN,FSI Wildfire Incident Database,0.98,38.14,337.18,314.87,847.1,117.0,22.31,98.46,2.0,0.0,207.87,0.945,0.018,0.01,0.038,0.092,0.083,1.0,25.0,10.0,1.31,4.0,0.783,0.63,0.547,-4.67,-1.79
EVT_00771,21.87754,86.33039,2,NATURAL_FOREST_WILDFIRE,Similipal Tiger Reserve (Odisha),TRAIN,FSI Wildfire Incident Database,0.98,58.67,337.96,319.01,847.2,120.82,18.95,97.97,2.0,0.0,206.92,0.956,0.0,0.01,0.048,0.097,0.087,1.0,25.0,10.0,3.37,4.0,0.782,0.547,0.547,-4.67,-1.79
EVT_00772,21.92726,86.22896,2,NATURAL_FOREST_WILDFIRE,Similipal Tiger Reserve (Odisha),TRAIN,FSI Wildfire Incident Database,0.98,108.28,337.53,316.28,847.1,118.7,21.25,92.11,2.0,0.0,202.21,0.911,0.05,0.01,0.039,0.096,0.087,1.0,25.0,10.0,8.33,4.0,0.773,0.339,0.547,-3.8,1.24
EVT_00773,21.80561,86.38483,2,NATURAL_FOREST_WILDFIRE,Similipal Tiger Reserve (Odisha),TRAIN,FSI Wildfire Incident Database,0.98,128.34,348.65,315.97,848.8,181.84,32.68,104.71,2.0,0.0,214.74,0.878,0.088,0.01,0.034,0.106,0.095,1.0,25.0,10.0,10.33,8.0,0.766,0.253,0.549,-1.79,-7.18
EVT_00774,21.9228,86.34292,2,NATURAL_FOREST_WILDFIRE,Similipal Tiger Reserve (Odisha),TRAIN,FSI Wildfire Incident Database,0.98,123.03,347.8,312.6,848.7,176.18,35.2,93.08,2.0,0.0,201.85,0.903,0.072,0.01,0.025,0.076,0.068,1.0,25.0,10.0,9.8,7.0,0.778,0.286,0.549,-4.67,-1.79
EVT_00775,21.79024,86.37552,2,NATURAL_FOREST_WILDFIRE,Similipal Tiger Reserve (Odisha),TRAIN,FSI Wildfire Incident Database,0.98,76.92,334.65,315.33,846.4,105.31,19.31,106.2,2.0,0.0,216.46,0.872,0.106,0.01,0.021,0.081,0.073,1.0,25.0,10.0,5.19,13.0,0.771,0.464,0.546,-1.79,-7.18
EVT_00776,21.87821,86.32749,2,NATURAL_FOREST_WILDFIRE,Similipal Tiger Reserve (Odisha),TRAIN,FSI Wildfire Incident Database,0.98,130.32,341.65,324.34,847.9,139.96,17.31,97.87,2.0,0.0,206.86,0.913,0.065,0.01,0.022,0.103,0.093,0.0,25.0,10.0,10.53,10.0,0.782,0.261,0.548,-4.67,-1.79
EVT_00777,21.87311,86.31569,2,NATURAL_FOREST_WILDFIRE,Similipal Tiger Reserve (Odisha),TRAIN,FSI Wildfire Incident Database,0.98,91.67,338.71,315.48,847.4,124.51,23.23,98.35,2.0,0.0,207.49,0.957,0.0,0.01,0.055,0.072,0.065,1.0,25.0,10.0,6.67,7.0,0.783,0.416,0.547,-4.67,-1.79
EVT_00778,21.83517,86.32709,2,NATURAL_FOREST_WILDFIRE,Similipal Tiger Reserve (Odisha),TRAIN,FSI Wildfire Incident Database,0.98,110.96,359.53,316.77,1500.0,34.47,42.76,102.64,2.0,0.0,211.64,0.877,0.094,0.01,0.029,0.074,0.066,1.0,25.0,10.0,8.6,3.0,0.769,0.325,1.2,-3.29,-3.07
EVT_00779,21.79821,86.39093,2,NATURAL_FOREST_WILDFIRE,Similipal Tiger Reserve (Odisha),TRAIN,FSI Wildfire Incident Database,0.98,117.86,330.39,318.29,844.9,87.61,12.1,104.4,2.0,0.0,215.55,0.927,0.025,0.01,0.048,0.105,0.095,0.0,25.0,10.0,9.29,13.0,0.772,0.3,0.545,-1.79,-7.18
EVT_00780,21.85084,86.26556,2,NATURAL_FOREST_WILDFIRE,Similipal Tiger Reserve (Odisha),TRAIN,FSI Wildfire Incident Database,0.98,69.43,325.23,323.09,842.2,68.99,2.14,100.6,2.0,0.0,210.31,0.953,0.004,0.01,0.043,0.101,0.091,1.0,25.0,10.0,4.44,7.0,0.782,0.504,0.542,-3.8,1.24
EVT_00781,21.78194,86.39583,2,NATURAL_FOREST_WILDFIRE,Similipal Tiger Reserve (Odisha),TRAIN,FSI Wildfire Incident Database,0.98,82.49,342.55,309.89,848.1,144.64,32.66,104.58,2.0,0.0,217.35,0.905,0.069,0.01,0.025,0.065,0.058,1.0,25.0,10.0,5.75,4.0,0.778,0.448,0.548,1.5,-7.04
EVT_00782,21.91302,86.34437,2,NATURAL_FOREST_WILDFIRE,Similipal Tiger Reserve (Odisha),TRAIN,FSI Wildfire Incident Database,0.98,66.71,344.1,312.32,848.3,153.5,31.77,94.18,2.0,0.0,202.93,0.938,0.031,0.01,0.031,0.043,0.039,0.0,25.0,10.0,4.17,12.0,0.784,0.517,0.548,-4.67,-1.79
EVT_00783,21.85927,86.26897,2,NATURAL_FOREST_WILDFIRE,Similipal Tiger Reserve (Odisha),TRAIN,FSI Wildfire Incident Database,0.98,76.73,330.3,316.31,844.9,87.21,13.99,99.67,2.0,0.0,209.35,0.881,0.073,0.01,0.046,0.093,0.083,1.0,25.0,10.0,5.17,12.0,0.761,0.454,0.545,-3.8,1.24
EVT_00784,21.81652,86.31863,2,NATURAL_FOREST_WILDFIRE,Similipal Tiger Reserve (Odisha),TRAIN,FSI Wildfire Incident Database,0.98,142.33,347.61,327.05,848.7,175.27,20.55,104.64,2.0,0.0,213.75,0.95,0.005,0.01,0.045,0.032,0.029,1.0,25.0,10.0,11.73,8.0,0.78,0.21,0.549,-3.29,-3.07
EVT_00785,21.87317,86.33727,2,NATURAL_FOREST_WILDFIRE,Similipal Tiger Reserve (Odisha),TRAIN,FSI Wildfire Incident Database,0.98,59.73,344.0,319.91,848.3,153.1,24.08,98.52,2.0,0.0,207.38,0.956,0.0,0.01,0.056,0.104,0.094,0.0,25.0,10.0,3.47,14.0,0.782,0.543,0.548,-4.67,-1.79
EVT_00786,21.88916,86.30794,2,NATURAL_FOREST_WILDFIRE,Similipal Tiger Reserve (Odisha),TRAIN,FSI Wildfire Incident Database,0.98,71.87,349.78,304.46,1500.0,24.59,45.32,96.51,2.0,0.0,205.76,0.866,0.112,0.01,0.022,0.022,0.019,0.0,25.0,10.0,4.69,3.0,0.77,0.482,1.2,-4.67,-1.79
EVT_00787,21.86913,86.34683,2,NATURAL_FOREST_WILDFIRE,Similipal Tiger Reserve (Odisha),TRAIN,FSI Wildfire Incident Database,0.98,132.74,344.31,328.07,848.3,155.05,16.24,99.06,2.0,0.0,207.79,0.885,0.058,0.01,0.057,0.036,0.032,1.0,25.0,10.0,10.77,14.0,0.756,0.225,0.548,-4.02,-5.73
EVT_00788,21.86552,86.34082,2,NATURAL_FOREST_WILDFIRE,Similipal Tiger Reserve (Odisha),TRAIN,FSI Wildfire Incident Database,0.98,99.23,339.59,318.87,847.6,128.98,20.71,99.4,2.0,0.0,208.21,0.94,0.004,0.01,0.056,0.043,0.039,0.0,25.0,10.0,7.42,5.0,0.771,0.374,0.548,-4.67,-1.79
EVT_00789,21.82607,86.28681,2,NATURAL_FOREST_WILDFIRE,Similipal Tiger Reserve (Odisha),TRAIN,FSI Wildfire Incident Database,0.98,37.78,332.24,316.9,845.6,95.01,15.34,103.41,2.0,0.0,212.89,0.953,0.001,0.01,0.047,0.107,0.096,1.0,25.0,10.0,1.28,7.0,0.78,0.629,0.546,-3.29,-3.07
EVT_00790,21.89556,86.35365,2,NATURAL_FOREST_WILDFIRE,Similipal Tiger Reserve (Odisha),TRAIN,FSI Wildfire Incident Database,0.98,156.03,339.23,313.77,603.1,814.87,25.45,96.21,2.0,0.0,204.83,0.931,0.021,0.01,0.048,0.112,0.101,1.0,25.0,10.0,13.1,12.0,0.773,0.149,0.303,-4.02,-5.73
EVT_00791,21.82046,86.30117,2,NATURAL_FOREST_WILDFIRE,Similipal Tiger Reserve (Odisha),TRAIN,FSI Wildfire Incident Database,0.98,91.54,352.72,317.27,500.0,5119.84,35.45,104.1,2.0,0.0,213.41,0.871,0.09,0.01,0.04,0.062,0.056,0.0,25.0,10.0,6.65,7.0,0.762,0.396,0.2,-3.29,-3.07
EVT_00792,21.87002,86.39627,2,NATURAL_FOREST_WILDFIRE,Similipal Tiger Reserve (Odisha),TRAIN,FSI Wildfire Incident Database,0.98,156.08,356.24,310.97,1500.0,30.86,45.27,99.61,2.0,0.0,207.57,0.939,0.02,0.01,0.042,0.029,0.027,1.0,25.0,10.0,13.11,12.0,0.779,0.155,1.2,-4.02,-5.73
EVT_00793,21.83093,86.31593,2,NATURAL_FOREST_WILDFIRE,Similipal Tiger Reserve (Odisha),TRAIN,FSI Wildfire Incident Database,0.98,144.76,341.32,323.0,847.9,138.16,18.32,103.03,2.0,0.0,212.16,0.926,0.038,0.01,0.036,0.079,0.071,1.0,25.0,10.0,11.98,9.0,0.778,0.199,0.548,-3.29,-3.07
EVT_00794,21.90943,86.33222,2,NATURAL_FOREST_WILDFIRE,Similipal Tiger Reserve (Odisha),TRAIN,FSI Wildfire Incident Database,0.98,46.96,329.56,310.2,844.5,84.33,19.37,94.45,2.0,0.0,203.38,0.901,0.062,0.01,0.036,0.111,0.1,0.0,25.0,10.0,2.2,2.0,0.771,0.583,0.544,-4.67,-1.79
EVT_00795,21.84355,86.33682,2,NATURAL_FOREST_WILDFIRE,Similipal Tiger Reserve (Odisha),TRAIN,FSI Wildfire Incident Database,0.98,138.53,354.65,320.42,849.2,224.78,34.23,101.79,2.0,0.0,210.66,0.928,0.02,0.01,0.052,0.037,0.033,1.0,25.0,10.0,11.35,6.0,0.77,0.216,0.549,-3.29,-3.07
EVT_00796,21.84414,86.32219,2,NATURAL_FOREST_WILDFIRE,Similipal Tiger Reserve (Odisha),TRAIN,FSI Wildfire Incident Database,0.98,60.26,324.13,317.35,841.4,65.37,6.78,101.61,2.0,0.0,210.67,0.88,0.089,0.01,0.031,0.115,0.104,1.0,25.0,10.0,3.53,5.0,0.769,0.528,0.541,-3.29,-3.07
EVT_00797,21.90157,86.28533,2,NATURAL_FOREST_WILDFIRE,Similipal Tiger Reserve (Odisha),TRAIN,FSI Wildfire Incident Database,0.98,54.83,333.33,314.51,846.0,99.58,18.82,95.01,2.0,0.0,204.53,0.94,0.034,0.01,0.026,0.051,0.046,0.0,25.0,10.0,2.98,2.0,0.787,0.568,0.546,-4.67,-1.79
EVT_00798,21.88345,86.35175,2,NATURAL_FOREST_WILDFIRE,Similipal Tiger Reserve (Odisha),TRAIN,FSI Wildfire Incident Database,0.98,53.13,324.83,319.9,500.0,1587.08,4.93,97.53,2.0,0.0,206.18,0.934,0.024,0.01,0.042,0.094,0.084,1.0,25.0,10.0,2.81,14.0,0.777,0.565,0.2,-4.02,-5.73
EVT_00799,21.78566,86.34448,2,NATURAL_FOREST_WILDFIRE,Similipal Tiger Reserve (Odisha),TRAIN,FSI Wildfire Incident Database,0.98,87.3,361.22,319.41,1500.0,36.44,41.81,107.13,2.0,0.0,217.05,0.948,0.013,0.01,0.04,0.091,0.082,1.0,25.0,10.0,6.23,11.0,0.783,0.433,1.2,-0.71,-5.76
EVT_00800,21.83616,86.33741,2,NATURAL_FOREST_WILDFIRE,Similipal Tiger Reserve (Odisha),TRAIN,FSI Wildfire Incident Database,0.98,81.21,331.06,317.79,845.2,90.23,13.27,102.62,2.0,0.0,211.48,0.871,0.1,0.01,0.029,0.053,0.048,1.0,25.0,10.0,5.62,3.0,0.767,0.442,0.545,-3.29,-3.07
EVT_00801,21.86037,86.28324,2,NATURAL_FOREST_WILDFIRE,Similipal Tiger Reserve (Odisha),TRAIN,FSI Wildfire Incident Database,0.98,142.79,328.28,321.57,554.4,881.99,6.71,99.58,2.0,0.0,209.11,0.882,0.096,0.01,0.021,0.048,0.044,1.0,25.0,10.0,11.78,11.0,0.774,0.203,0.254,-4.67,-1.79
EVT_00802,21.80326,86.30558,2,NATURAL_FOREST_WILDFIRE,Similipal Tiger Reserve (Odisha),TRAIN,FSI Wildfire Incident Database,0.98,92.13,346.84,320.77,848.6,170.28,26.07,106.03,2.0,0.0,215.29,0.898,0.065,0.01,0.037,0.081,0.073,1.0,25.0,10.0,6.71,12.0,0.77,0.402,0.549,-3.29,-3.07
EVT_00803,21.93373,86.39427,2,NATURAL_FOREST_WILDFIRE,Similipal Tiger Reserve (Odisha),TRAIN,FSI Wildfire Incident Database,0.98,150.9,324.49,317.82,519.3,1167.17,6.67,92.58,2.0,0.0,200.5,0.88,0.084,0.01,0.037,0.079,0.071,1.0,25.0,10.0,12.59,6.0,0.766,0.162,0.219,-4.02,-5.73
EVT_00804,21.87546,86.27982,2,NATURAL_FOREST_WILDFIRE,Similipal Tiger Reserve (Odisha),TRAIN,FSI Wildfire Incident Database,0.98,102.15,334.46,307.47,846.4,104.38,27.0,97.9,2.0,0.0,207.47,0.909,0.033,0.01,0.059,0.04,0.036,0.0,25.0,10.0,7.71,14.0,0.762,0.353,0.546,-3.29,-3.07
EVT_00805,21.85676,86.33105,2,NATURAL_FOREST_WILDFIRE,Similipal Tiger Reserve (Odisha),TRAIN,FSI Wildfire Incident Database,0.98,39.28,368.65,322.01,1500.0,46.08,46.64,100.28,2.0,0.0,209.22,0.931,0.028,0.01,0.041,0.037,0.033,1.0,25.0,10.0,1.43,4.0,0.777,0.62,1.2,-3.29,-3.07
EVT_00806,21.84303,86.34615,2,NATURAL_FOREST_WILDFIRE,Similipal Tiger Reserve (Odisha),TRAIN,FSI Wildfire Incident Database,0.98,108.19,327.35,323.3,500.0,1808.64,4.05,101.94,2.0,0.0,210.68,0.921,0.038,0.01,0.041,0.052,0.046,0.0,25.0,10.0,8.32,6.0,0.774,0.341,0.2,-3.29,-3.07
EVT_00807,21.82076,86.24831,2,NATURAL_FOREST_WILDFIRE,Similipal Tiger Reserve (Odisha),TRAIN,FSI Wildfire Incident Database,0.98,133.05,353.25,310.64,1500.0,27.83,42.6,103.93,2.0,0.0,213.79,0.934,0.025,0.01,0.04,0.085,0.076,1.0,25.0,10.0,10.81,14.0,0.778,0.245,1.2,-2.36,1.1
EVT_00808,21.8653,86.31976,2,NATURAL_FOREST_WILDFIRE,Similipal Tiger Reserve (Odisha),TRAIN,FSI Wildfire Incident Database,0.98,118.02,336.44,322.49,846.9,113.57,13.94,99.24,2.0,0.0,208.33,0.866,0.112,0.01,0.021,0.063,0.056,1.0,25.0,10.0,9.3,9.0,0.77,0.298,0.547,-3.29,-3.07
EVT_00809,21.87546,86.32068,2,NATURAL_FOREST_WILDFIRE,Similipal Tiger Reserve (Odisha),TRAIN,FSI Wildfire Incident Database,0.98,122.59,346.82,322.74,500.0,4164.88,24.08,98.12,2.0,0.0,207.2,0.932,0.031,0.01,0.036,0.093,0.083,1.0,25.0,10.0,9.76,13.0,0.779,0.289,0.2,-4.67,-1.79
EVT_00810,21.83889,86.28819,2,NATURAL_FOREST_WILDFIRE,Similipal Tiger Reserve (Odisha),TRAIN,FSI Wildfire Incident Database,0.98,127.92,334.51,315.23,846.4,104.69,19.28,101.99,2.0,0.0,211.46,0.888,0.073,0.01,0.039,0.045,0.041,1.0,25.0,10.0,10.29,9.0,0.766,0.255,0.546,-3.29,-3.07
EVT_00811,21.82415,86.32508,2,NATURAL_FOREST_WILDFIRE,Similipal Tiger Reserve (Odisha),TRAIN,FSI Wildfire Incident Database,0.98,55.04,326.8,315.06,843.1,74.31,11.74,103.84,2.0,0.0,212.87,0.912,0.048,0.01,0.04,0.048,0.043,0.0,25.0,10.0,3.0,14.0,0.772,0.552,0.543,-3.29,-3.07
EVT_00812,21.81644,86.34574,2,NATURAL_FOREST_WILDFIRE,Similipal Tiger Reserve (Odisha),TRAIN,FSI Wildfire Incident Database,0.98,154.73,335.63,315.31,500.0,2639.81,20.33,104.88,2.0,0.0,213.63,0.934,0.029,0.01,0.037,0.105,0.095,0.0,25.0,10.0,12.97,9.0,0.78,0.161,0.2,-3.29,-3.07
EVT_00813,21.84127,86.34147,2,NATURAL_FOREST_WILDFIRE,Similipal Tiger Reserve (Odisha),TRAIN,FSI Wildfire Incident Database,0.98,66.12,336.46,321.82,846.9,113.66,14.64,102.09,2.0,0.0,210.9,0.873,0.091,0.01,0.036,0.079,0.071,0.0,25.0,10.0,4.11,6.0,0.764,0.499,0.547,-3.29,-3.07
EVT_00814,21.84151,86.30514,2,NATURAL_FOREST_WILDFIRE,Similipal Tiger Reserve (Odisha),TRAIN,FSI Wildfire Incident Database,0.98,86.43,345.53,309.74,848.5,161.92,35.79,101.78,2.0,0.0,211.05,0.871,0.098,0.01,0.031,0.115,0.103,0.0,25.0,10.0,6.14,11.0,0.766,0.42,0.548,-3.29,-3.07
EVT_00815,21.83672,86.3725,2,NATURAL_FOREST_WILDFIRE,Similipal Tiger Reserve (Odisha),TRAIN,FSI Wildfire Incident Database,0.98,55.44,336.84,322.95,500.0,2797.39,13.89,102.94,2.0,0.0,211.3,0.91,0.041,0.01,0.049,0.064,0.057,1.0,25.0,10.0,3.04,8.0,0.767,0.545,0.2,-1.79,-7.18
EVT_00816,21.86901,86.30792,2,NATURAL_FOREST_WILDFIRE,Similipal Tiger Reserve (Odisha),TRAIN,FSI Wildfire Incident Database,0.98,89.66,345.89,314.41,848.5,164.26,31.48,98.75,2.0,0.0,207.99,0.873,0.088,0.01,0.039,0.06,0.054,0.0,25.0,10.0,6.47,3.0,0.762,0.404,0.548,-4.67,-1.79
EVT_00817,21.83262,86.35986,2,NATURAL_FOREST_WILDFIRE,Similipal Tiger Reserve (Odisha),TRAIN,FSI Wildfire Incident Database,0.98,120.83,344.23,317.95,848.3,154.41,26.28,103.24,2.0,0.0,211.79,0.912,0.062,0.01,0.026,0.104,0.094,1.0,25.0,10.0,9.58,6.0,0.78,0.297,0.548,-1.79,-7.18
EVT_00818,21.89609,86.38708,2,NATURAL_FOREST_WILDFIRE,Similipal Tiger Reserve (Odisha),TRAIN,FSI Wildfire Incident Database,0.98,45.81,328.62,322.35,844.1,80.9,6.28,96.6,2.0,0.0,204.69,0.884,0.071,0.01,0.045,0.096,0.086,0.0,25.0,10.0,2.08,4.0,0.762,0.579,0.544,-4.02,-5.73
EVT_00819,21.83381,86.34463,2,NATURAL_FOREST_WILDFIRE,Similipal Tiger Reserve (Odisha),TRAIN,FSI Wildfire Incident Database,0.98,101.78,325.65,311.4,842.4,70.32,14.25,102.95,2.0,0.0,211.71,0.901,0.05,0.01,0.049,0.104,0.094,1.0,25.0,10.0,7.68,4.0,0.764,0.357,0.542,-3.29,-3.07
EVT_00820,21.88418,86.33063,2,NATURAL_FOREST_WILDFIRE,Similipal Tiger Reserve (Odisha),TRAIN,FSI Wildfire Incident Database,0.98,108.03,342.04,315.04,500.0,3436.52,26.99,97.24,2.0,0.0,206.18,0.89,0.068,0.01,0.042,0.112,0.101,0.0,25.0,10.0,8.3,5.0,0.765,0.333,0.2,-4.67,-1.79
EVT_00821,21.85315,86.32186,2,NATURAL_FOREST_WILDFIRE,Similipal Tiger Reserve (Odisha),TRAIN,FSI Wildfire Incident Database,0.98,116.58,344.23,318.03,848.3,154.42,26.2,100.6,2.0,0.0,209.67,0.863,0.09,0.01,0.048,0.026,0.024,1.0,25.0,10.0,9.16,14.0,0.755,0.289,0.548,-3.29,-3.07
EVT_00822,21.82269,86.3282,2,NATURAL_FOREST_WILDFIRE,Similipal Tiger Reserve (Odisha),TRAIN,FSI Wildfire Incident Database,0.98,98.22,359.21,323.82,849.5,262.16,35.39,104.03,2.0,0.0,213.02,0.942,0.009,0.01,0.049,0.102,0.092,1.0,25.0,10.0,7.32,7.0,0.775,0.383,0.549,-3.29,-3.07
EVT_00823,21.8444,86.34735,2,NATURAL_FOREST_WILDFIRE,Similipal Tiger Reserve (Odisha),TRAIN,FSI Wildfire Incident Database,0.98,114.67,358.82,315.66,1500.0,33.66,43.15,101.8,2.0,0.0,210.53,0.86,0.083,0.01,0.057,0.092,0.082,0.0,25.0,10.0,8.97,3.0,0.749,0.29,1.2,-3.29,-3.07
EVT_00824,21.82059,86.27794,2,NATURAL_FOREST_WILDFIRE,Similipal Tiger Reserve (Odisha),TRAIN,FSI Wildfire Incident Database,0.98,90.36,345.7,311.11,848.5,162.98,34.59,103.99,2.0,0.0,213.56,0.929,0.022,0.01,0.049,0.023,0.021,0.0,25.0,10.0,6.54,13.0,0.772,0.41,0.548,-2.36,1.1
EVT_00825,21.8225,86.3693,2,NATURAL_FOREST_WILDFIRE,Similipal Tiger Reserve (Odisha),TRAIN,FSI Wildfire Incident Database,0.98,138.97,339.45,315.51,847.6,128.22,23.94,104.47,2.0,0.0,212.89,0.92,0.04,0.01,0.04,0.118,0.106,1.0,25.0,10.0,11.4,8.0,0.774,0.219,0.548,-1.79,-7.18
EVT_00826,21.78952,86.34097,2,NATURAL_FOREST_WILDFIRE,Similipal Tiger Reserve (Odisha),TRAIN,FSI Wildfire Incident Database,0.98,37.56,337.94,313.22,500.0,2904.35,24.72,107.38,2.0,0.0,216.64,0.923,0.035,0.01,0.042,0.056,0.051,1.0,25.0,10.0,1.26,14.0,0.774,0.624,0.2,-0.71,-5.76
EVT_00827,21.87532,86.34139,2,NATURAL_FOREST_WILDFIRE,Similipal Tiger Reserve (Odisha),TRAIN,FSI Wildfire Incident Database,0.98,138.65,362.2,304.37,1500.0,37.55,57.83,98.32,2.0,0.0,207.12,0.864,0.092,0.01,0.045,0.064,0.058,1.0,25.0,10.0,11.36,10.0,0.757,0.202,1.2,-4.67,-1.79
EVT_00828,21.84838,86.34113,2,NATURAL_FOREST_WILDFIRE,Similipal Tiger Reserve (Odisha),TRAIN,FSI Wildfire Incident Database,0.98,55.52,356.59,326.17,849.3,240.34,30.42,101.3,2.0,0.0,210.11,0.902,0.049,0.01,0.049,0.032,0.029,1.0,25.0,10.0,3.05,13.0,0.765,0.542,0.549,-3.29,-3.07
EVT_00829,21.8542,86.32225,2,NATURAL_FOREST_WILDFIRE,Similipal Tiger Reserve (Odisha),TRAIN,FSI Wildfire Incident Database,0.98,42.86,345.31,315.82,848.5,160.78,29.49,100.49,2.0,0.0,209.55,0.906,0.058,0.01,0.036,0.089,0.08,1.0,25.0,10.0,1.79,13.0,0.773,0.601,0.548,-3.29,-3.07
EVT_00830,21.88682,86.31551,2,NATURAL_FOREST_WILDFIRE,Similipal Tiger Reserve (Odisha),TRAIN,FSI Wildfire Incident Database,0.98,69.32,346.15,310.39,848.5,165.7,35.76,96.82,2.0,0.0,205.97,0.937,0.008,0.01,0.055,0.102,0.092,0.0,25.0,10.0,4.43,8.0,0.771,0.493,0.548,-4.67,-1.79
EVT_00831,21.86195,86.31509,2,NATURAL_FOREST_WILDFIRE,Similipal Tiger Reserve (Odisha),TRAIN,FSI Wildfire Incident Database,0.98,133.12,336.29,312.31,846.9,112.77,23.99,99.58,2.0,0.0,208.73,0.861,0.097,0.01,0.042,0.039,0.035,1.0,25.0,10.0,10.81,12.0,0.757,0.225,0.547,-3.29,-3.07
EVT_00832,21.89444,86.39053,2,NATURAL_FOREST_WILDFIRE,Similipal Tiger Reserve (Odisha),TRAIN,FSI Wildfire Incident Database,0.98,43.34,346.37,326.04,848.6,167.47,20.33,96.83,2.0,0.0,204.87,0.899,0.07,0.01,0.031,0.032,0.028,1.0,25.0,10.0,1.83,2.0,0.774,0.6,0.549,-4.02,-5.73
EVT_00833,21.87812,86.29899,2,NATURAL_FOREST_WILDFIRE,Similipal Tiger Reserve (Odisha),TRAIN,FSI Wildfire Incident Database,0.98,81.57,354.28,323.29,849.2,222.03,30.99,97.68,2.0,0.0,207.04,0.924,0.034,0.01,0.042,0.046,0.042,1.0,25.0,10.0,5.66,9.0,0.774,0.448,0.549,-4.67,-1.79
EVT_00834,21.87956,86.32452,2,NATURAL_FOREST_WILDFIRE,Similipal Tiger Reserve (Odisha),TRAIN,FSI Wildfire Incident Database,0.98,66.52,345.09,324.22,679.6,499.96,20.87,97.7,2.0,0.0,206.73,0.922,0.054,0.01,0.024,0.04,0.036,0.0,25.0,10.0,4.15,8.0,0.784,0.518,0.38,-4.67,-1.79
EVT_00835,21.89514,86.25948,2,NATURAL_FOREST_WILDFIRE,Similipal Tiger Reserve (Odisha),TRAIN,FSI Wildfire Incident Database,0.98,141.52,349.46,312.56,848.9,187.06,36.9,95.66,2.0,0.0,205.46,0.918,0.042,0.01,0.04,0.076,0.068,1.0,25.0,10.0,11.65,10.0,0.774,0.208,0.549,-4.67,-1.79
EVT_00836,21.80183,86.35169,2,NATURAL_FOREST_WILDFIRE,Similipal Tiger Reserve (Odisha),TRAIN,FSI Wildfire Incident Database,0.98,41.53,335.7,316.88,846.7,110.09,18.82,106.56,2.0,0.0,215.23,0.922,0.034,0.01,0.044,0.045,0.041,0.0,25.0,10.0,1.65,12.0,0.773,0.607,0.547,-1.79,-7.18
EVT_00837,21.89566,86.28977,2,NATURAL_FOREST_WILDFIRE,Similipal Tiger Reserve (Odisha),TRAIN,FSI Wildfire Incident Database,0.98,101.69,339.64,319.0,847.6,129.26,20.64,95.69,2.0,0.0,205.16,0.916,0.059,0.01,0.025,0.03,0.027,1.0,25.0,10.0,7.67,3.0,0.782,0.375,0.548,-4.67,-1.79
EVT_00838,21.90599,86.29679,2,NATURAL_FOREST_WILDFIRE,Similipal Tiger Reserve (Odisha),TRAIN,FSI Wildfire Incident Database,0.98,91.78,351.55,315.83,849.0,201.66,35.72,94.58,2.0,0.0,203.96,0.93,0.024,0.01,0.045,0.092,0.083,0.0,25.0,10.0,6.68,2.0,0.774,0.407,0.549,-4.67,-1.79
EVT_00839,21.7957,86.2699,2,NATURAL_FOREST_WILDFIRE,Similipal Tiger Reserve (Odisha),TRAIN,FSI Wildfire Incident Database,0.98,96.23,358.07,313.48,1500.0,32.83,44.59,105.29,2.0,0.0,216.38,0.912,0.036,0.01,0.053,0.072,0.065,1.0,25.0,10.0,7.12,11.0,0.766,0.381,1.2,-2.36,1.1
EVT_00840,21.84032,86.33202,2,NATURAL_FOREST_WILDFIRE,Similipal Tiger Reserve (Odisha),TRAIN,FSI Wildfire Incident Database,0.98,153.82,348.52,309.13,504.0,4094.33,39.38,102.11,2.0,0.0,211.04,0.918,0.024,0.01,0.058,0.106,0.095,0.0,25.0,10.0,12.88,8.0,0.764,0.149,0.204,-3.29,-3.07
EVT_00841,23.74087,81.04691,2,NATURAL_FOREST_WILDFIRE,Bandhavgarh Reserve (MP),TRAIN,FSI Wildfire Database,0.98,138.09,335.14,320.8,846.5,107.61,14.34,46.2,2.0,0.0,187.23,0.813,0.131,0.01,0.055,0.048,0.043,1.0,25.0,10.0,11.31,12.0,0.737,0.184,0.546,1.38,-13.13
EVT_00842,23.70357,81.07361,2,NATURAL_FOREST_WILDFIRE,Bandhavgarh Reserve (MP),TRAIN,FSI Wildfire Database,0.98,127.6,321.35,319.51,839.1,56.86,1.84,42.23,2.0,0.0,185.57,0.82,0.146,0.01,0.034,0.098,0.089,1.0,25.0,10.0,10.26,2.0,0.751,0.24,0.539,1.38,-13.13
EVT_00843,23.64879,81.00731,2,NATURAL_FOREST_WILDFIRE,Bandhavgarh Reserve (MP),TRAIN,FSI Wildfire Database,0.98,52.28,335.0,323.81,846.5,106.99,11.19,36.03,2.0,0.0,194.44,0.861,0.101,0.01,0.037,0.06,0.054,1.0,25.0,10.0,2.73,4.0,0.76,0.55,0.546,0.84,-12.07
EVT_00844,23.71923,80.99265,2,NATURAL_FOREST_WILDFIRE,Bandhavgarh Reserve (MP),TRAIN,FSI Wildfire Database,0.98,144.01,343.12,327.48,848.2,148.15,15.63,43.97,2.0,0.0,193.68,0.852,0.097,0.01,0.051,0.049,0.044,0.0,25.0,10.0,11.9,8.0,0.75,0.174,0.548,0.43,-12.39
EVT_00845,23.67706,81.02285,2,NATURAL_FOREST_WILDFIRE,Bandhavgarh Reserve (MP),TRAIN,FSI Wildfire Database,0.98,78.87,340.19,316.79,847.7,132.08,23.4,39.1,2.0,0.0,191.83,0.822,0.129,0.01,0.049,0.113,0.102,1.0,25.0,10.0,5.39,7.0,0.743,0.428,0.548,0.84,-12.07
EVT_00846,23.72151,81.04404,2,NATURAL_FOREST_WILDFIRE,Bandhavgarh Reserve (MP),TRAIN,FSI Wildfire Database,0.98,75.74,323.41,328.61,500.0,1476.93,-5.2,44.04,2.0,0.0,188.13,0.864,0.094,0.01,0.042,0.068,0.061,1.0,25.0,10.0,5.07,4.0,0.758,0.455,0.2,1.38,-13.13
EVT_00847,23.69913,80.96909,2,NATURAL_FOREST_WILDFIRE,Bandhavgarh Reserve (MP),TRAIN,FSI Wildfire Database,0.98,155.11,350.95,317.06,686.4,586.21,33.89,42.05,2.0,0.0,196.82,0.869,0.074,0.01,0.058,0.109,0.098,1.0,25.0,10.0,13.01,12.0,0.751,0.131,0.386,0.43,-12.39
EVT_00848,23.72805,80.9627,2,NATURAL_FOREST_WILDFIRE,Bandhavgarh Reserve (MP),TRAIN,FSI Wildfire Database,0.98,66.53,351.97,323.86,849.1,204.92,28.11,45.33,2.0,0.0,196.62,0.832,0.128,0.01,0.039,0.079,0.071,1.0,25.0,10.0,4.15,8.0,0.751,0.485,0.549,0.43,-12.39
EVT_00849,23.67178,81.0795,2,NATURAL_FOREST_WILDFIRE,Bandhavgarh Reserve (MP),TRAIN,FSI Wildfire Database,0.98,86.38,357.66,318.43,849.4,248.77,39.23,38.78,2.0,0.0,186.03,0.883,0.065,0.01,0.051,0.056,0.05,1.0,25.0,10.0,6.14,14.0,0.758,0.412,0.549,1.31,-12.43
EVT_00850,23.73693,80.98034,2,NATURAL_FOREST_WILDFIRE,Bandhavgarh Reserve (MP),TRAIN,FSI Wildfire Database,0.98,73.8,346.38,323.5,848.6,167.5,22.88,46.06,2.0,0.0,194.47,0.866,0.098,0.01,0.036,0.086,0.077,0.0,25.0,10.0,4.88,10.0,0.762,0.467,0.549,0.43,-12.39
EVT_00851,23.72858,81.04544,2,NATURAL_FOREST_WILDFIRE,Bandhavgarh Reserve (MP),TRAIN,FSI Wildfire Database,0.98,155.0,336.35,324.43,846.9,113.16,11.91,44.83,2.0,0.0,187.77,0.835,0.14,0.01,0.025,0.102,0.092,1.0,25.0,10.0,13.0,12.0,0.76,0.14,0.547,1.38,-13.13
EVT_00852,23.70484,80.96234,2,NATURAL_FOREST_WILDFIRE,Bandhavgarh Reserve (MP),TRAIN,FSI Wildfire Database,0.98,103.26,354.34,326.24,849.2,222.57,28.1,42.79,2.0,0.0,197.36,0.801,0.162,0.01,0.037,0.079,0.071,1.0,25.0,10.0,7.83,14.0,0.744,0.331,0.549,0.43,-12.39
EVT_00853,23.68728,81.01219,2,NATURAL_FOREST_WILDFIRE,Bandhavgarh Reserve (MP),TRAIN,FSI Wildfire Database,0.98,125.11,352.71,323.19,500.0,5160.76,29.53,40.27,2.0,0.0,192.62,0.898,0.048,0.01,0.053,0.093,0.084,0.0,25.0,10.0,10.01,14.0,0.761,0.26,0.2,0.84,-12.07
EVT_00854,23.80837,80.97112,2,NATURAL_FOREST_WILDFIRE,Bandhavgarh Reserve (MP),TRAIN,FSI Wildfire Database,0.98,60.75,341.39,324.11,847.9,138.55,17.28,45.32,2.0,0.0,193.52,0.851,0.113,0.01,0.037,0.103,0.093,1.0,25.0,10.0,3.58,4.0,0.758,0.515,0.548,-0.42,-12.09
EVT_00855,23.72122,81.05745,2,NATURAL_FOREST_WILDFIRE,Bandhavgarh Reserve (MP),TRAIN,FSI Wildfire Database,0.98,122.6,331.71,316.38,845.4,92.84,15.33,44.06,2.0,0.0,186.72,0.891,0.051,0.01,0.058,0.113,0.101,1.0,25.0,10.0,9.76,7.0,0.757,0.266,0.545,1.38,-13.13
EVT_00856,23.71485,80.99702,2,NATURAL_FOREST_WILDFIRE,Bandhavgarh Reserve (MP),TRAIN,FSI Wildfire Database,0.98,140.82,349.87,318.39,848.9,190.02,31.47,43.44,2.0,0.0,193.35,0.839,0.129,0.01,0.032,0.033,0.029,0.0,25.0,10.0,11.58,4.0,0.757,0.194,0.549,0.43,-12.39
EVT_00857,23.71319,81.06521,2,NATURAL_FOREST_WILDFIRE,Bandhavgarh Reserve (MP),TRAIN,FSI Wildfire Database,0.98,91.05,374.0,319.24,1500.0,54.11,54.77,43.22,2.0,0.0,186.15,0.812,0.131,0.01,0.057,0.046,0.041,0.0,25.0,10.0,6.6,4.0,0.736,0.372,1.2,1.38,-13.13
EVT_00858,23.77903,81.00844,2,NATURAL_FOREST_WILDFIRE,Bandhavgarh Reserve (MP),TRAIN,FSI Wildfire Database,0.98,47.57,341.27,317.89,847.9,137.82,23.38,50.32,2.0,0.0,190.26,0.87,0.083,0.01,0.048,0.07,0.063,1.0,25.0,10.0,2.26,3.0,0.757,0.567,0.548,-0.42,-12.09
EVT_00859,23.71757,81.08622,2,NATURAL_FOREST_WILDFIRE,Bandhavgarh Reserve (MP),TRAIN,FSI Wildfire Database,0.98,91.28,341.8,322.31,848.0,140.75,19.48,43.92,2.0,0.0,183.77,0.84,0.111,0.01,0.049,0.04,0.036,0.0,25.0,10.0,6.63,9.0,0.748,0.383,0.548,1.38,-13.13
EVT_00860,23.70981,81.03353,2,NATURAL_FOREST_WILDFIRE,Bandhavgarh Reserve (MP),TRAIN,FSI Wildfire Database,0.98,79.62,347.44,321.6,848.7,174.1,25.83,42.72,2.0,0.0,189.62,0.845,0.114,0.01,0.04,0.119,0.107,0.0,25.0,10.0,5.46,5.0,0.754,0.435,0.549,1.38,-13.13
EVT_00861,23.75576,81.07027,2,NATURAL_FOREST_WILDFIRE,Bandhavgarh Reserve (MP),TRAIN,FSI Wildfire Database,0.98,53.25,332.55,313.14,500.0,2298.97,19.41,47.98,2.0,0.0,184.29,0.876,0.095,0.01,0.029,0.049,0.044,0.0,25.0,10.0,2.83,6.0,0.769,0.556,0.2,1.38,-13.13
EVT_00862,23.72129,81.02426,2,NATURAL_FOREST_WILDFIRE,Bandhavgarh Reserve (MP),TRAIN,FSI Wildfire Database,0.98,138.17,342.3,322.89,848.0,143.52,19.41,44.01,2.0,0.0,190.25,0.873,0.082,0.01,0.044,0.102,0.091,1.0,25.0,10.0,11.32,10.0,0.759,0.206,0.548,1.38,-13.13
EVT_00863,23.70726,81.06254,2,NATURAL_FOREST_WILDFIRE,Bandhavgarh Reserve (MP),TRAIN,FSI Wildfire Database,0.98,103.61,342.59,310.36,848.1,144.89,32.23,42.54,2.0,0.0,186.62,0.89,0.055,0.01,0.055,0.074,0.066,1.0,25.0,10.0,7.86,7.0,0.758,0.344,0.548,1.38,-13.13
EVT_00864,23.7105,81.00376,2,NATURAL_FOREST_WILDFIRE,Bandhavgarh Reserve (MP),TRAIN,FSI Wildfire Database,0.98,98.15,352.9,317.91,849.1,211.46,34.98,42.9,2.0,0.0,192.77,0.849,0.095,0.01,0.055,0.095,0.085,0.0,25.0,10.0,7.31,11.0,0.746,0.354,0.549,0.43,-12.39
EVT_00865,23.66722,80.99655,2,NATURAL_FOREST_WILDFIRE,Bandhavgarh Reserve (MP),TRAIN,FSI Wildfire Database,0.98,104.38,353.77,313.31,1500.0,28.36,40.46,38.17,2.0,0.0,194.94,0.881,0.085,0.01,0.035,0.11,0.099,1.0,25.0,10.0,7.94,12.0,0.767,0.35,1.2,0.84,-12.07
EVT_00866,23.76589,81.05024,2,NATURAL_FOREST_WILDFIRE,Bandhavgarh Reserve (MP),TRAIN,FSI Wildfire Database,0.98,112.03,344.76,316.84,848.4,157.49,27.91,48.99,2.0,0.0,186.14,0.898,0.049,0.01,0.054,0.063,0.057,0.0,25.0,10.0,8.7,2.0,0.761,0.313,0.548,1.36,-12.93
EVT_00867,23.67921,80.96712,2,NATURAL_FOREST_WILDFIRE,Bandhavgarh Reserve (MP),TRAIN,FSI Wildfire Database,0.98,52.22,342.6,322.51,848.1,145.19,20.09,39.89,2.0,0.0,197.66,0.898,0.07,0.01,0.032,0.057,0.051,1.0,25.0,10.0,2.72,13.0,0.773,0.564,0.548,0.84,-12.07
EVT_00868,23.78935,81.00444,2,NATURAL_FOREST_WILDFIRE,Bandhavgarh Reserve (MP),TRAIN,FSI Wildfire Database,0.98,130.22,352.85,318.73,849.1,211.12,34.12,49.3,2.0,0.0,190.41,0.888,0.079,0.01,0.033,0.026,0.023,1.0,25.0,10.0,10.52,5.0,0.77,0.249,0.549,-0.42,-12.09
EVT_00869,23.66711,80.96122,2,NATURAL_FOREST_WILDFIRE,Bandhavgarh Reserve (MP),TRAIN,FSI Wildfire Database,0.98,137.78,328.56,319.67,500.0,1915.77,8.88,38.68,2.0,0.0,198.68,0.884,0.09,0.01,0.027,0.05,0.045,1.0,25.0,10.0,11.28,10.0,0.772,0.221,0.2,0.84,-12.07
EVT_00870,23.73537,81.04916,2,NATURAL_FOREST_WILDFIRE,Bandhavgarh Reserve (MP),TRAIN,FSI Wildfire Database,0.98,87.41,353.55,318.39,849.2,216.3,35.16,45.59,2.0,0.0,187.16,0.88,0.067,0.01,0.052,0.039,0.035,0.0,25.0,10.0,6.24,4.0,0.756,0.407,0.549,1.38,-13.13
EVT_00871,23.742,80.97137,2,NATURAL_FOREST_WILDFIRE,Bandhavgarh Reserve (MP),TRAIN,FSI Wildfire Database,0.98,142.86,360.44,313.61,1500.0,35.51,46.83,46.73,2.0,0.0,195.28,0.856,0.097,0.01,0.046,0.028,0.025,1.0,25.0,10.0,11.79,11.0,0.753,0.182,1.2,0.43,-12.39
EVT_00872,23.70234,81.02447,2,NATURAL_FOREST_WILDFIRE,Bandhavgarh Reserve (MP),TRAIN,FSI Wildfire Database,0.98,118.1,343.5,319.01,559.0,1612.29,24.49,41.9,2.0,0.0,190.82,0.872,0.104,0.01,0.024,0.054,0.049,0.0,25.0,10.0,9.31,6.0,0.77,0.298,0.259,1.38,-13.13
EVT_00873,23.6709,81.05075,2,NATURAL_FOREST_WILDFIRE,Bandhavgarh Reserve (MP),TRAIN,FSI Wildfire Database,0.98,51.13,344.11,325.83,848.3,153.87,18.28,38.44,2.0,0.0,189.09,0.829,0.128,0.01,0.042,0.073,0.065,1.0,25.0,10.0,2.61,4.0,0.748,0.544,0.548,1.31,-12.43
EVT_00874,23.68972,81.00189,2,NATURAL_FOREST_WILDFIRE,Bandhavgarh Reserve (MP),TRAIN,FSI Wildfire Database,0.98,101.85,329.18,315.53,736.6,162.83,13.65,40.62,2.0,0.0,193.63,0.87,0.108,0.01,0.022,0.04,0.036,1.0,25.0,10.0,7.69,10.0,0.771,0.363,0.437,0.84,-12.07
EVT_00875,23.71455,81.00766,2,NATURAL_FOREST_WILDFIRE,Bandhavgarh Reserve (MP),TRAIN,FSI Wildfire Database,0.98,131.27,344.51,321.91,848.4,156.12,22.6,43.33,2.0,0.0,192.23,0.892,0.066,0.01,0.042,0.034,0.031,1.0,25.0,10.0,10.63,8.0,0.766,0.241,0.548,0.43,-12.39
EVT_00876,23.65768,81.0726,2,NATURAL_FOREST_WILDFIRE,Bandhavgarh Reserve (MP),TRAIN,FSI Wildfire Database,0.98,89.05,348.99,315.58,848.8,184.02,33.41,37.14,2.0,0.0,187.25,0.835,0.118,0.01,0.046,0.103,0.093,1.0,25.0,10.0,6.4,8.0,0.748,0.391,0.549,1.31,-12.43
EVT_00877,23.78069,81.0435,2,NATURAL_FOREST_WILDFIRE,Bandhavgarh Reserve (MP),TRAIN,FSI Wildfire Database,0.98,92.04,339.78,316.82,847.6,129.96,22.96,50.61,2.0,0.0,186.44,0.897,0.082,0.01,0.021,0.059,0.053,1.0,25.0,10.0,6.7,8.0,0.779,0.41,0.548,1.36,-12.93
EVT_00878,23.76409,81.09131,2,NATURAL_FOREST_WILDFIRE,Bandhavgarh Reserve (MP),TRAIN,FSI Wildfire Database,0.98,70.38,344.45,319.03,848.3,155.74,25.42,49.11,2.0,0.0,181.79,0.826,0.139,0.01,0.035,0.064,0.057,1.0,25.0,10.0,4.54,14.0,0.752,0.47,0.548,1.38,-13.13
EVT_00879,23.73289,81.04933,2,NATURAL_FOREST_WILDFIRE,Bandhavgarh Reserve (MP),TRAIN,FSI Wildfire Database,0.98,37.46,353.6,312.45,1500.0,28.18,41.15,45.32,2.0,0.0,187.22,0.826,0.126,0.01,0.049,0.094,0.084,1.0,25.0,10.0,1.25,5.0,0.745,0.595,1.2,1.38,-13.13
EVT_00880,23.68615,81.05447,2,NATURAL_FOREST_WILDFIRE,Bandhavgarh Reserve (MP),TRAIN,FSI Wildfire Database,0.98,125.64,337.52,322.55,847.1,118.75,14.97,40.15,2.0,0.0,188.18,0.892,0.056,0.01,0.053,0.032,0.029,0.0,25.0,10.0,10.06,13.0,0.76,0.258,0.547,1.31,-12.43
EVT_00881,23.70044,81.00908,2,NATURAL_FOREST_WILDFIRE,Bandhavgarh Reserve (MP),TRAIN,FSI Wildfire Database,0.98,111.77,338.96,314.86,847.5,125.73,24.1,41.75,2.0,0.0,192.52,0.808,0.172,0.01,0.02,0.1,0.09,1.0,25.0,10.0,8.68,8.0,0.755,0.308,0.547,0.43,-12.39
EVT_00882,23.72479,80.92105,2,NATURAL_FOREST_WILDFIRE,Bandhavgarh Reserve (MP),TRAIN,FSI Wildfire Database,0.98,123.8,329.44,322.71,844.5,83.95,6.73,45.84,2.0,0.0,201.17,0.858,0.113,0.01,0.028,0.037,0.033,1.0,25.0,10.0,9.88,6.0,0.764,0.268,0.544,-0.94,-10.76
EVT_00883,23.71771,80.99236,2,NATURAL_FOREST_WILDFIRE,Bandhavgarh Reserve (MP),TRAIN,FSI Wildfire Database,0.98,153.82,334.83,319.14,846.5,106.17,15.69,43.8,2.0,0.0,193.76,0.818,0.161,0.01,0.021,0.118,0.106,1.0,25.0,10.0,12.88,7.0,0.757,0.142,0.546,0.43,-12.39
EVT_00884,23.72331,81.00255,2,NATURAL_FOREST_WILDFIRE,Bandhavgarh Reserve (MP),TRAIN,FSI Wildfire Database,0.98,137.81,338.11,314.04,500.0,2928.16,24.07,44.33,2.0,0.0,192.5,0.872,0.087,0.01,0.041,0.042,0.038,0.0,25.0,10.0,11.28,14.0,0.761,0.21,0.2,0.43,-12.39
EVT_00885,23.6632,80.98659,2,NATURAL_FOREST_WILDFIRE,Bandhavgarh Reserve (MP),TRAIN,FSI Wildfire Database,0.98,118.97,347.5,318.77,848.7,174.42,28.73,37.84,2.0,0.0,196.13,0.898,0.075,0.01,0.027,0.027,0.025,1.0,25.0,10.0,9.4,13.0,0.776,0.3,0.549,0.84,-12.07
EVT_00886,23.76666,80.99101,2,NATURAL_FOREST_WILDFIRE,Bandhavgarh Reserve (MP),TRAIN,FSI Wildfire Database,0.98,37.62,335.53,314.43,562.1,1114.78,21.1,49.23,2.0,0.0,192.47,0.803,0.153,0.01,0.044,0.08,0.072,1.0,25.0,10.0,1.26,10.0,0.741,0.59,0.262,-0.42,-12.09
EVT_00887,23.70149,80.98235,2,NATURAL_FOREST_WILDFIRE,Bandhavgarh Reserve (MP),TRAIN,FSI Wildfire Database,0.98,76.77,338.12,307.4,847.3,121.39,30.72,42.12,2.0,0.0,195.33,0.845,0.102,0.01,0.053,0.031,0.028,0.0,25.0,10.0,5.18,7.0,0.747,0.44,0.547,0.43,-12.39
EVT_00888,23.7302,80.9999,2,NATURAL_FOREST_WILDFIRE,Bandhavgarh Reserve (MP),TRAIN,FSI Wildfire Database,0.98,151.57,330.59,312.59,845.0,88.32,18.0,45.12,2.0,0.0,192.58,0.85,0.102,0.01,0.048,0.045,0.04,1.0,25.0,10.0,12.66,5.0,0.751,0.145,0.545,0.43,-12.39
EVT_00889,23.76143,81.03081,2,NATURAL_FOREST_WILDFIRE,Bandhavgarh Reserve (MP),TRAIN,FSI Wildfire Database,0.98,101.75,343.88,315.66,848.3,152.31,28.21,48.46,2.0,0.0,188.35,0.844,0.102,0.01,0.054,0.058,0.052,0.0,25.0,10.0,7.68,2.0,0.746,0.339,0.548,1.36,-12.93
EVT_00890,23.65104,81.01619,2,NATURAL_FOREST_WILDFIRE,Bandhavgarh Reserve (MP),TRAIN,FSI Wildfire Database,0.98,79.05,347.82,312.93,848.7,176.33,34.89,36.23,2.0,0.0,193.42,0.816,0.126,0.01,0.058,0.091,0.082,0.0,25.0,10.0,5.41,11.0,0.736,0.42,0.549,0.84,-12.07
EVT_00891,23.66019,80.98524,2,NATURAL_FOREST_WILDFIRE,Bandhavgarh Reserve (MP),TRAIN,FSI Wildfire Database,0.98,98.84,335.59,317.35,500.0,2640.2,18.24,37.53,2.0,0.0,196.37,0.851,0.124,0.01,0.025,0.066,0.059,1.0,25.0,10.0,7.38,14.0,0.764,0.369,0.2,0.84,-12.07
EVT_00892,23.69759,81.07193,2,NATURAL_FOREST_WILDFIRE,Bandhavgarh Reserve (MP),TRAIN,FSI Wildfire Database,0.98,97.22,335.39,311.0,737.8,213.97,24.38,41.55,2.0,0.0,185.95,0.891,0.068,0.01,0.041,0.054,0.049,0.0,25.0,10.0,7.22,14.0,0.766,0.377,0.438,1.38,-13.13
EVT_00893,23.69681,81.04454,2,NATURAL_FOREST_WILDFIRE,Bandhavgarh Reserve (MP),TRAIN,FSI Wildfire Database,0.98,138.48,321.86,317.23,839.5,58.33,4.63,41.29,2.0,0.0,188.87,0.874,0.078,0.01,0.048,0.022,0.02,0.0,25.0,10.0,11.35,8.0,0.758,0.204,0.539,1.38,-13.13
EVT_00894,23.73298,81.01183,2,NATURAL_FOREST_WILDFIRE,Bandhavgarh Reserve (MP),TRAIN,FSI Wildfire Database,0.98,152.34,345.79,322.04,848.5,163.83,23.75,45.35,2.0,0.0,191.22,0.828,0.133,0.01,0.039,0.092,0.083,0.0,25.0,10.0,12.73,6.0,0.75,0.141,0.548,0.43,-12.39
EVT_00895,23.71306,81.04566,2,NATURAL_FOREST_WILDFIRE,Bandhavgarh Reserve (MP),TRAIN,FSI Wildfire Database,0.98,88.39,354.21,319.4,849.2,221.38,34.81,43.1,2.0,0.0,188.23,0.816,0.136,0.01,0.048,0.043,0.039,1.0,25.0,10.0,6.34,9.0,0.742,0.388,0.549,1.38,-13.13
EVT_00896,23.7307,80.99441,2,NATURAL_FOREST_WILDFIRE,Bandhavgarh Reserve (MP),TRAIN,FSI Wildfire Database,0.98,152.04,333.92,314.81,846.2,102.12,19.11,45.22,2.0,0.0,193.15,0.879,0.093,0.01,0.028,0.022,0.02,1.0,25.0,10.0,12.7,3.0,0.77,0.162,0.546,0.43,-12.39
EVT_00897,23.69684,81.02957,2,NATURAL_FOREST_WILDFIRE,Bandhavgarh Reserve (MP),TRAIN,FSI Wildfire Database,0.98,87.04,330.73,318.15,845.0,88.94,12.59,41.28,2.0,0.0,190.46,0.82,0.148,0.01,0.031,0.103,0.093,1.0,25.0,10.0,6.2,14.0,0.752,0.404,0.545,1.38,-13.13
EVT_00898,23.7027,80.99667,2,NATURAL_FOREST_WILDFIRE,Bandhavgarh Reserve (MP),TRAIN,FSI Wildfire Database,0.98,105.34,342.98,310.31,848.1,147.05,32.67,42.1,2.0,0.0,193.77,0.893,0.076,0.01,0.031,0.114,0.103,0.0,25.0,10.0,8.03,11.0,0.772,0.351,0.548,0.43,-12.39
EVT_00899,23.7548,81.01064,2,NATURAL_FOREST_WILDFIRE,Bandhavgarh Reserve (MP),TRAIN,FSI Wildfire Database,0.98,49.76,352.76,309.6,1500.0,27.36,43.15,47.78,2.0,0.0,190.7,0.871,0.078,0.01,0.051,0.026,0.023,1.0,25.0,10.0,2.48,2.0,0.755,0.556,1.2,0.43,-12.39
EVT_00900,23.78482,81.00538,2,NATURAL_FOREST_WILDFIRE,Bandhavgarh Reserve (MP),TRAIN,FSI Wildfire Database,0.98,84.77,332.12,316.19,845.6,94.52,15.93,49.68,2.0,0.0,190.43,0.851,0.116,0.01,0.033,0.078,0.07,1.0,25.0,10.0,5.98,12.0,0.76,0.421,0.546,-0.42,-12.09
EVT_00901,23.70451,81.02027,2,NATURAL_FOREST_WILDFIRE,Bandhavgarh Reserve (MP),TRAIN,FSI Wildfire Database,0.98,104.24,350.51,315.24,849.0,194.32,35.27,42.15,2.0,0.0,191.2,0.801,0.168,0.01,0.031,0.065,0.059,0.0,25.0,10.0,7.92,4.0,0.747,0.33,0.549,1.38,-13.13
EVT_00902,23.73091,80.99333,2,NATURAL_FOREST_WILDFIRE,Bandhavgarh Reserve (MP),TRAIN,FSI Wildfire Database,0.98,60.86,351.86,314.29,500.0,4944.21,37.57,45.25,2.0,0.0,193.26,0.853,0.094,0.01,0.052,0.11,0.099,1.0,25.0,10.0,3.59,4.0,0.749,0.506,0.2,0.43,-12.39
EVT_00903,23.69645,81.0432,2,NATURAL_FOREST_WILDFIRE,Bandhavgarh Reserve (MP),TRAIN,FSI Wildfire Database,0.98,78.26,350.04,321.21,500.0,4680.94,28.83,41.25,2.0,0.0,189.03,0.887,0.073,0.01,0.04,0.037,0.034,0.0,25.0,10.0,5.33,2.0,0.765,0.452,0.2,1.38,-13.13
EVT_00904,23.70698,81.00342,2,NATURAL_FOREST_WILDFIRE,Bandhavgarh Reserve (MP),TRAIN,FSI Wildfire Database,0.98,53.35,333.18,327.25,500.0,2387.87,5.93,42.52,2.0,0.0,192.92,0.827,0.146,0.01,0.027,0.068,0.061,0.0,25.0,10.0,2.84,4.0,0.756,0.543,0.2,0.43,-12.39
EVT_00905,23.75284,81.04657,2,NATURAL_FOREST_WILDFIRE,Bandhavgarh Reserve (MP),TRAIN,FSI Wildfire Database,0.98,126.99,358.18,316.42,1500.0,32.96,41.76,47.53,2.0,0.0,186.91,0.855,0.102,0.01,0.043,0.034,0.03,1.0,25.0,10.0,10.2,9.0,0.755,0.247,1.2,1.38,-13.13
EVT_00906,23.71564,80.98211,2,NATURAL_FOREST_WILDFIRE,Bandhavgarh Reserve (MP),TRAIN,FSI Wildfire Database,0.98,74.2,348.51,315.55,552.9,2100.28,32.96,43.68,2.0,0.0,194.92,0.851,0.104,0.01,0.045,0.104,0.093,1.0,25.0,10.0,4.92,8.0,0.753,0.456,0.253,0.43,-12.39
EVT_00907,23.76845,81.0011,2,NATURAL_FOREST_WILDFIRE,Bandhavgarh Reserve (MP),TRAIN,FSI Wildfire Database,0.98,99.71,330.2,306.47,844.8,86.71,23.73,49.35,2.0,0.0,191.34,0.867,0.087,0.01,0.046,0.103,0.093,1.0,25.0,10.0,7.47,7.0,0.757,0.358,0.545,-0.42,-12.09
EVT_00908,23.67311,81.06362,2,NATURAL_FOREST_WILDFIRE,Bandhavgarh Reserve (MP),TRAIN,FSI Wildfire Database,0.98,158.16,345.46,325.14,848.5,161.84,20.32,38.76,2.0,0.0,187.65,0.82,0.137,0.01,0.043,0.045,0.04,0.0,25.0,10.0,13.32,2.0,0.746,0.113,0.548,1.31,-12.43
EVT_00909,23.71134,81.03166,2,NATURAL_FOREST_WILDFIRE,Bandhavgarh Reserve (MP),TRAIN,FSI Wildfire Database,0.98,158.25,353.69,321.34,849.2,217.51,32.35,42.89,2.0,0.0,189.77,0.827,0.145,0.01,0.027,0.038,0.034,1.0,25.0,10.0,13.33,12.0,0.756,0.123,0.549,1.38,-13.13
EVT_00910,23.73266,81.08876,2,NATURAL_FOREST_WILDFIRE,Bandhavgarh Reserve (MP),TRAIN,FSI Wildfire Database,0.98,39.36,326.77,318.5,843.1,74.19,8.26,45.62,2.0,0.0,183.02,0.839,0.113,0.01,0.048,0.061,0.055,0.0,25.0,10.0,1.44,6.0,0.748,0.591,0.543,1.38,-13.13
EVT_00911,23.72241,81.04493,2,NATURAL_FOREST_WILDFIRE,Bandhavgarh Reserve (MP),TRAIN,FSI Wildfire Database,0.98,61.39,339.94,318.75,847.6,130.78,21.19,44.14,2.0,0.0,188.01,0.876,0.08,0.01,0.043,0.07,0.063,0.0,25.0,10.0,3.64,10.0,0.76,0.515,0.548,1.38,-13.13
EVT_00912,23.71949,81.00034,2,NATURAL_FOREST_WILDFIRE,Bandhavgarh Reserve (MP),TRAIN,FSI Wildfire Database,0.98,151.75,348.27,320.0,848.8,179.41,28.27,43.93,2.0,0.0,192.85,0.878,0.094,0.01,0.028,0.053,0.047,0.0,25.0,10.0,12.68,2.0,0.77,0.163,0.549,0.43,-12.39
EVT_00913,23.7335,80.99165,2,NATURAL_FOREST_WILDFIRE,Bandhavgarh Reserve (MP),TRAIN,FSI Wildfire Database,0.98,127.35,354.77,319.47,500.0,5514.27,35.3,45.55,2.0,0.0,193.36,0.826,0.128,0.01,0.046,0.083,0.074,1.0,25.0,10.0,10.24,12.0,0.746,0.236,0.2,0.43,-12.39
EVT_00914,23.74374,81.00702,2,NATURAL_FOREST_WILDFIRE,Bandhavgarh Reserve (MP),TRAIN,FSI Wildfire Database,0.98,116.08,325.93,318.07,842.6,71.32,7.86,46.57,2.0,0.0,191.41,0.82,0.14,0.01,0.04,0.092,0.083,1.0,25.0,10.0,9.11,7.0,0.747,0.283,0.543,0.43,-12.39
EVT_00915,23.71575,81.07105,2,NATURAL_FOREST_WILDFIRE,Bandhavgarh Reserve (MP),TRAIN,FSI Wildfire Database,0.98,117.66,355.85,319.04,849.3,234.12,36.81,43.55,2.0,0.0,185.44,0.86,0.083,0.01,0.057,0.061,0.055,1.0,25.0,10.0,9.27,2.0,0.749,0.278,0.549,1.38,-13.13
EVT_00916,23.69959,81.06171,2,NATURAL_FOREST_WILDFIRE,Bandhavgarh Reserve (MP),TRAIN,FSI Wildfire Database,0.98,137.92,338.12,324.78,847.3,121.69,13.34,41.69,2.0,0.0,186.96,0.885,0.08,0.01,0.035,0.088,0.079,1.0,25.0,10.0,11.29,6.0,0.768,0.216,0.547,1.38,-13.13
EVT_00917,23.72378,81.11124,2,NATURAL_FOREST_WILDFIRE,Bandhavgarh Reserve (MP),TRAIN,FSI Wildfire Database,0.98,41.97,343.74,318.3,848.3,151.59,25.44,44.98,2.0,0.0,180.92,0.887,0.074,0.01,0.039,0.077,0.07,1.0,25.0,10.0,1.7,7.0,0.766,0.598,0.548,1.38,-13.13
EVT_00918,23.68727,81.00446,2,NATURAL_FOREST_WILDFIRE,Bandhavgarh Reserve (MP),TRAIN,FSI Wildfire Database,0.98,104.95,326.88,311.73,843.2,74.55,15.15,40.32,2.0,0.0,193.44,0.801,0.162,0.01,0.037,0.087,0.078,1.0,25.0,10.0,7.99,8.0,0.744,0.324,0.543,0.84,-12.07
EVT_00919,23.70078,80.99076,2,NATURAL_FOREST_WILDFIRE,Bandhavgarh Reserve (MP),TRAIN,FSI Wildfire Database,0.98,61.23,326.5,318.61,843.0,73.26,7.88,41.94,2.0,0.0,194.46,0.842,0.107,0.01,0.051,0.08,0.072,0.0,25.0,10.0,3.62,10.0,0.747,0.502,0.543,0.43,-12.39
EVT_00920,23.73787,81.07618,2,NATURAL_FOREST_WILDFIRE,Bandhavgarh Reserve (MP),TRAIN,FSI Wildfire Database,0.98,155.55,344.23,324.37,848.3,154.53,19.86,46.05,2.0,0.0,184.2,0.889,0.059,0.01,0.052,0.042,0.038,1.0,25.0,10.0,13.05,14.0,0.759,0.137,0.548,1.38,-13.13
EVT_00921,26.99974,71.46863,5,OTHER_THERMAL_ANOMALY,Rajasthan Semi-Arid Background,TRAIN,Background Anomaly Audit,0.98,8.31,313.21,310.7,586.6,246.17,2.5,7.25,2.0,0.0,1281.6,0.061,0.12,0.05,0.769,0.036,0.032,1.0,4.0,2.0,2.15,2.0,0.106,0.073,0.287,-13.82,-5.3
EVT_00922,27.05369,71.5408,5,OTHER_THERMAL_ANOMALY,Rajasthan Semi-Arid Background,TRAIN,Background Anomaly Audit,0.98,2.34,314.76,309.34,830.4,39.49,5.43,2.55,2.0,0.0,1275.31,0.0,0.178,0.05,0.825,0.028,0.025,1.0,4.0,2.0,-0.83,2.0,0.088,0.079,0.53,-13.82,-5.3
EVT_00923,27.04247,71.49054,5,OTHER_THERMAL_ANOMALY,Rajasthan Semi-Arid Background,TRAIN,Background Anomaly Audit,0.98,5.06,315.87,307.53,832.3,42.13,8.34,4.28,2.0,0.0,1280.4,0.221,0.142,0.05,0.587,0.047,0.042,1.0,4.0,2.0,0.53,2.0,0.249,0.229,0.532,-13.82,-5.3
EVT_00924,27.0178,71.48432,5,OTHER_THERMAL_ANOMALY,Rajasthan Semi-Arid Background,TRAIN,Background Anomaly Audit,0.98,6.44,317.63,308.81,834.8,46.56,8.82,5.0,2.0,0.0,1280.4,0.122,0.118,0.05,0.71,0.031,0.028,1.0,4.0,2.0,1.22,2.0,0.155,0.129,0.535,-13.82,-5.3
EVT_00925,26.99723,71.48857,5,OTHER_THERMAL_ANOMALY,Rajasthan Semi-Arid Background,TRAIN,Background Anomaly Audit,0.98,8.87,323.01,309.08,840.5,61.78,13.93,5.81,2.0,0.0,1279.39,0.008,0.111,0.05,0.832,0.037,0.034,1.0,4.0,2.0,2.44,2.0,0.058,0.022,0.54,-13.82,-5.3
EVT_00926,26.98498,71.47007,5,OTHER_THERMAL_ANOMALY,Rajasthan Semi-Arid Background,TRAIN,Background Anomaly Audit,0.98,5.6,310.18,307.34,820.2,29.47,2.83,8.08,2.0,0.0,1281.05,0.012,0.235,0.05,0.704,0.022,0.02,1.0,4.0,2.0,0.8,2.0,0.129,0.107,0.52,-13.82,-5.3
EVT_00927,26.97043,71.4775,5,OTHER_THERMAL_ANOMALY,Rajasthan Semi-Arid Background,TRAIN,Background Anomaly Audit,0.98,7.68,313.16,306.95,500.0,769.05,6.22,8.74,2.0,0.0,1279.86,0.053,0.147,0.05,0.75,0.038,0.034,1.0,4.0,2.0,1.84,2.0,0.114,0.084,0.2,-14.38,-5.52
EVT_00928,27.07344,71.56659,5,OTHER_THERMAL_ANOMALY,Rajasthan Semi-Arid Background,TRAIN,Background Anomaly Audit,0.98,5.43,326.46,307.29,842.9,73.04,19.17,5.72,2.0,0.0,1273.08,0.063,0.122,0.05,0.765,0.028,0.025,1.0,4.0,2.0,0.71,2.0,0.109,0.087,0.543,-13.8,-4.75
EVT_00929,26.99963,71.51397,5,OTHER_THERMAL_ANOMALY,Rajasthan Semi-Arid Background,TRAIN,Background Anomaly Audit,0.98,5.37,309.72,309.28,771.2,38.3,0.44,4.04,2.0,0.0,1276.72,0.0,0.227,0.05,0.835,0.042,0.037,1.0,4.0,2.0,0.68,2.0,0.115,0.093,0.471,-13.82,-5.3
EVT_00930,27.06097,71.44207,5,OTHER_THERMAL_ANOMALY,Rajasthan Semi-Arid Background,TRAIN,Background Anomaly Audit,0.98,8.83,317.34,309.2,834.4,45.8,8.14,9.49,2.0,0.0,1286.12,0.144,0.159,0.05,0.647,0.028,0.025,1.0,4.0,2.0,2.42,2.0,0.196,0.16,0.534,-13.63,-5.23
EVT_00931,26.95226,71.48078,5,OTHER_THERMAL_ANOMALY,Rajasthan Semi-Arid Background,TRAIN,Background Anomaly Audit,0.98,2.12,320.32,309.64,838.0,53.84,10.68,10.24,2.0,0.0,1279.02,0.0,0.289,0.05,0.819,0.043,0.039,1.0,4.0,2.0,-0.94,2.0,0.149,0.14,0.538,-14.38,-5.52
EVT_00932,26.9731,71.483,5,OTHER_THERMAL_ANOMALY,Rajasthan Semi-Arid Background,TRAIN,Background Anomaly Audit,0.98,2.59,309.05,306.62,816.9,27.22,2.42,8.17,2.0,0.0,1279.34,0.0,0.273,0.05,0.693,0.03,0.027,1.0,4.0,2.0,-0.71,2.0,0.14,0.13,0.517,-14.38,-5.52
EVT_00933,27.023,71.49026,5,OTHER_THERMAL_ANOMALY,Rajasthan Semi-Arid Background,TRAIN,Background Anomaly Audit,0.98,8.97,318.09,312.35,835.4,47.78,5.74,4.28,2.0,0.0,1279.9,0.0,0.167,0.05,0.828,0.036,0.033,1.0,4.0,2.0,2.49,2.0,0.082,0.046,0.535,-13.82,-5.3
EVT_00934,27.00817,71.50008,5,OTHER_THERMAL_ANOMALY,Rajasthan Semi-Arid Background,TRAIN,Background Anomaly Audit,0.98,2.59,313.9,308.63,828.8,37.49,5.27,4.15,2.0,0.0,1278.44,0.026,0.102,0.05,0.823,0.001,0.001,1.0,4.0,2.0,-0.7,2.0,0.067,0.057,0.529,-13.82,-5.3
EVT_00935,26.99588,71.51637,5,OTHER_THERMAL_ANOMALY,Rajasthan Semi-Arid Background,TRAIN,Background Anomaly Audit,0.98,1.05,320.24,313.51,837.9,53.64,6.73,4.32,2.0,0.0,1276.36,0.0,0.279,0.05,0.813,0.049,0.044,1.0,4.0,2.0,-1.48,2.0,0.143,0.139,0.538,-14.38,-5.52
EVT_00936,26.97602,71.54512,5,OTHER_THERMAL_ANOMALY,Rajasthan Semi-Arid Background,TRAIN,Background Anomaly Audit,0.98,6.06,313.73,311.8,828.5,37.1,1.93,6.37,2.0,0.0,1272.73,0.0,0.128,0.05,0.827,0.005,0.004,1.0,4.0,2.0,1.03,2.0,0.06,0.036,0.528,-14.38,-5.52
EVT_00937,27.03098,71.44804,5,OTHER_THERMAL_ANOMALY,Rajasthan Semi-Arid Background,TRAIN,Background Anomaly Audit,0.98,3.09,317.43,314.04,834.6,46.08,3.4,8.34,2.0,0.0,1284.66,0.0,0.297,0.05,0.777,0.0,0.0,1.0,4.0,2.0,-0.46,2.0,0.153,0.141,0.535,-13.63,-5.23
EVT_00938,27.01389,71.54761,5,OTHER_THERMAL_ANOMALY,Rajasthan Semi-Arid Background,TRAIN,Background Anomaly Audit,0.98,5.72,314.24,312.55,829.5,38.29,1.69,2.54,2.0,0.0,1273.48,0.011,0.255,0.05,0.684,0.024,0.021,1.0,4.0,2.0,0.86,2.0,0.139,0.116,0.529,-13.82,-5.3
EVT_00939,26.95098,71.51008,5,OTHER_THERMAL_ANOMALY,Rajasthan Semi-Arid Background,TRAIN,Background Anomaly Audit,0.98,2.33,309.22,311.33,768.0,37.46,-2.11,9.28,2.0,0.0,1275.83,0.0,0.25,0.05,0.754,0.033,0.029,1.0,4.0,2.0,-0.83,2.0,0.128,0.118,0.468,-14.38,-5.52
EVT_00940,27.05415,71.50031,5,OTHER_THERMAL_ANOMALY,Rajasthan Semi-Arid Background,TRAIN,Background Anomaly Audit,0.98,9.85,309.34,312.93,817.8,27.81,-3.6,4.0,2.0,0.0,1279.67,0.151,0.188,0.05,0.611,0.014,0.012,1.0,4.0,2.0,2.92,2.0,0.217,0.178,0.518,-13.82,-5.3
EVT_00941,27.06732,71.57348,5,OTHER_THERMAL_ANOMALY,Rajasthan Semi-Arid Background,TRAIN,Background Anomaly Audit,0.98,1.29,314.84,316.48,830.5,39.68,-1.64,5.66,2.0,0.0,1272.17,0.002,0.183,0.05,0.765,0.031,0.028,1.0,4.0,2.0,-1.36,2.0,0.092,0.087,0.53,-13.8,-4.75
EVT_00942,26.99269,71.52573,5,OTHER_THERMAL_ANOMALY,Rajasthan Semi-Arid Background,TRAIN,Background Anomaly Audit,0.98,4.35,312.76,308.62,529.3,486.01,4.14,4.43,2.0,0.0,1275.26,0.0,0.177,0.05,0.798,0.042,0.038,1.0,4.0,2.0,0.17,2.0,0.087,0.07,0.229,-14.38,-5.52
EVT_00943,27.07591,71.52256,5,OTHER_THERMAL_ANOMALY,Rajasthan Semi-Arid Background,TRAIN,Background Anomaly Audit,0.98,9.75,312.38,308.47,500.0,726.0,3.91,4.96,2.0,0.0,1277.88,0.0,0.168,0.05,0.844,0.031,0.028,1.0,4.0,2.0,2.87,2.0,0.082,0.043,0.2,-13.91,-5.34
EVT_00944,26.98542,71.52531,5,OTHER_THERMAL_ANOMALY,Rajasthan Semi-Arid Background,TRAIN,Background Anomaly Audit,0.98,3.88,315.34,304.85,831.4,40.84,10.49,5.23,2.0,0.0,1275.11,0.214,0.107,0.05,0.629,0.008,0.008,1.0,4.0,2.0,-0.06,2.0,0.224,0.209,0.531,-14.38,-5.52
EVT_00945,27.01745,71.56612,5,OTHER_THERMAL_ANOMALY,Rajasthan Semi-Arid Background,TRAIN,Background Anomaly Audit,0.98,1.85,315.95,307.48,832.4,42.33,8.48,3.73,2.0,0.0,1271.59,0.244,0.15,0.05,0.556,0.038,0.034,1.0,4.0,2.0,-1.08,2.0,0.273,0.265,0.532,-13.98,-4.54
EVT_00946,27.03137,71.52032,5,OTHER_THERMAL_ANOMALY,Rajasthan Semi-Arid Background,TRAIN,Background Anomaly Audit,0.98,6.41,319.84,309.93,837.5,52.48,9.91,1.18,2.0,0.0,1276.9,0.0,0.135,0.799,0.077,0.034,0.031,1.0,4.0,2.0,1.2,2.0,-0.086,-0.111,0.537,-13.82,-5.3
EVT_00947,27.00046,71.49832,5,OTHER_THERMAL_ANOMALY,Rajasthan Semi-Arid Background,TRAIN,Background Anomaly Audit,0.98,5.98,318.47,315.78,835.9,48.8,2.69,4.86,2.0,0.0,1278.42,0.0,0.285,0.05,0.691,0.002,0.001,1.0,4.0,2.0,0.99,2.0,0.147,0.123,0.536,-13.82,-5.3
EVT_00948,27.07754,71.45283,5,OTHER_THERMAL_ANOMALY,Rajasthan Semi-Arid Background,TRAIN,Background Anomaly Audit,0.98,5.67,317.71,312.0,500.0,1051.48,5.71,9.34,2.0,0.0,1285.42,0.005,0.278,0.05,0.667,0.043,0.039,1.0,4.0,2.0,0.84,2.0,0.147,0.124,0.2,-13.91,-5.34
EVT_00949,26.99195,71.46685,5,OTHER_THERMAL_ANOMALY,Rajasthan Semi-Arid Background,TRAIN,Background Anomaly Audit,0.98,3.09,309.23,308.68,768.0,37.46,0.56,7.86,2.0,0.0,1281.58,0.0,0.211,0.05,0.8,0.045,0.041,1.0,4.0,2.0,-0.46,2.0,0.106,0.094,0.468,-13.82,-5.3
EVT_00950,27.00189,71.58191,5,OTHER_THERMAL_ANOMALY,Rajasthan Semi-Arid Background,TRAIN,Background Anomaly Audit,0.98,2.13,318.02,309.41,835.4,47.57,8.61,5.96,2.0,0.0,1269.46,0.097,0.2,0.05,0.653,0.021,0.019,1.0,4.0,2.0,-0.93,2.0,0.18,0.171,0.535,-13.98,-4.54
EVT_00951,27.06395,71.40142,5,OTHER_THERMAL_ANOMALY,Rajasthan Semi-Arid Background,TRAIN,Background Anomaly Audit,0.98,3.18,315.17,306.57,831.1,40.43,8.6,13.43,2.0,0.0,1290.58,0.128,0.253,0.05,0.569,0.009,0.008,1.0,4.0,2.0,-0.41,2.0,0.234,0.221,0.531,-13.63,-5.23
EVT_00952,27.0874,71.46139,5,OTHER_THERMAL_ANOMALY,Rajasthan Semi-Arid Background,TRAIN,Background Anomaly Audit,0.98,5.23,318.66,313.48,836.1,49.28,5.18,9.33,2.0,0.0,1284.77,0.059,0.228,0.05,0.663,0.019,0.017,1.0,4.0,2.0,0.62,2.0,0.164,0.143,0.536,-13.91,-5.34
EVT_00953,27.06194,71.49937,5,OTHER_THERMAL_ANOMALY,Rajasthan Semi-Arid Background,TRAIN,Background Anomaly Audit,0.98,2.23,314.76,310.21,830.4,39.48,4.55,4.65,2.0,0.0,1279.99,0.206,0.104,0.05,0.64,0.032,0.028,1.0,4.0,2.0,-0.89,2.0,0.216,0.207,0.53,-13.82,-5.3
EVT_00954,27.01089,71.51297,5,OTHER_THERMAL_ANOMALY,Rajasthan Semi-Arid Background,TRAIN,Background Anomaly Audit,0.98,7.86,315.71,311.05,500.0,922.52,4.66,3.03,2.0,0.0,1277.13,0.125,0.204,0.05,0.62,0.01,0.009,1.0,4.0,2.0,1.93,2.0,0.205,0.173,0.2,-13.82,-5.3
EVT_00955,27.0014,71.46866,5,OTHER_THERMAL_ANOMALY,Rajasthan Semi-Arid Background,TRAIN,Background Anomaly Audit,0.98,2.85,311.37,308.57,823.3,31.93,2.8,7.16,2.0,0.0,1281.64,0.244,0.106,0.05,0.6,0.039,0.035,1.0,4.0,2.0,-0.58,2.0,0.248,0.237,0.523,-13.82,-5.3
EVT_00956,27.02788,71.50214,5,OTHER_THERMAL_ANOMALY,Rajasthan Semi-Arid Background,TRAIN,Background Anomaly Audit,0.98,6.13,311.88,308.97,500.0,698.95,2.92,3.01,2.0,0.0,1278.76,0.0,0.225,0.05,0.785,0.045,0.041,1.0,4.0,2.0,1.07,2.0,0.114,0.089,0.2,-13.82,-5.3
EVT_00957,27.03522,71.43278,5,OTHER_THERMAL_ANOMALY,Rajasthan Semi-Arid Background,TRAIN,Background Anomaly Audit,0.98,7.53,316.08,308.15,832.6,42.65,7.94,9.85,2.0,0.0,1286.42,0.218,0.104,0.05,0.628,0.048,0.043,1.0,4.0,2.0,1.76,2.0,0.226,0.196,0.533,-13.63,-5.23
EVT_00958,27.08336,71.51397,5,OTHER_THERMAL_ANOMALY,Rajasthan Semi-Arid Background,TRAIN,Background Anomaly Audit,0.98,3.36,312.61,311.7,826.2,34.61,0.91,5.98,2.0,0.0,1279.01,0.029,0.272,0.05,0.649,0.026,0.023,1.0,4.0,2.0,-0.32,2.0,0.163,0.15,0.526,-13.91,-5.34
EVT_00959,27.06972,71.49564,5,OTHER_THERMAL_ANOMALY,Rajasthan Semi-Arid Background,TRAIN,Background Anomaly Audit,0.98,3.99,320.76,311.27,500.0,1262.28,9.48,5.53,2.0,0.0,1280.6,0.108,0.209,0.05,0.632,0.042,0.037,1.0,4.0,2.0,-0.0,2.0,0.194,0.178,0.2,-13.91,-5.34
EVT_00960,27.01555,71.44804,5,OTHER_THERMAL_ANOMALY,Rajasthan Semi-Arid Background,TRAIN,Background Anomaly Audit,0.98,9.7,310.43,307.33,820.9,29.98,3.1,8.54,2.0,0.0,1284.25,0.0,0.297,0.05,0.786,0.008,0.007,1.0,4.0,2.0,2.85,2.0,0.153,0.115,0.521,-13.63,-5.23
EVT_00961,21.73311,72.58484,1,INDUSTRIAL_ACCIDENTAL_FIRE,Dahej Chemical SEZ (Gujarat),HELD_OUT_TEST,Disaster Inquiry Commission,0.98,142.72,385.28,333.78,1500.0,74.62,51.5,4.78,2.0,0.0,1122.65,0.01,0.79,0.025,0.184,0.268,0.242,0.0,18.0,4.0,31.18,8.0,0.438,-0.133,1.2,-9.84,-17.75
EVT_00962,21.72368,72.59685,1,INDUSTRIAL_ACCIDENTAL_FIRE,Dahej Chemical SEZ (Gujarat),HELD_OUT_TEST,Disaster Inquiry Commission,0.98,159.79,395.1,331.5,1500.0,96.81,63.6,3.38,2.0,0.0,1121.39,0.01,0.852,0.024,0.123,0.245,0.22,1.0,18.0,4.0,35.45,13.0,0.472,-0.167,1.2,-8.9,-17.46
EVT_00963,21.74874,72.60452,1,INDUSTRIAL_ACCIDENTAL_FIRE,Dahej Chemical SEZ (Gujarat),HELD_OUT_TEST,Disaster Inquiry Commission,0.98,128.48,376.33,321.48,1500.0,57.94,54.85,6.09,2.0,0.0,1120.37,0.01,0.827,0.04,0.134,0.144,0.129,1.0,18.0,4.0,27.62,24.0,0.455,-0.059,1.2,-8.37,-13.4
EVT_00964,21.68176,72.60792,1,INDUSTRIAL_ACCIDENTAL_FIRE,Dahej Chemical SEZ (Gujarat),HELD_OUT_TEST,Disaster Inquiry Commission,0.98,74.2,386.07,337.26,1500.0,76.25,48.81,1.42,2.0,0.0,1120.46,0.019,0.223,0.671,0.087,0.214,0.193,1.0,18.0,4.0,14.05,16.0,0.004,-0.293,1.2,-8.9,-17.46
EVT_00965,21.66827,72.59533,1,INDUSTRIAL_ACCIDENTAL_FIRE,Dahej Chemical SEZ (Gujarat),HELD_OUT_TEST,Disaster Inquiry Commission,0.98,189.94,392.59,328.84,1500.0,90.69,63.75,3.0,2.0,0.0,1121.95,0.01,0.831,0.01,0.159,0.12,0.108,0.0,18.0,4.0,42.99,6.0,0.463,-0.297,1.2,-8.9,-17.46
EVT_00966,21.67379,72.6537,1,INDUSTRIAL_ACCIDENTAL_FIRE,Dahej Chemical SEZ (Gujarat),HELD_OUT_TEST,Disaster Inquiry Commission,0.98,94.88,389.69,333.21,1500.0,84.03,56.47,3.82,1.0,0.0,1115.45,0.01,0.815,0.012,0.172,0.147,0.133,1.0,18.0,4.0,19.22,6.0,0.454,0.075,1.2,-9.59,-15.35
EVT_00967,21.69714,72.6383,1,INDUSTRIAL_ACCIDENTAL_FIRE,Dahej Chemical SEZ (Gujarat),HELD_OUT_TEST,Disaster Inquiry Commission,0.98,130.48,379.27,340.44,849.9,486.17,38.83,1.6,1.0,0.0,1116.98,0.087,0.174,0.647,0.092,0.247,0.222,1.0,18.0,4.0,28.12,5.0,0.038,-0.484,0.55,-8.37,-13.4
EVT_00968,21.73197,72.64826,1,INDUSTRIAL_ACCIDENTAL_FIRE,Dahej Chemical SEZ (Gujarat),HELD_OUT_TEST,Disaster Inquiry Commission,0.98,90.79,387.37,331.09,1500.0,78.97,56.29,5.0,1.0,0.0,1115.63,0.01,0.838,0.019,0.143,0.247,0.222,0.0,18.0,4.0,18.2,10.0,0.465,0.102,1.2,-8.37,-13.4
EVT_00969,21.76264,72.56856,1,INDUSTRIAL_ACCIDENTAL_FIRE,Dahej Chemical SEZ (Gujarat),HELD_OUT_TEST,Disaster Inquiry Commission,0.98,193.58,384.58,338.43,1500.0,73.21,46.15,8.46,2.0,0.0,1124.26,0.01,0.853,0.026,0.122,0.294,0.264,1.0,18.0,4.0,43.89,18.0,0.472,-0.302,1.2,-9.84,-17.75
EVT_00970,21.80382,72.57515,1,INDUSTRIAL_ACCIDENTAL_FIRE,Dahej Chemical SEZ (Gujarat),HELD_OUT_TEST,Disaster Inquiry Commission,0.98,192.27,379.01,337.24,1500.0,62.64,41.77,12.57,2.0,0.0,1123.28,0.01,0.825,0.033,0.142,0.159,0.143,0.0,18.0,4.0,43.57,10.0,0.455,-0.314,1.2,-9.84,-17.75
EVT_00971,21.72685,72.56605,1,INDUSTRIAL_ACCIDENTAL_FIRE,Dahej Chemical SEZ (Gujarat),HELD_OUT_TEST,Disaster Inquiry Commission,0.98,185.5,379.51,335.96,1500.0,63.53,43.55,5.36,2.0,0.0,1124.78,0.01,0.842,0.021,0.137,0.146,0.131,0.0,18.0,4.0,41.88,14.0,0.467,-0.275,1.2,-9.84,-17.75
EVT_00972,21.766,72.64349,1,INDUSTRIAL_ACCIDENTAL_FIRE,Dahej Chemical SEZ (Gujarat),HELD_OUT_TEST,Disaster Inquiry Commission,0.98,143.0,391.81,333.23,1500.0,88.89,58.58,7.91,1.0,0.0,1115.94,0.01,0.823,0.012,0.165,0.166,0.15,1.0,18.0,4.0,31.25,19.0,0.458,-0.114,1.2,-8.37,-13.4
EVT_00973,21.73611,72.56729,1,INDUSTRIAL_ACCIDENTAL_FIRE,Dahej Chemical SEZ (Gujarat),HELD_OUT_TEST,Disaster Inquiry Commission,0.98,118.7,377.86,348.39,500.0,11761.15,29.48,6.03,2.0,0.0,1124.58,0.01,0.849,0.037,0.114,0.055,0.049,1.0,18.0,4.0,25.17,16.0,0.468,-0.007,0.2,-9.84,-17.75
EVT_00974,21.78342,72.61091,1,INDUSTRIAL_ACCIDENTAL_FIRE,Dahej Chemical SEZ (Gujarat),HELD_OUT_TEST,Disaster Inquiry Commission,0.98,180.55,379.25,335.45,1500.0,63.07,43.8,9.97,2.0,0.0,1119.44,0.01,0.857,0.028,0.115,0.176,0.159,1.0,18.0,4.0,40.64,5.0,0.474,-0.248,1.2,-8.37,-13.4
EVT_00975,21.76869,72.54928,1,INDUSTRIAL_ACCIDENTAL_FIRE,Dahej Chemical SEZ (Gujarat),HELD_OUT_TEST,Disaster Inquiry Commission,0.98,153.02,395.84,332.23,1500.0,98.68,63.61,10.05,2.0,0.0,1126.36,0.01,0.839,0.034,0.127,0.06,0.054,0.0,18.0,4.0,33.75,13.0,0.463,-0.149,1.2,-9.84,-17.75
EVT_00976,21.68245,72.55576,1,INDUSTRIAL_ACCIDENTAL_FIRE,Dahej Chemical SEZ (Gujarat),HELD_OUT_TEST,Disaster Inquiry Commission,0.98,129.83,380.44,336.68,1500.0,65.23,43.76,5.15,2.0,0.0,1126.23,0.01,0.808,0.032,0.16,0.19,0.171,0.0,18.0,4.0,27.96,10.0,0.446,-0.073,1.2,-8.9,-17.46
EVT_00977,21.68695,72.5572,1,INDUSTRIAL_ACCIDENTAL_FIRE,Dahej Chemical SEZ (Gujarat),HELD_OUT_TEST,Disaster Inquiry Commission,0.98,196.27,396.24,329.55,1500.0,99.69,66.7,4.9,2.0,0.0,1126.04,0.01,0.86,0.03,0.11,0.144,0.13,0.0,18.0,4.0,44.57,17.0,0.475,-0.31,1.2,-8.9,-17.46
EVT_00978,21.68554,72.6413,1,INDUSTRIAL_ACCIDENTAL_FIRE,Dahej Chemical SEZ (Gujarat),HELD_OUT_TEST,Disaster Inquiry Commission,0.98,192.53,374.95,333.53,1500.0,55.7,41.42,2.05,1.0,0.0,1116.73,0.0,0.14,0.795,0.083,0.283,0.254,1.0,18.0,4.0,43.63,10.0,-0.082,-0.5,1.2,-8.9,-17.46
EVT_00979,21.76656,72.55623,1,INDUSTRIAL_ACCIDENTAL_FIRE,Dahej Chemical SEZ (Gujarat),HELD_OUT_TEST,Disaster Inquiry Commission,0.98,177.98,386.92,334.93,1500.0,78.01,51.99,9.46,2.0,0.0,1125.6,0.01,0.841,0.024,0.135,0.288,0.259,1.0,18.0,4.0,39.99,14.0,0.466,-0.246,1.2,-9.84,-17.75
EVT_00980,21.68532,72.54276,1,INDUSTRIAL_ACCIDENTAL_FIRE,Dahej Chemical SEZ (Gujarat),HELD_OUT_TEST,Disaster Inquiry Commission,0.98,143.28,385.18,332.2,1500.0,74.4,52.98,6.4,2.0,0.0,1127.65,0.01,0.812,0.031,0.157,0.181,0.163,1.0,18.0,4.0,31.32,11.0,0.449,-0.125,1.2,-8.9,-17.46
EVT_00981,21.78033,72.55347,1,INDUSTRIAL_ACCIDENTAL_FIRE,Dahej Chemical SEZ (Gujarat),HELD_OUT_TEST,Disaster Inquiry Commission,0.98,97.3,389.32,341.26,1500.0,83.24,48.06,10.93,2.0,0.0,1125.82,0.01,0.809,0.021,0.171,0.165,0.149,1.0,18.0,4.0,19.82,23.0,0.449,0.06,1.2,-9.84,-17.75
EVT_00982,21.73928,72.55263,1,INDUSTRIAL_ACCIDENTAL_FIRE,Dahej Chemical SEZ (Gujarat),HELD_OUT_TEST,Disaster Inquiry Commission,0.98,72.66,378.24,340.55,849.9,472.05,37.69,7.31,2.0,0.0,1126.18,0.01,0.841,0.026,0.133,0.262,0.236,0.0,18.0,4.0,13.67,14.0,0.466,0.175,0.55,-9.84,-17.75
EVT_00983,21.72531,72.63537,1,INDUSTRIAL_ACCIDENTAL_FIRE,Dahej Chemical SEZ (Gujarat),HELD_OUT_TEST,Disaster Inquiry Commission,0.98,143.97,375.9,342.61,500.0,11040.42,33.28,3.76,1.0,0.0,1117.11,0.01,0.782,0.012,0.207,0.237,0.213,1.0,18.0,4.0,31.49,21.0,0.436,-0.14,0.2,-8.37,-13.4
EVT_00984,21.68482,72.59183,1,INDUSTRIAL_ACCIDENTAL_FIRE,Dahej Chemical SEZ (Gujarat),HELD_OUT_TEST,Disaster Inquiry Commission,0.98,201.67,391.96,341.58,1500.0,89.27,50.38,1.62,2.0,0.0,1122.22,0.089,0.166,0.665,0.079,0.21,0.189,0.0,18.0,4.0,45.92,21.0,0.031,-0.5,1.2,-8.9,-17.46
EVT_00985,21.79342,72.58593,1,INDUSTRIAL_ACCIDENTAL_FIRE,Dahej Chemical SEZ (Gujarat),HELD_OUT_TEST,Disaster Inquiry Commission,0.98,174.42,400.0,337.15,1500.0,109.7,62.85,11.21,2.0,0.0,1122.14,0.01,0.769,0.014,0.217,0.184,0.165,1.0,18.0,4.0,39.11,10.0,0.428,-0.269,1.2,-9.84,-17.75
EVT_00986,21.71755,72.59676,1,INDUSTRIAL_ACCIDENTAL_FIRE,Dahej Chemical SEZ (Gujarat),HELD_OUT_TEST,Disaster Inquiry Commission,0.98,199.47,400.76,331.88,1500.0,111.78,68.89,2.72,2.0,0.0,1121.44,0.01,0.855,0.012,0.133,0.061,0.055,1.0,18.0,4.0,45.37,12.0,0.476,-0.322,1.2,-8.9,-17.46
EVT_00987,21.66015,72.65691,1,INDUSTRIAL_ACCIDENTAL_FIRE,Dahej Chemical SEZ (Gujarat),HELD_OUT_TEST,Disaster Inquiry Commission,0.98,152.21,379.23,333.14,1500.0,63.02,46.08,5.07,1.0,0.0,1115.2,0.01,0.767,0.015,0.218,0.17,0.153,0.0,18.0,4.0,33.55,15.0,0.427,-0.182,1.2,-9.59,-15.35
EVT_00988,21.67108,72.549,1,INDUSTRIAL_ACCIDENTAL_FIRE,Dahej Chemical SEZ (Gujarat),HELD_OUT_TEST,Disaster Inquiry Commission,0.98,141.66,395.53,345.56,1500.0,97.97,49.97,6.23,2.0,0.0,1127.06,0.01,0.8,0.027,0.173,0.103,0.093,0.0,18.0,4.0,30.92,18.0,0.443,-0.124,1.2,-8.9,-17.46
EVT_00989,21.76314,72.60773,1,INDUSTRIAL_ACCIDENTAL_FIRE,Dahej Chemical SEZ (Gujarat),HELD_OUT_TEST,Disaster Inquiry Commission,0.98,198.04,376.28,335.17,1500.0,57.9,41.11,7.7,2.0,0.0,1119.92,0.01,0.761,0.016,0.223,0.127,0.115,1.0,18.0,4.0,45.01,24.0,0.424,-0.369,1.2,-8.37,-13.4
EVT_00990,21.71118,72.61467,1,INDUSTRIAL_ACCIDENTAL_FIRE,Dahej Chemical SEZ (Gujarat),HELD_OUT_TEST,Disaster Inquiry Commission,0.98,149.31,385.06,335.92,1500.0,74.17,49.14,2.17,1.0,0.0,1119.5,0.111,0.169,0.669,0.052,0.148,0.133,0.0,18.0,4.0,32.83,6.0,0.05,-0.5,1.2,-8.9,-17.46
EVT_00991,21.68411,72.55882,1,INDUSTRIAL_ACCIDENTAL_FIRE,Dahej Chemical SEZ (Gujarat),HELD_OUT_TEST,Disaster Inquiry Commission,0.98,197.7,403.18,330.3,1500.0,118.66,72.88,4.8,2.0,0.0,1125.88,0.01,0.859,0.024,0.117,0.122,0.11,0.0,18.0,4.0,44.93,16.0,0.476,-0.315,1.2,-8.9,-17.46
EVT_00992,21.75904,72.67867,1,INDUSTRIAL_ACCIDENTAL_FIRE,Dahej Chemical SEZ (Gujarat),HELD_OUT_TEST,Disaster Inquiry Commission,0.98,203.83,380.26,333.45,1500.0,64.89,46.81,5.61,1.0,0.0,1112.08,0.01,0.816,0.028,0.156,0.251,0.226,0.0,18.0,4.0,46.46,10.0,0.451,-0.364,1.2,-8.37,-13.4
EVT_00993,21.70749,72.66901,1,INDUSTRIAL_ACCIDENTAL_FIRE,Dahej Chemical SEZ (Gujarat),HELD_OUT_TEST,Disaster Inquiry Commission,0.98,73.79,390.02,328.14,1500.0,84.76,61.88,2.22,1.0,0.0,1113.51,0.0,0.237,0.732,0.064,0.191,0.172,0.0,18.0,4.0,13.95,13.0,-0.016,-0.311,1.2,-8.37,-13.4
EVT_00994,21.73062,72.54948,1,INDUSTRIAL_ACCIDENTAL_FIRE,Dahej Chemical SEZ (Gujarat),HELD_OUT_TEST,Disaster Inquiry Commission,0.98,199.66,388.36,338.91,1500.0,81.13,49.45,6.95,2.0,0.0,1126.59,0.01,0.795,0.022,0.183,0.184,0.166,1.0,18.0,4.0,45.41,13.0,0.441,-0.358,1.2,-9.84,-17.75
EVT_00995,21.73734,72.59072,1,INDUSTRIAL_ACCIDENTAL_FIRE,Dahej Chemical SEZ (Gujarat),HELD_OUT_TEST,Disaster Inquiry Commission,0.98,110.07,380.83,327.54,1500.0,65.92,53.29,5.01,2.0,0.0,1121.97,0.01,0.8,0.019,0.181,0.204,0.183,1.0,18.0,4.0,23.02,19.0,0.444,0.004,1.2,-9.84,-17.75
EVT_00996,21.70274,72.5935,1,INDUSTRIAL_ACCIDENTAL_FIRE,Dahej Chemical SEZ (Gujarat),HELD_OUT_TEST,Disaster Inquiry Commission,0.98,160.68,409.13,332.33,1185.5,283.98,76.8,1.46,2.0,0.0,1121.9,0.017,0.244,0.673,0.067,0.151,0.136,0.0,18.0,4.0,35.67,6.0,0.014,-0.5,0.885,-8.9,-17.46
EVT_00997,21.7384,72.61888,1,INDUSTRIAL_ACCIDENTAL_FIRE,Dahej Chemical SEZ (Gujarat),HELD_OUT_TEST,Disaster Inquiry Commission,0.98,203.62,389.45,323.7,1500.0,83.44,65.75,5.03,1.0,0.0,1118.85,0.01,0.829,0.024,0.147,0.169,0.152,1.0,18.0,4.0,46.4,22.0,0.459,-0.355,1.2,-8.37,-13.4
EVT_00998,21.72201,72.58898,1,INDUSTRIAL_ACCIDENTAL_FIRE,Dahej Chemical SEZ (Gujarat),HELD_OUT_TEST,Disaster Inquiry Commission,0.98,114.38,370.45,326.16,1500.0,48.7,44.29,3.48,2.0,0.0,1122.27,0.01,0.853,0.023,0.124,0.274,0.246,1.0,18.0,4.0,24.1,19.0,0.473,0.015,1.2,-8.9,-17.46
EVT_00999,21.6293,72.64813,1,INDUSTRIAL_ACCIDENTAL_FIRE,Dahej Chemical SEZ (Gujarat),HELD_OUT_TEST,Disaster Inquiry Commission,0.98,72.43,374.59,352.79,500.0,10731.29,21.8,7.53,2.0,0.0,1116.41,0.01,0.802,0.03,0.168,0.271,0.243,1.0,18.0,4.0,13.61,17.0,0.443,0.154,0.2,-9.59,-15.35
EVT_01000,21.70281,72.58597,1,INDUSTRIAL_ACCIDENTAL_FIRE,Dahej Chemical SEZ (Gujarat),HELD_OUT_TEST,Disaster Inquiry Commission,0.98,104.74,375.61,318.48,1500.0,56.73,57.14,2.1,2.0,0.0,1122.74,0.089,0.216,0.603,0.093,0.232,0.209,0.0,18.0,4.0,21.69,11.0,0.071,-0.348,1.2,-8.9,-17.46
EVT_01001,21.66794,72.6054,1,INDUSTRIAL_ACCIDENTAL_FIRE,Dahej Chemical SEZ (Gujarat),HELD_OUT_TEST,Disaster Inquiry Commission,0.98,212.92,383.16,322.26,1500.0,70.32,60.91,2.9,2.0,0.0,1120.84,0.01,0.77,0.022,0.208,0.112,0.101,1.0,18.0,4.0,48.73,21.0,0.427,-0.424,1.2,-8.9,-17.46
EVT_01002,21.72931,72.57474,1,INDUSTRIAL_ACCIDENTAL_FIRE,Dahej Chemical SEZ (Gujarat),HELD_OUT_TEST,Disaster Inquiry Commission,0.98,201.17,390.8,331.01,1500.0,86.54,59.79,4.96,2.0,0.0,1123.8,0.01,0.797,0.016,0.187,0.068,0.061,0.0,18.0,4.0,45.79,18.0,0.443,-0.361,1.2,-9.84,-17.75
EVT_01003,21.66699,72.58268,1,INDUSTRIAL_ACCIDENTAL_FIRE,Dahej Chemical SEZ (Gujarat),HELD_OUT_TEST,Disaster Inquiry Commission,0.98,148.4,400.93,343.74,1500.0,112.31,57.19,3.72,2.0,0.0,1123.36,0.01,0.792,0.032,0.176,0.216,0.194,0.0,18.0,4.0,32.6,19.0,0.437,-0.156,1.2,-8.9,-17.46
EVT_01004,21.68491,72.54603,1,INDUSTRIAL_ACCIDENTAL_FIRE,Dahej Chemical SEZ (Gujarat),HELD_OUT_TEST,Disaster Inquiry Commission,0.98,121.69,385.93,339.14,1500.0,75.96,46.79,6.07,2.0,0.0,1127.29,0.01,0.811,0.037,0.152,0.287,0.259,0.0,18.0,4.0,25.92,14.0,0.447,-0.04,1.2,-8.9,-17.46
EVT_01005,21.67975,72.64563,1,INDUSTRIAL_ACCIDENTAL_FIRE,Dahej Chemical SEZ (Gujarat),HELD_OUT_TEST,Disaster Inquiry Commission,0.98,92.44,378.25,319.87,1500.0,61.22,58.38,2.76,1.0,0.0,1116.3,0.01,0.82,0.014,0.165,0.209,0.188,0.0,18.0,4.0,18.61,9.0,0.456,0.087,1.2,-9.59,-15.35
EVT_01006,21.72445,72.6021,1,INDUSTRIAL_ACCIDENTAL_FIRE,Dahej Chemical SEZ (Gujarat),HELD_OUT_TEST,Disaster Inquiry Commission,0.98,87.49,398.52,334.34,1500.0,105.67,64.18,3.39,2.0,0.0,1120.8,0.01,0.764,0.033,0.203,0.173,0.156,0.0,18.0,4.0,17.37,24.0,0.422,0.072,1.2,-8.9,-17.46
EVT_01007,21.718,72.56848,1,INDUSTRIAL_ACCIDENTAL_FIRE,Dahej Chemical SEZ (Gujarat),HELD_OUT_TEST,Disaster Inquiry Commission,0.98,105.53,385.56,325.84,1500.0,75.14,59.72,4.54,2.0,0.0,1124.57,0.01,0.825,0.015,0.16,0.231,0.208,0.0,18.0,4.0,21.88,24.0,0.459,0.037,1.2,-8.9,-17.46
EVT_01008,21.67198,72.60756,1,INDUSTRIAL_ACCIDENTAL_FIRE,Dahej Chemical SEZ (Gujarat),HELD_OUT_TEST,Disaster Inquiry Commission,0.98,175.03,378.0,343.48,500.0,11737.14,34.52,2.48,2.0,0.0,1120.57,0.059,0.138,0.748,0.056,0.062,0.056,1.0,18.0,4.0,39.26,12.0,-0.025,-0.5,0.2,-8.9,-17.46
EVT_01009,21.68073,72.60116,1,INDUSTRIAL_ACCIDENTAL_FIRE,Dahej Chemical SEZ (Gujarat),HELD_OUT_TEST,Disaster Inquiry Commission,0.98,184.57,385.0,335.37,1500.0,74.04,49.63,1.5,2.0,0.0,1121.22,0.169,0.145,0.601,0.085,0.051,0.045,1.0,18.0,4.0,41.64,20.0,0.098,-0.5,1.2,-8.9,-17.46
EVT_01010,21.68899,72.61077,1,INDUSTRIAL_ACCIDENTAL_FIRE,Dahej Chemical SEZ (Gujarat),HELD_OUT_TEST,Disaster Inquiry Commission,0.98,207.13,385.03,339.09,1500.0,74.11,45.94,0.89,2.0,0.0,1120.09,0.045,0.135,0.727,0.094,0.227,0.204,1.0,18.0,4.0,47.28,14.0,-0.034,-0.5,1.2,-8.9,-17.46
EVT_01011,26.59099,93.78961,1,INDUSTRIAL_ACCIDENTAL_FIRE,Numaligarh Refinery (Assam),HELD_OUT_TEST,NRL Hydrocracker Emergency Record,0.98,174.63,367.15,327.47,849.7,338.25,39.67,61.6,2.0,0.0,810.46,0.882,0.07,0.01,0.048,0.218,0.196,0.0,18.0,4.0,39.16,11.0,0.76,0.061,0.55,-0.17,-0.68
EVT_01012,26.55187,93.81189,1,INDUSTRIAL_ACCIDENTAL_FIRE,Numaligarh Refinery (Assam),HELD_OUT_TEST,NRL Hydrocracker Emergency Record,0.98,157.26,390.96,335.27,1500.0,86.93,55.69,57.13,2.0,0.0,810.96,0.917,0.032,0.01,0.051,0.214,0.193,0.0,18.0,4.0,34.81,23.0,0.768,0.139,1.2,-0.55,-1.29
EVT_01013,26.65001,93.78987,1,INDUSTRIAL_ACCIDENTAL_FIRE,Numaligarh Refinery (Assam),HELD_OUT_TEST,NRL Hydrocracker Emergency Record,0.98,194.15,380.73,337.24,1500.0,65.77,43.49,65.49,2.0,0.0,813.17,0.896,0.056,0.01,0.049,0.226,0.204,1.0,18.0,4.0,44.04,7.0,0.764,-0.013,1.2,-1.05,-0.34
EVT_01014,26.62222,93.79297,1,INDUSTRIAL_ACCIDENTAL_FIRE,Numaligarh Refinery (Assam),HELD_OUT_TEST,NRL Hydrocracker Emergency Record,0.98,81.55,382.66,327.78,1500.0,69.38,54.88,63.65,2.0,0.0,812.21,0.914,0.058,0.01,0.027,0.254,0.229,1.0,18.0,4.0,15.89,8.0,0.779,0.453,1.2,-0.17,-0.68
EVT_01015,26.59201,93.76896,1,INDUSTRIAL_ACCIDENTAL_FIRE,Numaligarh Refinery (Assam),HELD_OUT_TEST,NRL Hydrocracker Emergency Record,0.98,184.65,367.13,344.14,500.0,8491.32,22.99,63.25,2.0,0.0,808.41,0.909,0.066,0.01,0.025,0.06,0.054,1.0,18.0,4.0,41.66,21.0,0.78,0.041,0.2,-0.17,-0.68
EVT_01016,26.59934,93.78798,1,INDUSTRIAL_ACCIDENTAL_FIRE,Numaligarh Refinery (Assam),HELD_OUT_TEST,NRL Hydrocracker Emergency Record,0.98,123.12,385.01,330.28,1500.0,74.05,54.73,62.33,2.0,0.0,810.67,0.89,0.059,0.01,0.051,0.206,0.186,1.0,18.0,4.0,26.28,15.0,0.76,0.268,1.2,-0.17,-0.68
EVT_01017,26.69102,93.7692,1,INDUSTRIAL_ACCIDENTAL_FIRE,Numaligarh Refinery (Assam),HELD_OUT_TEST,NRL Hydrocracker Emergency Record,0.98,82.98,375.6,318.64,1500.0,56.71,56.96,61.04,2.0,0.0,812.98,0.884,0.066,0.01,0.05,0.218,0.196,1.0,18.0,4.0,16.25,22.0,0.759,0.427,1.2,-1.05,-0.34
EVT_01018,26.51105,93.76509,1,INDUSTRIAL_ACCIDENTAL_FIRE,Numaligarh Refinery (Assam),HELD_OUT_TEST,NRL Hydrocracker Emergency Record,0.98,155.71,386.57,330.67,1500.0,77.26,55.89,58.33,2.0,0.0,804.39,0.925,0.033,0.01,0.042,0.12,0.108,1.0,18.0,4.0,34.43,7.0,0.775,0.152,1.2,-0.55,-1.29
EVT_01019,26.56551,93.74267,1,INDUSTRIAL_ACCIDENTAL_FIRE,Numaligarh Refinery (Assam),HELD_OUT_TEST,NRL Hydrocracker Emergency Record,0.98,144.62,398.09,323.55,1500.0,104.42,74.55,63.55,2.0,0.0,804.55,0.903,0.047,0.01,0.049,0.224,0.201,0.0,18.0,4.0,31.65,8.0,0.764,0.186,1.2,-0.55,-1.29
EVT_01020,26.56438,93.73082,1,INDUSTRIAL_ACCIDENTAL_FIRE,Numaligarh Refinery (Assam),HELD_OUT_TEST,NRL Hydrocracker Emergency Record,0.98,139.64,392.75,338.35,1500.0,91.12,54.4,64.44,2.0,0.0,803.29,0.902,0.073,0.01,0.025,0.183,0.165,0.0,18.0,4.0,30.41,14.0,0.778,0.219,1.2,-0.55,-1.29
EVT_01021,26.59529,93.681,1,INDUSTRIAL_ACCIDENTAL_FIRE,Numaligarh Refinery (Assam),HELD_OUT_TEST,NRL Hydrocracker Emergency Record,0.98,166.72,397.17,337.9,1500.0,102.15,59.28,70.47,2.0,0.0,799.66,0.945,0.0,0.01,0.057,0.202,0.182,1.0,18.0,4.0,37.18,16.0,0.773,0.106,1.2,-0.9,-1.44
EVT_01022,26.57851,93.73756,1,INDUSTRIAL_ACCIDENTAL_FIRE,Numaligarh Refinery (Assam),HELD_OUT_TEST,NRL Hydrocracker Emergency Record,0.98,110.56,397.0,332.98,1500.0,101.66,64.02,64.81,2.0,0.0,804.61,0.891,0.07,0.01,0.04,0.113,0.102,1.0,18.0,4.0,23.14,16.0,0.767,0.325,1.2,-0.17,-0.68
EVT_01023,26.5376,93.77543,1,INDUSTRIAL_ACCIDENTAL_FIRE,Numaligarh Refinery (Assam),HELD_OUT_TEST,NRL Hydrocracker Emergency Record,0.98,115.35,391.24,346.09,1500.0,87.61,45.15,59.1,2.0,0.0,806.62,0.891,0.052,0.01,0.057,0.056,0.051,1.0,18.0,4.0,24.34,21.0,0.757,0.296,1.2,-0.55,-1.29
EVT_01024,26.56899,93.77374,1,INDUSTRIAL_ACCIDENTAL_FIRE,Numaligarh Refinery (Assam),HELD_OUT_TEST,NRL Hydrocracker Emergency Record,0.98,130.23,391.26,323.3,1500.0,87.54,67.97,61.29,2.0,0.0,807.85,0.9,0.079,0.01,0.021,0.292,0.263,0.0,18.0,4.0,28.06,10.0,0.779,0.259,1.2,-0.55,-1.29
EVT_01025,26.59172,93.74325,1,INDUSTRIAL_ACCIDENTAL_FIRE,Numaligarh Refinery (Assam),HELD_OUT_TEST,NRL Hydrocracker Emergency Record,0.98,114.6,373.57,342.61,500.0,10315.36,30.96,65.24,2.0,0.0,805.79,0.915,0.029,0.01,0.056,0.135,0.121,1.0,18.0,4.0,24.15,22.0,0.764,0.306,0.2,-0.17,-0.68
EVT_01026,26.6014,93.69181,1,INDUSTRIAL_ACCIDENTAL_FIRE,Numaligarh Refinery (Assam),HELD_OUT_TEST,NRL Hydrocracker Emergency Record,0.98,193.81,382.16,326.93,1500.0,68.42,55.23,69.98,2.0,0.0,801.03,0.929,0.037,0.01,0.034,0.215,0.194,0.0,18.0,4.0,43.95,9.0,0.78,0.005,1.2,-0.9,-1.44
EVT_01027,26.59864,93.71062,1,INDUSTRIAL_ACCIDENTAL_FIRE,Numaligarh Refinery (Assam),HELD_OUT_TEST,NRL Hydrocracker Emergency Record,0.98,125.56,375.2,338.93,500.0,10767.37,36.27,68.29,2.0,0.0,802.8,0.954,0.008,0.01,0.038,0.287,0.258,0.0,18.0,4.0,26.89,8.0,0.785,0.282,0.2,-0.9,-1.44
EVT_01028,26.59239,93.75442,1,INDUSTRIAL_ACCIDENTAL_FIRE,Numaligarh Refinery (Assam),HELD_OUT_TEST,NRL Hydrocracker Emergency Record,0.98,172.36,405.75,325.2,1500.0,126.27,80.55,64.41,2.0,0.0,806.95,0.971,0.004,0.01,0.025,0.198,0.178,1.0,18.0,4.0,38.59,12.0,0.796,0.107,1.2,-0.17,-0.68
EVT_01029,26.53505,93.76592,1,INDUSTRIAL_ACCIDENTAL_FIRE,Numaligarh Refinery (Assam),HELD_OUT_TEST,NRL Hydrocracker Emergency Record,0.98,157.44,376.69,338.76,665.0,1635.76,37.93,59.71,2.0,0.0,805.54,0.95,0.02,0.01,0.03,0.259,0.233,1.0,18.0,4.0,34.86,23.0,0.788,0.158,0.365,-0.55,-1.29
EVT_01030,26.63463,93.83659,1,INDUSTRIAL_ACCIDENTAL_FIRE,Numaligarh Refinery (Assam),HELD_OUT_TEST,NRL Hydrocracker Emergency Record,0.98,113.79,387.38,327.67,1500.0,78.95,59.71,61.54,2.0,0.0,817.19,0.967,0.0,0.01,0.047,0.063,0.057,1.0,18.0,4.0,23.95,15.0,0.791,0.336,1.2,-0.88,0.17
EVT_01031,26.60715,93.73821,1,INDUSTRIAL_ACCIDENTAL_FIRE,Numaligarh Refinery (Assam),HELD_OUT_TEST,NRL Hydrocracker Emergency Record,0.98,198.4,378.22,318.6,1500.0,61.16,59.62,66.69,2.0,0.0,805.98,0.883,0.061,0.01,0.056,0.18,0.162,0.0,18.0,4.0,45.1,14.0,0.756,-0.038,1.2,-0.17,-0.68
EVT_01032,26.59501,93.73643,1,INDUSTRIAL_ACCIDENTAL_FIRE,Numaligarh Refinery (Assam),HELD_OUT_TEST,NRL Hydrocracker Emergency Record,0.98,70.27,386.75,332.17,1500.0,77.66,54.59,66.0,2.0,0.0,805.25,0.963,0.016,0.01,0.021,0.261,0.235,1.0,18.0,4.0,13.07,5.0,0.796,0.515,1.2,-0.17,-0.68
EVT_01033,26.64572,93.72943,1,INDUSTRIAL_ACCIDENTAL_FIRE,Numaligarh Refinery (Assam),HELD_OUT_TEST,NRL Hydrocracker Emergency Record,0.98,208.24,372.01,339.47,500.0,9813.21,32.54,66.43,2.0,0.0,806.87,0.906,0.069,0.01,0.025,0.244,0.219,1.0,18.0,4.0,47.56,24.0,0.779,-0.054,0.2,-0.17,-0.68
EVT_01034,26.58789,93.77401,1,INDUSTRIAL_ACCIDENTAL_FIRE,Numaligarh Refinery (Assam),HELD_OUT_TEST,NRL Hydrocracker Emergency Record,0.98,184.78,384.09,321.21,1500.0,72.15,62.88,62.58,2.0,0.0,808.73,0.893,0.06,0.01,0.046,0.092,0.083,1.0,18.0,4.0,41.69,17.0,0.763,0.024,1.2,-0.17,-0.68
EVT_01035,26.62812,93.69107,1,INDUSTRIAL_ACCIDENTAL_FIRE,Numaligarh Refinery (Assam),HELD_OUT_TEST,NRL Hydrocracker Emergency Record,0.98,78.79,393.66,340.75,1500.0,93.31,52.91,68.92,2.0,0.0,802.18,0.945,0.026,0.01,0.029,0.265,0.239,1.0,18.0,4.0,15.2,9.0,0.787,0.472,1.2,-0.9,-1.44
EVT_01036,26.58167,93.73252,1,INDUSTRIAL_ACCIDENTAL_FIRE,Numaligarh Refinery (Assam),HELD_OUT_TEST,NRL Hydrocracker Emergency Record,0.98,120.39,387.54,324.54,1500.0,79.28,63.0,65.42,2.0,0.0,804.25,0.91,0.049,0.01,0.041,0.291,0.262,1.0,18.0,4.0,25.6,6.0,0.771,0.29,1.2,-0.17,-0.68
EVT_01037,26.53507,93.72771,1,INDUSTRIAL_ACCIDENTAL_FIRE,Numaligarh Refinery (Assam),HELD_OUT_TEST,NRL Hydrocracker Emergency Record,0.98,219.4,386.86,333.33,1500.0,77.9,53.54,62.9,2.0,0.0,801.66,0.918,0.044,0.01,0.038,0.132,0.119,0.0,18.0,4.0,50.35,13.0,0.775,-0.103,1.2,-0.55,-1.29
EVT_01038,26.64444,93.74399,1,INDUSTRIAL_ACCIDENTAL_FIRE,Numaligarh Refinery (Assam),HELD_OUT_TEST,NRL Hydrocracker Emergency Record,0.98,171.74,387.17,332.53,1500.0,78.53,54.64,66.41,2.0,0.0,808.28,0.913,0.048,0.01,0.039,0.235,0.212,1.0,18.0,4.0,38.43,18.0,0.773,0.086,1.2,-0.17,-0.68
EVT_01039,26.62995,93.71298,1,INDUSTRIAL_ACCIDENTAL_FIRE,Numaligarh Refinery (Assam),HELD_OUT_TEST,NRL Hydrocracker Emergency Record,0.98,218.35,389.92,340.4,1500.0,84.58,49.52,68.38,2.0,0.0,804.48,0.915,0.026,0.01,0.059,0.118,0.106,1.0,18.0,4.0,50.09,10.0,0.763,-0.111,1.2,-0.9,-1.44
EVT_01040,26.56038,93.6904,1,INDUSTRIAL_ACCIDENTAL_FIRE,Numaligarh Refinery (Assam),HELD_OUT_TEST,NRL Hydrocracker Emergency Record,0.98,204.15,383.16,335.4,1500.0,70.39,47.76,67.54,2.0,0.0,799.02,0.883,0.08,0.01,0.037,0.18,0.162,1.0,18.0,4.0,46.54,5.0,0.766,-0.051,1.2,-0.9,-1.44
EVT_01041,26.62555,93.75656,1,INDUSTRIAL_ACCIDENTAL_FIRE,Numaligarh Refinery (Assam),HELD_OUT_TEST,NRL Hydrocracker Emergency Record,0.98,181.84,385.47,340.46,1500.0,75.02,45.01,66.6,2.0,0.0,808.68,0.917,0.037,0.01,0.046,0.16,0.144,1.0,18.0,4.0,40.96,19.0,0.77,0.043,1.2,-0.17,-0.68
EVT_01042,26.63749,93.79684,1,INDUSTRIAL_ACCIDENTAL_FIRE,Numaligarh Refinery (Assam),HELD_OUT_TEST,NRL Hydrocracker Emergency Record,0.98,128.63,385.17,341.53,1500.0,74.42,43.65,64.54,2.0,0.0,813.3,0.948,0.01,0.01,0.043,0.267,0.24,1.0,18.0,4.0,27.66,14.0,0.781,0.266,1.2,-0.17,-0.68
EVT_01043,26.57268,93.71921,1,INDUSTRIAL_ACCIDENTAL_FIRE,Numaligarh Refinery (Assam),HELD_OUT_TEST,NRL Hydrocracker Emergency Record,0.98,217.83,387.69,339.45,1500.0,79.68,48.24,65.91,2.0,0.0,802.49,0.9,0.076,0.01,0.023,0.242,0.218,1.0,18.0,4.0,49.96,21.0,0.778,-0.094,1.2,-0.9,-1.44
EVT_01044,26.55405,93.76224,1,INDUSTRIAL_ACCIDENTAL_FIRE,Numaligarh Refinery (Assam),HELD_OUT_TEST,NRL Hydrocracker Emergency Record,0.98,90.11,390.55,338.9,1500.0,85.99,51.65,61.22,2.0,0.0,806.02,0.963,0.004,0.01,0.032,0.235,0.211,1.0,18.0,4.0,18.03,23.0,0.79,0.429,1.2,-0.55,-1.29
EVT_01045,26.63397,93.79157,1,INDUSTRIAL_ACCIDENTAL_FIRE,Numaligarh Refinery (Assam),HELD_OUT_TEST,NRL Hydrocracker Emergency Record,0.98,194.39,377.66,326.92,1500.0,60.23,50.73,64.65,2.0,0.0,812.61,0.886,0.085,0.01,0.028,0.24,0.216,0.0,18.0,4.0,44.1,18.0,0.771,-0.006,1.2,-0.17,-0.68
EVT_01046,26.55966,93.74896,1,INDUSTRIAL_ACCIDENTAL_FIRE,Numaligarh Refinery (Assam),HELD_OUT_TEST,NRL Hydrocracker Emergency Record,0.98,211.26,389.38,340.37,1500.0,83.38,49.01,62.66,2.0,0.0,804.92,0.917,0.052,0.01,0.031,0.223,0.201,1.0,18.0,4.0,48.32,24.0,0.779,-0.067,1.2,-0.55,-1.29
EVT_01047,26.56229,93.73072,1,INDUSTRIAL_ACCIDENTAL_FIRE,Numaligarh Refinery (Assam),HELD_OUT_TEST,NRL Hydrocracker Emergency Record,0.98,163.24,375.61,330.76,1500.0,56.78,44.86,64.31,2.0,0.0,803.19,0.904,0.055,0.01,0.041,0.192,0.173,0.0,18.0,4.0,36.31,12.0,0.77,0.117,1.2,-0.55,-1.29
EVT_01048,26.59838,93.7689,1,INDUSTRIAL_ACCIDENTAL_FIRE,Numaligarh Refinery (Assam),HELD_OUT_TEST,NRL Hydrocracker Emergency Record,0.98,119.5,391.31,338.59,1500.0,87.74,52.72,63.71,2.0,0.0,808.69,0.937,0.014,0.01,0.05,0.066,0.059,1.0,18.0,4.0,25.38,10.0,0.774,0.296,1.2,-0.17,-0.68
EVT_01049,26.56567,93.78482,1,INDUSTRIAL_ACCIDENTAL_FIRE,Numaligarh Refinery (Assam),HELD_OUT_TEST,NRL Hydrocracker Emergency Record,0.98,192.02,406.29,336.7,1500.0,128.09,69.59,60.2,2.0,0.0,808.83,0.972,0.0,0.01,0.051,0.24,0.216,1.0,18.0,4.0,43.5,9.0,0.795,0.027,1.2,-0.55,-1.29
EVT_01050,26.55459,93.73852,1,INDUSTRIAL_ACCIDENTAL_FIRE,Numaligarh Refinery (Assam),HELD_OUT_TEST,NRL Hydrocracker Emergency Record,0.98,71.82,393.72,343.86,1500.0,93.48,49.86,63.19,2.0,0.0,803.63,0.885,0.078,0.01,0.037,0.259,0.233,0.0,18.0,4.0,13.45,21.0,0.767,0.479,1.2,-0.55,-1.29
EVT_01051,20.25404,86.68202,0,INDUSTRIAL_ROUTINE_FLARE,Paradip Refinery (Odisha),HELD_OUT_TEST,IOCL Flare Stack Monitoring,0.98,18.76,358.67,302.5,1500.0,33.45,56.16,8.83,1.0,0.0,376.77,0.0,0.289,0.05,0.761,0.919,0.827,1.0,16.5,3.5,0.65,117.0,0.149,0.074,1.2,-1.71,-10.77
EVT_01052,20.2451,86.612,0,INDUSTRIAL_ROUTINE_FLARE,Paradip Refinery (Odisha),HELD_OUT_TEST,IOCL Flare Stack Monitoring,0.98,14.82,368.3,306.82,1500.0,45.51,61.48,1.61,1.0,0.0,378.83,0.049,0.201,0.709,0.041,0.906,0.815,1.0,16.5,3.5,-0.48,70.0,0.009,-0.05,1.2,-1.71,-10.77
EVT_01053,20.35214,86.6721,0,INDUSTRIAL_ROUTINE_FLARE,Paradip Refinery (Odisha),HELD_OUT_TEST,IOCL Flare Stack Monitoring,0.98,15.81,374.03,299.4,1500.0,53.98,74.63,13.77,1.0,0.0,366.12,0.077,0.219,0.05,0.654,0.843,0.759,0.0,16.5,3.5,-0.2,121.0,0.174,0.11,1.2,-2.46,-9.18
EVT_01054,20.26549,86.70132,0,INDUSTRIAL_ROUTINE_FLARE,Paradip Refinery (Odisha),HELD_OUT_TEST,IOCL Flare Stack Monitoring,0.98,17.57,372.58,301.68,1500.0,51.73,70.9,10.97,1.0,0.0,375.24,0.029,0.188,0.05,0.734,0.787,0.708,0.0,16.5,3.5,0.31,78.0,0.117,0.047,1.2,-1.71,-10.77
EVT_01055,20.27856,86.68066,0,INDUSTRIAL_ROUTINE_FLARE,Paradip Refinery (Odisha),HELD_OUT_TEST,IOCL Flare Stack Monitoring,0.98,32.89,357.6,304.87,1500.0,32.28,52.73,9.24,1.0,0.0,374.09,0.108,0.123,0.05,0.719,0.833,0.75,1.0,16.5,3.5,4.68,75.0,0.146,0.015,1.2,-1.71,-10.77
EVT_01056,20.24517,86.6432,0,INDUSTRIAL_ROUTINE_FLARE,Paradip Refinery (Odisha),HELD_OUT_TEST,IOCL Flare Stack Monitoring,0.98,25.88,370.14,298.39,1500.0,48.05,71.75,4.8,1.0,0.0,378.33,0.0,0.279,0.05,0.758,0.932,0.839,1.0,16.5,3.5,2.68,110.0,0.143,0.04,1.2,-1.71,-10.77
EVT_01057,20.21613,86.69112,0,INDUSTRIAL_ROUTINE_FLARE,Paradip Refinery (Odisha),HELD_OUT_TEST,IOCL Flare Stack Monitoring,0.98,14.34,365.99,301.35,1500.0,42.33,64.65,10.47,1.0,0.0,380.82,0.094,0.211,0.05,0.645,0.903,0.812,1.0,16.5,3.5,-0.62,112.0,0.183,0.126,1.2,-1.71,-10.77
EVT_01058,20.25918,86.66039,0,INDUSTRIAL_ROUTINE_FLARE,Paradip Refinery (Odisha),HELD_OUT_TEST,IOCL Flare Stack Monitoring,0.98,15.69,367.65,300.46,1500.0,44.55,67.19,6.64,1.0,0.0,376.52,0.0,0.229,0.05,0.767,0.867,0.78,1.0,16.5,3.5,-0.23,61.0,0.116,0.053,1.2,-1.71,-10.77
EVT_01059,20.22559,86.63336,0,INDUSTRIAL_ROUTINE_FLARE,Paradip Refinery (Odisha),HELD_OUT_TEST,IOCL Flare Stack Monitoring,0.98,23.34,374.85,302.63,1500.0,55.33,72.22,4.62,1.0,0.0,380.63,0.0,0.256,0.05,0.833,0.839,0.756,1.0,16.5,3.5,1.95,86.0,0.131,0.037,1.2,-1.71,-10.77
EVT_01060,20.2254,86.74843,0,INDUSTRIAL_ROUTINE_FLARE,Paradip Refinery (Odisha),HELD_OUT_TEST,IOCL Flare Stack Monitoring,0.98,20.47,368.34,302.54,1500.0,45.53,65.79,15.98,1.0,0.0,379.05,0.08,0.13,0.05,0.741,0.896,0.806,1.0,16.5,3.5,1.13,93.0,0.127,0.045,1.2,-1.71,-10.77
EVT_01061,20.24095,86.69611,0,INDUSTRIAL_ROUTINE_FLARE,Paradip Refinery (Odisha),HELD_OUT_TEST,IOCL Flare Stack Monitoring,0.98,16.91,368.5,303.67,1500.0,45.77,64.83,10.34,1.0,0.0,378.01,0.075,0.272,0.05,0.603,0.881,0.793,0.0,16.5,3.5,0.12,93.0,0.201,0.133,1.2,-1.71,-10.77
EVT_01062,20.20277,86.61558,0,INDUSTRIAL_ROUTINE_FLARE,Paradip Refinery (Odisha),HELD_OUT_TEST,IOCL Flare Stack Monitoring,0.98,28.37,362.21,299.63,1500.0,37.54,62.59,5.58,1.0,0.0,383.42,0.0,0.268,0.05,0.681,0.853,0.767,0.0,16.5,3.5,3.39,126.0,0.137,0.024,1.2,-1.71,-10.77
EVT_01063,20.3144,86.69342,0,INDUSTRIAL_ROUTINE_FLARE,Paradip Refinery (Odisha),HELD_OUT_TEST,IOCL Flare Stack Monitoring,0.98,14.13,376.97,299.8,1500.0,58.79,77.17,12.3,1.0,0.0,369.96,0.0,0.254,0.05,0.727,0.805,0.725,0.0,16.5,3.5,-0.68,131.0,0.13,0.073,1.2,-1.71,-10.77
EVT_01064,20.31329,86.65533,0,INDUSTRIAL_ROUTINE_FLARE,Paradip Refinery (Odisha),HELD_OUT_TEST,IOCL Flare Stack Monitoring,0.98,23.14,355.65,300.99,1500.0,30.21,54.66,9.27,1.0,0.0,370.65,0.119,0.216,0.05,0.616,0.864,0.778,0.0,16.5,3.5,1.9,85.0,0.206,0.114,1.2,-1.71,-10.77
EVT_01065,20.25625,86.64521,0,INDUSTRIAL_ROUTINE_FLARE,Paradip Refinery (Odisha),HELD_OUT_TEST,IOCL Flare Stack Monitoring,0.98,15.48,362.12,301.02,1500.0,37.44,61.1,5.02,1.0,0.0,377.08,0.155,0.185,0.05,0.61,0.957,0.861,0.0,16.5,3.5,-0.29,141.0,0.219,0.157,1.2,-1.71,-10.77
EVT_01066,20.28051,86.71987,0,INDUSTRIAL_ROUTINE_FLARE,Paradip Refinery (Odisha),HELD_OUT_TEST,IOCL Flare Stack Monitoring,0.98,18.6,357.14,305.92,1500.0,31.8,51.22,13.21,1.0,0.0,373.34,0.0,0.171,0.05,0.844,0.789,0.71,0.0,16.5,3.5,0.6,90.0,0.084,0.01,1.2,-1.71,-10.77
EVT_01067,20.20574,86.70281,0,INDUSTRIAL_ROUTINE_FLARE,Paradip Refinery (Odisha),HELD_OUT_TEST,IOCL Flare Stack Monitoring,0.98,21.04,364.82,303.67,1500.0,40.83,61.15,12.04,1.0,0.0,381.8,0.094,0.209,0.05,0.647,0.805,0.725,0.0,16.5,3.5,1.3,146.0,0.182,0.098,1.2,-1.71,-10.77
EVT_01068,20.25456,86.62955,0,INDUSTRIAL_ROUTINE_FLARE,Paradip Refinery (Odisha),HELD_OUT_TEST,IOCL Flare Stack Monitoring,0.98,26.81,363.58,305.94,1500.0,39.26,57.64,3.38,1.0,0.0,377.51,0.068,0.18,0.05,0.702,0.898,0.808,1.0,16.5,3.5,2.95,132.0,0.145,0.038,1.2,-1.71,-10.77
EVT_01069,20.25251,86.63581,0,INDUSTRIAL_ROUTINE_FLARE,Paradip Refinery (Odisha),HELD_OUT_TEST,IOCL Flare Stack Monitoring,0.98,32.18,353.1,300.8,1500.0,27.66,52.3,4.0,1.0,0.0,377.64,0.068,0.253,0.05,0.63,0.855,0.77,0.0,16.5,3.5,4.48,144.0,0.185,0.056,1.2,-1.71,-10.77
EVT_01070,20.24739,86.61294,0,INDUSTRIAL_ROUTINE_FLARE,Paradip Refinery (Odisha),HELD_OUT_TEST,IOCL Flare Stack Monitoring,0.98,20.32,361.49,303.7,1500.0,36.7,57.8,1.64,1.0,0.0,378.57,0.098,0.129,0.695,0.078,0.898,0.808,0.0,16.5,3.5,1.09,88.0,0.012,-0.069,1.2,-1.71,-10.77
EVT_01071,20.25897,86.68384,0,INDUSTRIAL_ROUTINE_FLARE,Paradip Refinery (Odisha),HELD_OUT_TEST,IOCL Flare Stack Monitoring,0.98,18.79,365.23,307.04,1500.0,41.38,58.19,9.06,1.0,0.0,376.2,0.247,0.123,0.05,0.58,0.966,0.869,0.0,16.5,3.5,0.66,96.0,0.26,0.185,1.2,-1.71,-10.77
EVT_01072,20.28948,86.7424,0,INDUSTRIAL_ROUTINE_FLARE,Paradip Refinery (Odisha),HELD_OUT_TEST,IOCL Flare Stack Monitoring,0.98,23.93,360.29,308.03,1500.0,35.31,52.26,15.74,1.0,0.0,372.06,0.108,0.105,0.05,0.737,0.859,0.773,0.0,16.5,3.5,2.12,133.0,0.136,0.041,1.2,-1.94,-11.03
EVT_01073,20.26595,86.66877,0,INDUSTRIAL_ROUTINE_FLARE,Paradip Refinery (Odisha),HELD_OUT_TEST,IOCL Flare Stack Monitoring,0.98,16.57,363.8,300.32,1500.0,39.5,63.49,7.64,1.0,0.0,375.65,0.15,0.225,0.05,0.574,0.961,0.865,0.0,16.5,3.5,0.02,98.0,0.237,0.17,1.2,-1.71,-10.77
EVT_01074,20.30377,86.62838,0,INDUSTRIAL_ROUTINE_FLARE,Paradip Refinery (Odisha),HELD_OUT_TEST,IOCL Flare Stack Monitoring,0.98,27.64,357.78,305.01,1500.0,32.48,52.77,6.79,1.0,0.0,372.12,0.029,0.241,0.05,0.68,0.792,0.713,1.0,16.5,3.5,3.18,100.0,0.146,0.036,1.2,-1.71,-10.77
EVT_01075,20.27445,86.62827,0,INDUSTRIAL_ROUTINE_FLARE,Paradip Refinery (Odisha),HELD_OUT_TEST,IOCL Flare Stack Monitoring,0.98,26.36,358.5,306.4,1500.0,33.28,52.1,4.21,1.0,0.0,375.35,0.0,0.278,0.05,0.713,0.901,0.811,0.0,16.5,3.5,2.82,134.0,0.143,0.037,1.2,-1.71,-10.77
EVT_01076,20.21981,86.69819,0,INDUSTRIAL_ROUTINE_FLARE,Paradip Refinery (Odisha),HELD_OUT_TEST,IOCL Flare Stack Monitoring,0.98,22.98,369.52,303.32,1500.0,47.21,66.19,11.03,1.0,0.0,380.31,0.0,0.209,0.05,0.786,0.918,0.826,0.0,16.5,3.5,1.85,80.0,0.105,0.013,1.2,-1.71,-10.77
EVT_01077,20.2372,86.6724,0,INDUSTRIAL_ROUTINE_FLARE,Paradip Refinery (Odisha),HELD_OUT_TEST,IOCL Flare Stack Monitoring,0.98,65.21,354.36,300.98,1500.0,28.9,53.38,7.94,1.0,0.0,378.76,0.089,0.209,0.05,0.652,0.842,0.758,0.0,16.5,3.5,13.92,74.0,0.178,-0.083,1.2,-1.71,-10.77
EVT_01078,20.24401,86.63615,0,INDUSTRIAL_ROUTINE_FLARE,Paradip Refinery (Odisha),HELD_OUT_TEST,IOCL Flare Stack Monitoring,0.98,20.38,362.84,302.67,1500.0,38.32,60.17,4.09,1.0,0.0,378.56,0.159,0.128,0.05,0.663,0.951,0.856,0.0,16.5,3.5,1.11,126.0,0.191,0.109,1.2,-1.71,-10.77
EVT_01079,20.28656,86.68568,0,INDUSTRIAL_ROUTINE_FLARE,Paradip Refinery (Odisha),HELD_OUT_TEST,IOCL Flare Stack Monitoring,0.98,14.82,375.73,304.26,1500.0,56.79,71.47,10.06,1.0,0.0,373.14,0.221,0.119,0.05,0.61,0.948,0.853,0.0,16.5,3.5,-0.48,108.0,0.237,0.177,1.2,-1.71,-10.77
EVT_01080,20.26959,86.65711,0,INDUSTRIAL_ROUTINE_FLARE,Paradip Refinery (Odisha),HELD_OUT_TEST,IOCL Flare Stack Monitoring,0.98,17.05,356.6,301.04,1500.0,31.2,55.56,6.59,1.0,0.0,375.43,0.0,0.267,0.05,0.762,0.909,0.818,0.0,16.5,3.5,0.16,83.0,0.137,0.069,1.2,-1.71,-10.77
EVT_01081,20.26653,86.66203,0,INDUSTRIAL_ROUTINE_FLARE,Paradip Refinery (Odisha),HELD_OUT_TEST,IOCL Flare Stack Monitoring,0.98,17.86,345.37,299.81,1500.0,20.88,45.56,6.98,1.0,0.0,375.69,0.0,0.213,0.05,0.81,0.882,0.794,0.0,16.5,3.5,0.39,65.0,0.107,0.036,1.2,-1.71,-10.77
EVT_01082,20.28773,86.68719,0,INDUSTRIAL_ROUTINE_FLARE,Paradip Refinery (Odisha),HELD_OUT_TEST,IOCL Flare Stack Monitoring,0.98,19.2,376.1,302.34,1500.0,57.37,73.76,10.25,1.0,0.0,372.99,0.094,0.27,0.05,0.587,0.825,0.742,0.0,16.5,3.5,0.77,143.0,0.216,0.139,1.2,-1.71,-10.77
EVT_01083,20.20669,86.6514,0,INDUSTRIAL_ROUTINE_FLARE,Paradip Refinery (Odisha),HELD_OUT_TEST,IOCL Flare Stack Monitoring,0.98,25.57,363.65,306.15,1500.0,39.35,57.5,7.4,1.0,0.0,382.43,0.119,0.251,0.05,0.58,0.833,0.749,1.0,16.5,3.5,2.59,114.0,0.226,0.123,1.2,-1.71,-10.77
EVT_01084,20.24498,86.61033,0,INDUSTRIAL_ROUTINE_FLARE,Paradip Refinery (Odisha),HELD_OUT_TEST,IOCL Flare Stack Monitoring,0.98,24.65,363.26,301.56,1500.0,38.84,61.7,1.45,1.0,0.0,378.87,0.07,0.146,0.714,0.07,0.81,0.729,0.0,16.5,3.5,2.33,109.0,-0.005,-0.104,1.2,-2.02,-8.77
EVT_01085,20.24471,86.67005,0,INDUSTRIAL_ROUTINE_FLARE,Paradip Refinery (Odisha),HELD_OUT_TEST,IOCL Flare Stack Monitoring,0.98,18.99,374.13,300.64,1500.0,54.15,73.49,7.59,1.0,0.0,377.97,0.037,0.206,0.05,0.708,0.829,0.746,0.0,16.5,3.5,0.71,95.0,0.134,0.058,1.2,-1.71,-10.77
EVT_01086,20.25746,86.67653,0,INDUSTRIAL_ROUTINE_FLARE,Paradip Refinery (Odisha),HELD_OUT_TEST,IOCL Flare Stack Monitoring,0.98,23.96,374.58,302.73,1500.0,54.9,71.85,8.29,1.0,0.0,376.47,0.104,0.231,0.05,0.615,0.833,0.75,1.0,16.5,3.5,2.13,89.0,0.202,0.106,1.2,-1.71,-10.77
EVT_01087,20.29867,86.65679,0,INDUSTRIAL_ROUTINE_FLARE,Paradip Refinery (Odisha),HELD_OUT_TEST,IOCL Flare Stack Monitoring,0.98,17.03,373.8,301.4,1500.0,53.64,72.4,8.22,1.0,0.0,372.24,0.0,0.271,0.05,0.802,0.813,0.732,1.0,16.5,3.5,0.15,80.0,0.139,0.071,1.2,-1.71,-10.77
EVT_01088,20.27585,86.68755,0,INDUSTRIAL_ROUTINE_FLARE,Paradip Refinery (Odisha),HELD_OUT_TEST,IOCL Flare Stack Monitoring,0.98,32.5,356.43,301.21,1500.0,31.02,55.22,9.82,1.0,0.0,374.29,0.048,0.264,0.05,0.638,0.841,0.757,0.0,16.5,3.5,4.57,90.0,0.175,0.045,1.2,-1.71,-10.77
EVT_01089,20.30797,86.73693,0,INDUSTRIAL_ROUTINE_FLARE,Paradip Refinery (Odisha),HELD_OUT_TEST,IOCL Flare Stack Monitoring,0.98,18.37,352.76,302.02,1500.0,27.34,50.74,15.91,1.0,0.0,370.09,0.0,0.243,0.05,0.823,0.87,0.783,0.0,16.5,3.5,0.53,67.0,0.124,0.05,1.2,-1.94,-11.03
EVT_01090,20.24801,86.69558,0,INDUSTRIAL_ROUTINE_FLARE,Paradip Refinery (Odisha),HELD_OUT_TEST,IOCL Flare Stack Monitoring,0.98,20.84,375.2,298.43,1500.0,55.84,76.77,10.23,1.0,0.0,377.24,0.0,0.201,0.05,0.797,0.876,0.789,0.0,16.5,3.5,1.24,91.0,0.101,0.017,1.2,-2.97,-2.97
EVT_01091,20.25763,86.66035,0,INDUSTRIAL_ROUTINE_FLARE,Paradip Refinery (Odisha),HELD_OUT_TEST,IOCL Flare Stack Monitoring,0.98,16.36,378.99,303.89,1500.0,62.35,75.1,6.61,1.0,0.0,376.69,0.243,0.135,0.05,0.572,0.83,0.747,0.0,16.5,3.5,-0.04,104.0,0.264,0.198,1.2,-2.97,-2.97
EVT_01092,20.26865,86.70103,0,INDUSTRIAL_ROUTINE_FLARE,Paradip Refinery (Odisha),HELD_OUT_TEST,IOCL Flare Stack Monitoring,0.98,27.68,354.84,300.23,1500.0,29.38,54.61,11.0,1.0,0.0,374.9,0.227,0.109,0.05,0.615,0.98,0.882,0.0,16.5,3.5,3.19,100.0,0.236,0.125,1.2,-2.97,-2.97
EVT_01093,20.29827,86.63197,0,INDUSTRIAL_ROUTINE_FLARE,Paradip Refinery (Odisha),HELD_OUT_TEST,IOCL Flare Stack Monitoring,0.98,15.32,354.84,297.64,1500.0,29.36,57.19,6.46,1.0,0.0,372.67,0.202,0.133,0.05,0.615,0.803,0.723,0.0,16.5,3.5,-0.34,99.0,0.229,0.167,1.2,-2.97,-2.97
EVT_01094,20.26054,86.61393,0,INDUSTRIAL_ROUTINE_FLARE,Paradip Refinery (Odisha),HELD_OUT_TEST,IOCL Flare Stack Monitoring,0.98,23.15,360.13,302.83,1500.0,35.1,57.3,2.08,1.0,0.0,377.11,0.131,0.143,0.635,0.092,0.846,0.761,0.0,16.5,3.5,1.9,116.0,0.059,-0.034,1.2,-2.97,-2.97
EVT_01095,20.20661,86.75649,0,INDUSTRIAL_ROUTINE_FLARE,Paradip Refinery (Odisha),HELD_OUT_TEST,IOCL Flare Stack Monitoring,0.98,21.57,365.26,303.94,1500.0,41.39,61.32,17.28,1.0,0.0,381.03,0.0,0.175,0.05,0.849,0.847,0.762,0.0,16.5,3.5,1.45,63.0,0.086,-0.0,1.2,-2.97,-2.97
EVT_01096,20.29705,86.6803,0,INDUSTRIAL_ROUTINE_FLARE,Paradip Refinery (Odisha),HELD_OUT_TEST,IOCL Flare Stack Monitoring,0.98,17.68,367.47,300.86,1500.0,44.32,66.61,10.1,1.0,0.0,372.06,0.156,0.204,0.05,0.59,0.821,0.739,0.0,16.5,3.5,0.34,114.0,0.23,0.159,1.2,-2.97,-2.97
EVT_01097,20.23869,86.68702,0,INDUSTRIAL_ROUTINE_FLARE,Paradip Refinery (Odisha),HELD_OUT_TEST,IOCL Flare Stack Monitoring,0.98,14.43,370.67,305.36,1500.0,48.9,65.31,9.42,1.0,0.0,378.39,0.093,0.249,0.05,0.608,0.784,0.705,0.0,16.5,3.5,-0.59,112.0,0.203,0.145,1.2,-2.97,-2.97
EVT_01098,20.22734,86.69357,0,INDUSTRIAL_ROUTINE_FLARE,Paradip Refinery (Odisha),HELD_OUT_TEST,IOCL Flare Stack Monitoring,0.98,18.18,363.27,297.22,1500.0,38.81,66.05,10.33,1.0,0.0,379.55,0.0,0.286,0.05,0.8,0.922,0.83,0.0,16.5,3.5,0.48,88.0,0.147,0.075,1.2,-2.97,-2.97
EVT_01099,20.31403,86.66168,0,INDUSTRIAL_ROUTINE_FLARE,Paradip Refinery (Odisha),HELD_OUT_TEST,IOCL Flare Stack Monitoring,0.98,50.33,353.28,305.43,1500.0,27.85,47.85,9.77,1.0,0.0,370.47,0.238,0.149,0.05,0.563,0.788,0.709,1.0,16.5,3.5,9.67,74.0,0.267,0.066,1.2,-2.97,-2.97
EVT_01100,20.26305,86.63473,0,INDUSTRIAL_ROUTINE_FLARE,Paradip Refinery (Odisha),HELD_OUT_TEST,IOCL Flare Stack Monitoring,0.98,15.7,368.02,304.96,1500.0,45.11,63.06,4.14,1.0,0.0,376.49,0.183,0.117,0.05,0.65,0.86,0.774,0.0,16.5,3.5,-0.23,77.0,0.204,0.142,1.2,-2.97,-2.97
EVT_01101,20.26093,86.69397,0,INDUSTRIAL_ROUTINE_FLARE,Paradip Refinery (Odisha),HELD_OUT_TEST,IOCL Flare Stack Monitoring,0.98,18.15,367.42,305.74,1500.0,44.29,61.68,10.14,1.0,0.0,375.84,0.292,0.104,0.05,0.553,0.912,0.821,0.0,16.5,3.5,0.47,86.0,0.287,0.214,1.2,-2.97,-2.97
EVT_01102,20.23341,86.64515,0,INDUSTRIAL_ROUTINE_FLARE,Paradip Refinery (Odisha),HELD_OUT_TEST,IOCL Flare Stack Monitoring,0.98,27.66,365.91,299.81,1500.0,42.21,66.1,5.3,1.0,0.0,379.59,0.0,0.241,0.05,0.843,0.916,0.824,1.0,16.5,3.5,3.19,68.0,0.123,0.012,1.2,-2.97,-2.97
EVT_01103,20.24152,86.67968,0,INDUSTRIAL_ROUTINE_FLARE,Paradip Refinery (Odisha),HELD_OUT_TEST,IOCL Flare Stack Monitoring,0.98,21.55,371.4,305.66,1500.0,49.99,65.74,8.62,1.0,0.0,378.18,0.0,0.247,0.05,0.751,0.826,0.743,0.0,16.5,3.5,1.44,76.0,0.126,0.04,1.2,-2.97,-2.97
EVT_01104,20.21574,86.74671,0,INDUSTRIAL_ROUTINE_FLARE,Paradip Refinery (Odisha),HELD_OUT_TEST,IOCL Flare Stack Monitoring,0.98,16.28,359.99,305.87,1500.0,34.96,54.12,16.03,1.0,0.0,380.14,0.12,0.245,0.05,0.584,0.913,0.822,0.0,16.5,3.5,-0.06,97.0,0.223,0.158,1.2,-2.97,-2.97
EVT_01105,20.243,86.64783,0,INDUSTRIAL_ROUTINE_FLARE,Paradip Refinery (Odisha),HELD_OUT_TEST,IOCL Flare Stack Monitoring,0.98,15.75,384.06,304.82,1500.0,71.87,79.24,5.31,1.0,0.0,378.49,0.016,0.187,0.05,0.747,0.931,0.838,0.0,16.5,3.5,-0.21,111.0,0.106,0.043,1.2,-2.97,-2.97
EVT_01106,20.28005,86.68828,0,INDUSTRIAL_ROUTINE_FLARE,Paradip Refinery (Odisha),HELD_OUT_TEST,IOCL Flare Stack Monitoring,0.98,33.24,358.2,299.19,1500.0,32.91,59.01,10.04,1.0,0.0,373.82,0.0,0.192,0.05,0.786,0.813,0.732,1.0,16.5,3.5,4.78,117.0,0.096,-0.037,1.2,-2.97,-2.97
EVT_01107,20.28074,86.68341,0,INDUSTRIAL_ROUTINE_FLARE,Paradip Refinery (Odisha),HELD_OUT_TEST,IOCL Flare Stack Monitoring,0.98,16.12,372.19,304.2,1500.0,51.18,67.99,9.59,1.0,0.0,373.81,0.0,0.234,0.05,0.816,0.8,0.72,0.0,16.5,3.5,-0.11,76.0,0.119,0.054,1.2,-2.97,-2.97
EVT_01108,20.28132,86.65838,0,INDUSTRIAL_ROUTINE_FLARE,Paradip Refinery (Odisha),HELD_OUT_TEST,IOCL Flare Stack Monitoring,0.98,19.8,367.27,304.44,1500.0,44.08,62.83,7.24,1.0,0.0,374.12,0.0,0.252,0.05,0.788,0.804,0.724,0.0,16.5,3.5,0.94,134.0,0.129,0.049,1.2,-2.97,-2.97
EVT_01109,20.24617,86.68082,0,INDUSTRIAL_ROUTINE_FLARE,Paradip Refinery (Odisha),HELD_OUT_TEST,IOCL Flare Stack Monitoring,0.98,44.35,374.97,307.24,1500.0,55.58,67.73,8.7,1.0,0.0,377.65,0.0,0.287,0.05,0.798,0.86,0.774,0.0,16.5,3.5,7.96,103.0,0.148,-0.03,1.2,-2.97,-2.97
EVT_01110,20.24869,86.71674,0,INDUSTRIAL_ROUTINE_FLARE,Paradip Refinery (Odisha),HELD_OUT_TEST,IOCL Flare Stack Monitoring,0.98,18.72,371.83,304.11,1500.0,50.62,67.72,12.44,1.0,0.0,376.88,0.094,0.27,0.05,0.586,0.823,0.741,1.0,16.5,3.5,0.63,66.0,0.216,0.141,1.2,-2.97,-2.97
EVT_01111,20.33016,86.64183,0,INDUSTRIAL_ROUTINE_FLARE,Paradip Refinery (Odisha),HELD_OUT_TEST,IOCL Flare Stack Monitoring,0.98,18.11,353.22,306.36,1500.0,27.8,46.86,10.04,1.0,0.0,369.01,0.198,0.113,0.05,0.639,0.793,0.714,0.0,16.5,3.5,0.46,80.0,0.215,0.142,1.2,-2.97,-2.97
EVT_01112,20.27094,86.69257,0,INDUSTRIAL_ROUTINE_FLARE,Paradip Refinery (Odisha),HELD_OUT_TEST,IOCL Flare Stack Monitoring,0.98,23.88,376.81,300.93,1500.0,58.54,75.88,10.19,1.0,0.0,374.76,0.004,0.271,0.05,0.674,0.936,0.842,0.0,16.5,3.5,2.11,89.0,0.142,0.047,1.2,-2.97,-2.97
EVT_01113,20.28101,86.68214,0,INDUSTRIAL_ROUTINE_FLARE,Paradip Refinery (Odisha),HELD_OUT_TEST,IOCL Flare Stack Monitoring,0.98,14.85,358.25,303.91,1500.0,32.99,54.34,9.48,1.0,0.0,373.8,0.0,0.265,0.05,0.803,0.79,0.711,0.0,16.5,3.5,-0.47,146.0,0.136,0.076,1.2,-2.97,-2.97
EVT_01114,20.2493,86.66283,0,INDUSTRIAL_ROUTINE_FLARE,Paradip Refinery (Odisha),HELD_OUT_TEST,IOCL Flare Stack Monitoring,0.98,15.91,364.8,301.8,1500.0,40.78,63.0,6.82,1.0,0.0,377.57,0.174,0.178,0.05,0.599,0.918,0.826,0.0,16.5,3.5,-0.17,83.0,0.231,0.167,1.2,-2.97,-2.97
EVT_01115,20.27862,86.64997,0,INDUSTRIAL_ROUTINE_FLARE,Paradip Refinery (Odisha),HELD_OUT_TEST,IOCL Flare Stack Monitoring,0.98,18.64,359.09,302.48,1500.0,33.91,56.61,6.33,1.0,0.0,374.55,0.154,0.135,0.05,0.661,0.798,0.718,1.0,16.5,3.5,0.61,111.0,0.191,0.116,1.2,-2.97,-2.97
EVT_01116,20.24987,86.64643,0,INDUSTRIAL_ROUTINE_FLARE,Paradip Refinery (Odisha),HELD_OUT_TEST,IOCL Flare Stack Monitoring,0.98,14.64,361.82,305.75,1500.0,37.11,56.07,5.1,1.0,0.0,377.76,0.0,0.269,0.05,0.84,0.921,0.829,0.0,16.5,3.5,-0.53,135.0,0.138,0.079,1.2,-2.97,-2.97
EVT_01117,20.22577,86.64857,0,INDUSTRIAL_ROUTINE_FLARE,Paradip Refinery (Odisha),HELD_OUT_TEST,IOCL Flare Stack Monitoring,0.98,28.71,351.15,309.08,1500.0,25.84,42.07,5.97,1.0,0.0,380.38,0.09,0.236,0.05,0.624,0.8,0.72,1.0,16.5,3.5,3.49,133.0,0.194,0.079,1.2,-2.97,-2.97
EVT_01118,20.249,86.70229,0,INDUSTRIAL_ROUTINE_FLARE,Paradip Refinery (Odisha),HELD_OUT_TEST,IOCL Flare Stack Monitoring,0.98,17.59,363.34,306.53,1500.0,38.96,56.8,10.93,1.0,0.0,377.04,0.189,0.128,0.05,0.633,0.786,0.707,0.0,16.5,3.5,0.31,144.0,0.215,0.145,1.2,-2.97,-2.97
EVT_01119,20.26033,86.66486,0,INDUSTRIAL_ROUTINE_FLARE,Paradip Refinery (Odisha),HELD_OUT_TEST,IOCL Flare Stack Monitoring,0.98,20.23,363.32,300.38,1500.0,38.9,62.93,7.12,1.0,0.0,376.33,0.287,0.107,0.05,0.556,0.835,0.752,1.0,16.5,3.5,1.07,66.0,0.284,0.203,1.2,-2.97,-2.97
EVT_01120,20.2914,86.68718,0,INDUSTRIAL_ROUTINE_FLARE,Paradip Refinery (Odisha),HELD_OUT_TEST,IOCL Flare Stack Monitoring,0.98,14.22,359.88,307.84,1500.0,34.84,52.04,10.42,1.0,0.0,372.59,0.0,0.163,0.05,0.832,0.973,0.876,0.0,16.5,3.5,-0.65,109.0,0.08,0.023,1.2,-2.97,-2.97
EVT_01121,20.2381,86.67805,0,INDUSTRIAL_ROUTINE_FLARE,Paradip Refinery (Odisha),HELD_OUT_TEST,IOCL Flare Stack Monitoring,0.98,19.27,370.44,300.8,1500.0,48.53,69.64,8.51,1.0,0.0,378.58,0.039,0.123,0.05,0.787,0.966,0.869,0.0,16.5,3.5,0.79,128.0,0.09,0.013,1.2,-2.97,-2.97
EVT_01122,20.2753,86.65875,0,INDUSTRIAL_ROUTINE_FLARE,Paradip Refinery (Odisha),HELD_OUT_TEST,IOCL Flare Stack Monitoring,0.98,16.15,359.22,301.01,1500.0,34.06,58.21,6.98,1.0,0.0,374.78,0.065,0.215,0.05,0.67,0.962,0.866,0.0,16.5,3.5,-0.1,97.0,0.162,0.097,1.2,-2.97,-2.97
EVT_01123,20.23603,86.6667,0,INDUSTRIAL_ROUTINE_FLARE,Paradip Refinery (Odisha),HELD_OUT_TEST,IOCL Flare Stack Monitoring,0.98,18.16,367.89,307.73,1500.0,44.94,60.16,7.38,1.0,0.0,378.98,0.0,0.209,0.05,0.777,0.842,0.758,0.0,16.5,3.5,0.47,147.0,0.105,0.032,1.2,-2.97,-2.97
EVT_01124,20.26422,86.70654,0,INDUSTRIAL_ROUTINE_FLARE,Paradip Refinery (Odisha),HELD_OUT_TEST,IOCL Flare Stack Monitoring,0.98,19.7,369.09,301.69,1500.0,46.58,67.39,11.48,1.0,0.0,375.31,0.0,0.191,0.05,0.803,0.821,0.739,0.0,16.5,3.5,0.92,98.0,0.095,0.016,1.2,-2.97,-2.97
EVT_01125,20.24319,86.67941,0,INDUSTRIAL_ROUTINE_FLARE,Paradip Refinery (Odisha),HELD_OUT_TEST,IOCL Flare Stack Monitoring,0.98,25.57,366.47,302.86,1500.0,42.97,63.6,8.58,1.0,0.0,378.0,0.0,0.28,0.05,0.707,0.812,0.731,1.0,16.5,3.5,2.59,77.0,0.144,0.042,1.2,-2.97,-2.97
EVT_01126,20.26267,86.73218,0,INDUSTRIAL_ROUTINE_FLARE,Paradip Refinery (Odisha),HELD_OUT_TEST,IOCL Flare Stack Monitoring,0.98,15.8,353.74,298.14,1500.0,28.28,55.61,14.12,1.0,0.0,375.14,0.0,0.216,0.05,0.788,0.783,0.705,0.0,16.5,3.5,-0.2,145.0,0.109,0.046,1.2,-2.97,-2.97
EVT_01127,20.28037,86.67695,0,INDUSTRIAL_ROUTINE_FLARE,Paradip Refinery (Odisha),HELD_OUT_TEST,IOCL Flare Stack Monitoring,0.98,40.48,352.09,300.65,1500.0,26.7,51.44,8.95,1.0,0.0,373.95,0.196,0.184,0.05,0.57,0.953,0.857,0.0,16.5,3.5,6.85,141.0,0.252,0.09,1.2,-2.97,-2.97
EVT_01128,20.25476,86.61283,0,INDUSTRIAL_ROUTINE_FLARE,Paradip Refinery (Odisha),HELD_OUT_TEST,IOCL Flare Stack Monitoring,0.98,21.59,366.45,304.16,1500.0,42.96,62.28,1.68,1.0,0.0,377.76,0.047,0.194,0.716,0.043,0.868,0.781,0.0,16.5,3.5,1.45,113.0,0.002,-0.084,1.2,-2.97,-2.97
EVT_01129,20.29042,86.61961,0,INDUSTRIAL_ROUTINE_FLARE,Paradip Refinery (Odisha),HELD_OUT_TEST,IOCL Flare Stack Monitoring,0.98,19.58,378.98,306.54,1500.0,62.39,72.45,5.05,1.0,0.0,373.73,0.078,0.137,0.05,0.735,0.835,0.751,1.0,16.5,3.5,0.88,94.0,0.129,0.051,1.2,-2.97,-2.97
EVT_01130,20.26615,86.66468,0,INDUSTRIAL_ROUTINE_FLARE,Paradip Refinery (Odisha),HELD_OUT_TEST,IOCL Flare Stack Monitoring,0.98,17.66,370.66,306.7,1500.0,48.91,63.97,7.23,1.0,0.0,375.69,0.033,0.237,0.05,0.679,0.832,0.749,0.0,16.5,3.5,0.33,67.0,0.147,0.077,1.2,-2.97,-2.97
EVT_01131,29.70699,76.96373,3,AGRICULTURAL_CROP_BURNING,Karnal & Kurukshetra (Haryana),HELD_OUT_TEST,Haryana Remote Sensing Stubble Survey,0.98,26.9,332.36,313.75,845.7,95.49,18.62,27.99,1.0,0.0,880.25,0.01,0.97,0.017,0.013,0.064,0.058,1.0,8.0,3.0,6.3,7.0,0.538,0.431,0.546,-2.97,-2.97
EVT_01132,29.72319,76.95361,3,AGRICULTURAL_CROP_BURNING,Karnal & Kurukshetra (Haryana),HELD_OUT_TEST,Haryana Remote Sensing Stubble Survey,0.98,25.06,335.93,312.94,846.8,111.09,22.99,29.44,1.0,0.0,882.31,0.01,0.977,0.02,0.003,0.031,0.028,1.0,8.0,3.0,5.69,1.0,0.542,0.441,0.547,-2.97,-2.97
EVT_01133,29.67357,76.9918,3,AGRICULTURAL_CROP_BURNING,Karnal & Kurukshetra (Haryana),HELD_OUT_TEST,Haryana Remote Sensing Stubble Survey,0.98,10.54,341.4,311.06,847.9,138.38,30.34,25.55,1.0,0.0,875.44,0.01,0.915,0.033,0.052,0.029,0.026,0.0,8.0,3.0,0.85,6.0,0.505,0.463,0.548,-2.97,-2.97
EVT_01134,29.65025,76.98808,3,AGRICULTURAL_CROP_BURNING,Karnal & Kurukshetra (Haryana),HELD_OUT_TEST,Haryana Remote Sensing Stubble Survey,0.98,27.06,331.54,318.28,845.4,92.17,13.26,23.08,1.0,0.0,873.94,0.01,0.925,0.015,0.06,0.057,0.051,0.0,8.0,3.0,6.35,1.0,0.514,0.406,0.545,-2.97,-2.97
EVT_01135,29.71096,77.01853,3,AGRICULTURAL_CROP_BURNING,Karnal & Kurukshetra (Haryana),HELD_OUT_TEST,Haryana Remote Sensing Stubble Survey,0.98,5.75,333.82,313.45,846.2,101.65,20.37,30.42,1.0,0.0,876.2,0.01,0.888,0.022,0.09,0.066,0.06,1.0,8.0,3.0,-0.75,2.0,0.492,0.469,0.546,-2.97,-2.97
EVT_01136,29.66696,76.94338,3,AGRICULTURAL_CROP_BURNING,Karnal & Kurukshetra (Haryana),HELD_OUT_TEST,Haryana Remote Sensing Stubble Survey,0.98,9.55,333.94,322.55,846.2,102.28,11.39,23.15,1.0,0.0,878.81,0.01,0.955,0.027,0.018,0.034,0.031,1.0,8.0,3.0,0.52,6.0,0.528,0.49,0.546,-2.97,-2.97
EVT_01137,29.63217,76.9312,3,AGRICULTURAL_CROP_BURNING,Karnal & Kurukshetra (Haryana),HELD_OUT_TEST,Haryana Remote Sensing Stubble Survey,0.98,18.53,329.19,314.25,500.0,1968.15,14.94,19.11,1.0,0.0,877.13,0.01,0.965,0.026,0.01,0.044,0.04,0.0,8.0,3.0,3.51,4.0,0.534,0.46,0.2,-2.97,-2.97
EVT_01138,29.63698,77.05135,3,AGRICULTURAL_CROP_BURNING,Karnal & Kurukshetra (Haryana),HELD_OUT_TEST,Haryana Remote Sensing Stubble Survey,0.98,5.42,335.49,315.9,500.0,2624.7,19.58,25.41,1.0,0.0,867.86,0.01,0.974,0.028,0.0,0.073,0.066,0.0,8.0,3.0,-0.86,6.0,0.538,0.517,0.2,-2.97,-2.97
EVT_01139,29.66253,76.91444,3,AGRICULTURAL_CROP_BURNING,Karnal & Kurukshetra (Haryana),HELD_OUT_TEST,Haryana Remote Sensing Stubble Survey,0.98,11.03,327.75,315.63,500.0,1836.58,12.12,22.03,1.0,0.0,880.8,0.01,0.898,0.03,0.073,0.058,0.052,1.0,8.0,3.0,1.01,1.0,0.496,0.452,0.2,-2.97,-2.97
EVT_01140,29.68787,76.99123,3,AGRICULTURAL_CROP_BURNING,Karnal & Kurukshetra (Haryana),HELD_OUT_TEST,Haryana Remote Sensing Stubble Survey,0.98,18.91,325.12,317.62,842.1,68.59,7.49,26.96,1.0,0.0,876.59,0.01,0.88,0.03,0.089,0.047,0.042,1.0,8.0,3.0,3.64,2.0,0.486,0.411,0.542,-2.97,-2.97
EVT_01141,29.61145,77.00024,3,AGRICULTURAL_CROP_BURNING,Karnal & Kurukshetra (Haryana),HELD_OUT_TEST,Haryana Remote Sensing Stubble Survey,0.98,6.41,329.36,308.92,546.6,1020.02,20.44,20.07,1.0,0.0,869.99,0.01,0.927,0.018,0.056,0.034,0.03,1.0,8.0,3.0,-0.53,8.0,0.514,0.489,0.247,-2.97,-2.97
EVT_01142,29.66594,77.01409,3,AGRICULTURAL_CROP_BURNING,Karnal & Kurukshetra (Haryana),HELD_OUT_TEST,Haryana Remote Sensing Stubble Survey,0.98,11.74,326.84,311.89,843.2,74.41,14.95,25.84,1.0,0.0,873.07,0.01,0.957,0.037,0.006,0.015,0.013,0.0,8.0,3.0,1.25,4.0,0.527,0.48,0.543,-2.97,-2.97
EVT_01143,29.71932,77.00369,3,AGRICULTURAL_CROP_BURNING,Karnal & Kurukshetra (Haryana),HELD_OUT_TEST,Haryana Remote Sensing Stubble Survey,0.98,23.14,330.96,320.07,845.1,89.87,10.89,30.64,1.0,0.0,878.02,0.01,0.933,0.035,0.032,0.052,0.047,1.0,8.0,3.0,5.05,4.0,0.514,0.422,0.545,-2.97,-2.97
EVT_01144,29.67818,76.98985,3,AGRICULTURAL_CROP_BURNING,Karnal & Kurukshetra (Haryana),HELD_OUT_TEST,Haryana Remote Sensing Stubble Survey,0.98,22.64,328.28,314.91,571.1,716.07,13.37,25.93,1.0,0.0,875.95,0.01,0.959,0.029,0.011,0.036,0.032,0.0,8.0,3.0,4.88,2.0,0.53,0.439,0.271,-2.97,-2.97
EVT_01145,29.6374,76.98895,3,AGRICULTURAL_CROP_BURNING,Karnal & Kurukshetra (Haryana),HELD_OUT_TEST,Haryana Remote Sensing Stubble Survey,0.98,18.83,330.44,314.43,844.9,87.76,16.01,21.87,1.0,0.0,872.88,0.01,0.979,0.016,0.005,0.076,0.069,1.0,8.0,3.0,3.61,2.0,0.543,0.468,0.545,-2.97,-2.97
EVT_01146,29.62162,76.95696,3,AGRICULTURAL_CROP_BURNING,Karnal & Kurukshetra (Haryana),HELD_OUT_TEST,Haryana Remote Sensing Stubble Survey,0.98,11.02,333.8,317.05,846.1,101.62,16.75,18.88,1.0,0.0,874.25,0.01,0.969,0.016,0.015,0.016,0.014,0.0,8.0,3.0,1.01,5.0,0.538,0.494,0.546,-2.97,-2.97
EVT_01147,29.58171,76.97448,3,AGRICULTURAL_CROP_BURNING,Karnal & Kurukshetra (Haryana),HELD_OUT_TEST,Haryana Remote Sensing Stubble Survey,0.98,10.94,324.38,309.59,582.5,513.44,14.78,15.93,1.0,0.0,869.79,0.01,0.913,0.023,0.065,0.043,0.039,1.0,8.0,3.0,0.98,4.0,0.506,0.462,0.282,-2.97,-2.97
EVT_01148,29.68433,76.98365,3,AGRICULTURAL_CROP_BURNING,Karnal & Kurukshetra (Haryana),HELD_OUT_TEST,Haryana Remote Sensing Stubble Survey,0.98,15.09,328.26,317.99,582.6,627.12,10.27,26.3,1.0,0.0,876.92,0.01,0.971,0.037,0.0,0.011,0.01,1.0,8.0,3.0,2.36,5.0,0.535,0.474,0.283,-2.97,-2.97
EVT_01149,29.67491,76.97034,3,AGRICULTURAL_CROP_BURNING,Karnal & Kurukshetra (Haryana),HELD_OUT_TEST,Haryana Remote Sensing Stubble Survey,0.98,19.71,338.55,316.67,847.4,123.71,21.88,24.84,1.0,0.0,877.26,0.01,0.889,0.015,0.096,0.013,0.012,0.0,8.0,3.0,3.9,2.0,0.494,0.415,0.547,-2.97,-2.97
EVT_01150,29.71175,76.99809,3,AGRICULTURAL_CROP_BURNING,Karnal & Kurukshetra (Haryana),HELD_OUT_TEST,Haryana Remote Sensing Stubble Survey,0.98,8.8,338.34,310.84,847.3,122.59,27.5,29.65,1.0,0.0,877.88,0.01,0.914,0.03,0.056,0.078,0.07,1.0,8.0,3.0,0.27,7.0,0.505,0.47,0.547,-2.97,-2.97
EVT_01151,29.72752,76.97497,3,AGRICULTURAL_CROP_BURNING,Karnal & Kurukshetra (Haryana),HELD_OUT_TEST,Haryana Remote Sensing Stubble Survey,0.98,5.54,332.09,312.01,845.6,94.35,20.08,30.49,1.0,0.0,880.94,0.01,0.903,0.026,0.071,0.024,0.021,1.0,8.0,3.0,-0.82,1.0,0.5,0.477,0.546,-2.97,-2.97
EVT_01152,29.67984,77.00149,3,AGRICULTURAL_CROP_BURNING,Karnal & Kurukshetra (Haryana),HELD_OUT_TEST,Haryana Remote Sensing Stubble Survey,0.98,22.97,328.07,304.21,843.8,78.71,23.86,26.59,1.0,0.0,875.15,0.01,0.905,0.02,0.075,0.043,0.039,1.0,8.0,3.0,4.99,9.0,0.502,0.41,0.544,-2.97,-2.97
EVT_01153,29.67982,76.95121,3,AGRICULTURAL_CROP_BURNING,Karnal & Kurukshetra (Haryana),HELD_OUT_TEST,Haryana Remote Sensing Stubble Survey,0.98,14.09,331.65,312.51,845.4,92.55,19.14,24.74,1.0,0.0,879.17,0.01,0.92,0.021,0.059,0.064,0.057,1.0,8.0,3.0,2.03,5.0,0.51,0.454,0.545,-2.97,-2.97
EVT_01154,29.69681,76.97121,3,AGRICULTURAL_CROP_BURNING,Karnal & Kurukshetra (Haryana),HELD_OUT_TEST,Haryana Remote Sensing Stubble Survey,0.98,25.62,331.15,321.26,845.2,90.64,9.89,27.15,1.0,0.0,878.87,0.01,0.935,0.024,0.041,0.032,0.029,1.0,8.0,3.0,5.87,6.0,0.518,0.415,0.545,-2.97,-2.97
EVT_01155,29.69263,77.00631,3,AGRICULTURAL_CROP_BURNING,Karnal & Kurukshetra (Haryana),HELD_OUT_TEST,Haryana Remote Sensing Stubble Survey,0.98,6.88,332.78,314.2,639.0,430.2,18.58,28.07,1.0,0.0,875.75,0.01,0.896,0.026,0.078,0.062,0.055,0.0,8.0,3.0,-0.37,8.0,0.496,0.468,0.339,-2.97,-2.97
EVT_01156,29.70652,76.95067,3,AGRICULTURAL_CROP_BURNING,Karnal & Kurukshetra (Haryana),HELD_OUT_TEST,Haryana Remote Sensing Stubble Survey,0.98,10.45,317.64,317.13,500.0,1049.73,0.51,27.58,1.0,0.0,881.26,0.01,0.938,0.031,0.032,0.08,0.072,0.0,8.0,3.0,0.82,3.0,0.518,0.476,0.2,-2.97,-2.97
EVT_01157,29.62215,76.99643,3,AGRICULTURAL_CROP_BURNING,Karnal & Kurukshetra (Haryana),HELD_OUT_TEST,Haryana Remote Sensing Stubble Survey,0.98,8.29,322.49,307.48,840.1,60.17,15.0,20.82,1.0,0.0,871.11,0.01,0.958,0.021,0.021,0.01,0.009,1.0,8.0,3.0,0.1,1.0,0.531,0.498,0.54,-2.97,-2.97
EVT_01158,29.6782,76.99314,3,AGRICULTURAL_CROP_BURNING,Karnal & Kurukshetra (Haryana),HELD_OUT_TEST,Haryana Remote Sensing Stubble Survey,0.98,20.3,329.42,309.27,844.5,83.78,20.16,26.07,1.0,0.0,875.69,0.01,0.932,0.036,0.032,0.068,0.061,1.0,8.0,3.0,4.1,1.0,0.514,0.432,0.544,-2.97,-2.97
EVT_01159,29.64187,76.9986,3,AGRICULTURAL_CROP_BURNING,Karnal & Kurukshetra (Haryana),HELD_OUT_TEST,Haryana Remote Sensing Stubble Survey,0.98,4.37,329.41,311.27,844.5,83.75,18.14,22.77,1.0,0.0,872.45,0.01,0.978,0.019,0.003,0.032,0.029,1.0,8.0,3.0,-1.21,8.0,0.542,0.525,0.544,-2.97,-2.97
EVT_01160,29.65862,76.96646,3,AGRICULTURAL_CROP_BURNING,Karnal & Kurukshetra (Haryana),HELD_OUT_TEST,Haryana Remote Sensing Stubble Survey,0.98,18.79,323.95,314.15,500.0,1509.68,9.79,23.02,1.0,0.0,876.32,0.01,0.949,0.019,0.031,0.021,0.019,1.0,8.0,3.0,3.6,5.0,0.526,0.451,0.2,-2.97,-2.97
EVT_01161,29.69033,76.99382,3,AGRICULTURAL_CROP_BURNING,Karnal & Kurukshetra (Haryana),HELD_OUT_TEST,Haryana Remote Sensing Stubble Survey,0.98,9.43,325.97,312.16,842.6,71.4,13.8,27.31,1.0,0.0,876.57,0.01,0.977,0.038,0.0,0.043,0.039,1.0,8.0,3.0,0.48,3.0,0.538,0.5,0.543,-2.97,-2.97
EVT_01162,29.69959,77.02061,3,AGRICULTURAL_CROP_BURNING,Karnal & Kurukshetra (Haryana),HELD_OUT_TEST,Haryana Remote Sensing Stubble Survey,0.98,18.27,328.27,319.75,500.0,1888.99,8.52,29.4,1.0,0.0,875.15,0.01,0.925,0.016,0.058,0.034,0.031,1.0,8.0,3.0,3.42,4.0,0.514,0.441,0.2,-2.97,-2.97
EVT_01163,29.69413,76.96827,3,AGRICULTURAL_CROP_BURNING,Karnal & Kurukshetra (Haryana),HELD_OUT_TEST,Haryana Remote Sensing Stubble Survey,0.98,13.62,332.51,321.75,545.9,1200.78,10.76,26.77,1.0,0.0,878.9,0.01,0.889,0.035,0.076,0.04,0.036,0.0,8.0,3.0,1.87,8.0,0.49,0.436,0.246,-2.97,-2.97
EVT_01164,29.666,76.99765,3,AGRICULTURAL_CROP_BURNING,Karnal & Kurukshetra (Haryana),HELD_OUT_TEST,Haryana Remote Sensing Stubble Survey,0.98,9.08,330.41,313.41,844.9,87.61,17.0,25.06,1.0,0.0,874.39,0.01,0.938,0.02,0.042,0.038,0.034,0.0,8.0,3.0,0.36,9.0,0.52,0.484,0.545,-2.97,-2.97
EVT_01165,29.74672,76.98542,3,AGRICULTURAL_CROP_BURNING,Karnal & Kurukshetra (Haryana),HELD_OUT_TEST,Haryana Remote Sensing Stubble Survey,0.98,26.0,331.16,310.88,845.2,90.57,20.28,32.84,1.0,0.0,881.6,0.01,0.911,0.03,0.059,0.031,0.028,1.0,8.0,3.0,6.0,7.0,0.503,0.399,0.545,-2.97,-2.97
EVT_01166,29.69183,76.98556,3,AGRICULTURAL_CROP_BURNING,Karnal & Kurukshetra (Haryana),HELD_OUT_TEST,Haryana Remote Sensing Stubble Survey,0.98,10.01,329.12,307.89,557.0,882.45,21.23,27.14,1.0,0.0,877.34,0.01,0.979,0.015,0.006,0.016,0.014,1.0,8.0,3.0,0.67,3.0,0.544,0.504,0.257,-2.97,-2.97
EVT_01167,29.73105,76.98285,3,AGRICULTURAL_CROP_BURNING,Karnal & Kurukshetra (Haryana),HELD_OUT_TEST,Haryana Remote Sensing Stubble Survey,0.98,27.67,324.09,304.03,841.4,65.14,20.07,31.11,1.0,0.0,880.59,0.01,0.914,0.024,0.062,0.04,0.036,1.0,8.0,3.0,6.56,6.0,0.506,0.395,0.541,-2.97,-2.97
EVT_01168,29.66953,76.99824,3,AGRICULTURAL_CROP_BURNING,Karnal & Kurukshetra (Haryana),HELD_OUT_TEST,Haryana Remote Sensing Stubble Survey,0.98,26.91,326.32,309.4,842.8,72.58,16.92,25.43,1.0,0.0,874.61,0.01,0.938,0.03,0.032,0.033,0.03,1.0,8.0,3.0,6.3,4.0,0.518,0.41,0.543,-2.97,-2.97
EVT_01169,29.6465,77.01026,3,AGRICULTURAL_CROP_BURNING,Karnal & Kurukshetra (Haryana),HELD_OUT_TEST,Haryana Remote Sensing Stubble Survey,0.98,9.23,333.14,313.58,500.0,2361.71,19.55,23.81,1.0,0.0,871.88,0.01,0.948,0.029,0.023,0.028,0.025,0.0,8.0,3.0,0.41,5.0,0.524,0.487,0.2,-2.97,-2.97
EVT_01170,29.6785,77.01986,3,AGRICULTURAL_CROP_BURNING,Karnal & Kurukshetra (Haryana),HELD_OUT_TEST,Haryana Remote Sensing Stubble Survey,0.98,19.9,327.94,311.14,843.8,78.32,16.8,27.32,1.0,0.0,873.58,0.01,0.944,0.036,0.02,0.053,0.048,1.0,8.0,3.0,3.97,5.0,0.52,0.441,0.544,-2.97,-2.97
EVT_01171,29.72912,76.99516,3,AGRICULTURAL_CROP_BURNING,Karnal & Kurukshetra (Haryana),HELD_OUT_TEST,Haryana Remote Sensing Stubble Survey,0.98,25.65,334.03,309.46,846.2,102.5,24.57,31.33,1.0,0.0,879.46,0.01,0.886,0.027,0.087,0.037,0.033,1.0,8.0,3.0,5.88,6.0,0.49,0.387,0.546,-2.97,-2.97
EVT_01172,29.67794,76.98165,3,AGRICULTURAL_CROP_BURNING,Karnal & Kurukshetra (Haryana),HELD_OUT_TEST,Haryana Remote Sensing Stubble Survey,0.98,12.28,331.21,310.13,845.2,90.74,21.08,25.57,1.0,0.0,876.58,0.01,0.89,0.015,0.096,0.012,0.011,1.0,8.0,3.0,1.43,3.0,0.495,0.446,0.545,-2.97,-2.97
EVT_01173,29.67259,76.95411,3,AGRICULTURAL_CROP_BURNING,Karnal & Kurukshetra (Haryana),HELD_OUT_TEST,Haryana Remote Sensing Stubble Survey,0.98,20.43,330.99,311.49,845.2,89.87,19.5,24.06,1.0,0.0,878.38,0.01,0.929,0.022,0.049,0.047,0.043,1.0,8.0,3.0,4.14,8.0,0.515,0.433,0.545,-2.97,-2.97
EVT_01174,29.68801,76.95382,3,AGRICULTURAL_CROP_BURNING,Karnal & Kurukshetra (Haryana),HELD_OUT_TEST,Haryana Remote Sensing Stubble Survey,0.98,15.37,321.06,313.85,587.4,405.32,7.22,25.68,1.0,0.0,879.59,0.01,0.908,0.024,0.068,0.064,0.058,1.0,8.0,3.0,2.46,1.0,0.503,0.441,0.287,-2.97,-2.97
EVT_01175,29.59799,76.95851,3,AGRICULTURAL_CROP_BURNING,Karnal & Kurukshetra (Haryana),HELD_OUT_TEST,Haryana Remote Sensing Stubble Survey,0.98,18.49,329.01,319.2,844.3,82.31,9.81,16.61,1.0,0.0,872.32,0.01,0.895,0.015,0.09,0.073,0.065,1.0,8.0,3.0,3.5,4.0,0.497,0.424,0.544,-2.97,-2.97
EVT_01176,29.68964,76.96383,3,AGRICULTURAL_CROP_BURNING,Karnal & Kurukshetra (Haryana),HELD_OUT_TEST,Haryana Remote Sensing Stubble Survey,0.98,17.83,336.5,314.35,846.9,113.76,22.15,26.16,1.0,0.0,878.91,0.01,0.966,0.038,0.0,0.071,0.064,1.0,8.0,3.0,3.28,6.0,0.532,0.461,0.547,-2.97,-2.97
EVT_01177,29.65786,76.94529,3,AGRICULTURAL_CROP_BURNING,Karnal & Kurukshetra (Haryana),HELD_OUT_TEST,Haryana Remote Sensing Stubble Survey,0.98,25.95,326.54,308.91,843.0,73.32,17.63,22.24,1.0,0.0,877.96,0.01,0.912,0.027,0.061,0.05,0.045,1.0,8.0,3.0,5.98,8.0,0.504,0.401,0.543,-2.97,-2.97
EVT_01178,29.66252,76.97042,3,AGRICULTURAL_CROP_BURNING,Karnal & Kurukshetra (Haryana),HELD_OUT_TEST,Haryana Remote Sensing Stubble Survey,0.98,24.22,328.19,312.52,843.9,79.25,15.68,23.57,1.0,0.0,876.3,0.01,0.92,0.03,0.049,0.03,0.027,1.0,8.0,3.0,5.41,9.0,0.508,0.411,0.544,-2.97,-2.97
EVT_01179,29.64456,76.9184,3,AGRICULTURAL_CROP_BURNING,Karnal & Kurukshetra (Haryana),HELD_OUT_TEST,Haryana Remote Sensing Stubble Survey,0.98,20.64,327.77,311.99,500.0,1833.36,15.79,20.14,1.0,0.0,879.1,0.01,0.885,0.012,0.103,0.074,0.067,1.0,8.0,3.0,4.21,9.0,0.493,0.41,0.2,-2.97,-2.97
EVT_01180,29.62219,76.9812,3,AGRICULTURAL_CROP_BURNING,Karnal & Kurukshetra (Haryana),HELD_OUT_TEST,Haryana Remote Sensing Stubble Survey,0.98,25.02,337.81,311.18,847.2,119.96,26.62,20.03,1.0,0.0,872.34,0.01,0.915,0.035,0.05,0.04,0.036,1.0,8.0,3.0,5.67,6.0,0.504,0.404,0.547,-2.97,-2.97
EVT_01181,29.65286,77.01924,3,AGRICULTURAL_CROP_BURNING,Karnal & Kurukshetra (Haryana),HELD_OUT_TEST,Haryana Remote Sensing Stubble Survey,0.98,5.24,330.87,310.6,845.1,89.4,20.27,24.88,1.0,0.0,871.65,0.01,0.895,0.036,0.068,0.034,0.03,1.0,8.0,3.0,-0.92,6.0,0.493,0.472,0.545,-2.97,-2.97
EVT_01182,29.66305,76.95964,3,AGRICULTURAL_CROP_BURNING,Karnal & Kurukshetra (Haryana),HELD_OUT_TEST,Haryana Remote Sensing Stubble Survey,0.98,25.31,329.16,309.8,844.4,82.78,19.36,23.24,1.0,0.0,877.2,0.01,0.944,0.015,0.041,0.028,0.025,1.0,8.0,3.0,5.77,6.0,0.524,0.423,0.544,-2.97,-2.97
EVT_01183,29.65498,77.04281,3,AGRICULTURAL_CROP_BURNING,Karnal & Kurukshetra (Haryana),HELD_OUT_TEST,Haryana Remote Sensing Stubble Survey,0.98,16.36,337.72,316.42,847.2,119.64,21.31,26.41,1.0,0.0,869.93,0.01,0.905,0.014,0.081,0.067,0.06,1.0,8.0,3.0,2.79,9.0,0.503,0.438,0.547,-2.97,-2.97
EVT_01184,29.62688,76.95297,3,AGRICULTURAL_CROP_BURNING,Karnal & Kurukshetra (Haryana),HELD_OUT_TEST,Haryana Remote Sensing Stubble Survey,0.98,22.05,327.37,315.25,590.3,549.74,12.12,19.26,1.0,0.0,874.97,0.01,0.968,0.015,0.017,0.013,0.012,1.0,8.0,3.0,4.68,3.0,0.538,0.449,0.29,-2.97,-2.97
EVT_01185,29.67284,77.02946,3,AGRICULTURAL_CROP_BURNING,Karnal & Kurukshetra (Haryana),HELD_OUT_TEST,Haryana Remote Sensing Stubble Survey,0.98,8.02,325.37,312.14,842.2,69.41,13.23,27.28,1.0,0.0,872.38,0.01,0.891,0.012,0.097,0.056,0.051,1.0,8.0,3.0,0.01,6.0,0.496,0.464,0.542,-2.97,-2.97
EVT_01186,29.71036,77.01493,3,AGRICULTURAL_CROP_BURNING,Karnal & Kurukshetra (Haryana),HELD_OUT_TEST,Haryana Remote Sensing Stubble Survey,0.98,6.03,330.46,311.31,844.9,87.79,19.15,30.2,1.0,0.0,876.44,0.01,0.931,0.032,0.037,0.073,0.066,1.0,8.0,3.0,-0.66,9.0,0.514,0.49,0.545,-2.97,-2.97
EVT_01187,29.66979,76.96611,3,AGRICULTURAL_CROP_BURNING,Karnal & Kurukshetra (Haryana),HELD_OUT_TEST,Haryana Remote Sensing Stubble Survey,0.98,13.39,324.52,311.31,841.7,66.58,13.2,24.16,1.0,0.0,877.2,0.01,0.906,0.024,0.07,0.049,0.044,1.0,8.0,3.0,1.8,9.0,0.502,0.448,0.542,-2.97,-2.97
EVT_01188,29.69673,76.92961,3,AGRICULTURAL_CROP_BURNING,Karnal & Kurukshetra (Haryana),HELD_OUT_TEST,Haryana Remote Sensing Stubble Survey,0.98,19.99,330.7,314.95,845.0,88.78,15.75,26.04,1.0,0.0,882.2,0.01,0.969,0.017,0.013,0.051,0.046,1.0,8.0,3.0,4.0,1.0,0.538,0.458,0.545,-2.97,-2.97
EVT_01189,29.68755,76.96766,3,AGRICULTURAL_CROP_BURNING,Karnal & Kurukshetra (Haryana),HELD_OUT_TEST,Haryana Remote Sensing Stubble Survey,0.98,4.68,327.8,309.53,500.0,1831.4,18.26,26.06,1.0,0.0,878.44,0.01,0.953,0.034,0.014,0.02,0.018,0.0,8.0,3.0,-1.11,7.0,0.526,0.507,0.2,-2.97,-2.97
EVT_01190,29.72214,77.02243,3,AGRICULTURAL_CROP_BURNING,Karnal & Kurukshetra (Haryana),HELD_OUT_TEST,Haryana Remote Sensing Stubble Survey,0.98,12.72,330.87,322.33,845.1,89.52,8.55,31.7,1.0,0.0,876.75,0.01,0.941,0.033,0.026,0.061,0.055,1.0,8.0,3.0,1.57,5.0,0.519,0.468,0.545,-2.97,-2.97
EVT_01191,29.75529,77.00696,3,AGRICULTURAL_CROP_BURNING,Karnal & Kurukshetra (Haryana),HELD_OUT_TEST,Haryana Remote Sensing Stubble Survey,0.98,12.62,329.14,315.49,844.4,82.78,13.65,34.45,1.0,0.0,880.55,0.01,0.918,0.024,0.058,0.06,0.054,1.0,8.0,3.0,1.54,6.0,0.508,0.458,0.544,-2.97,-2.97
EVT_01192,29.6365,76.9691,3,AGRICULTURAL_CROP_BURNING,Karnal & Kurukshetra (Haryana),HELD_OUT_TEST,Haryana Remote Sensing Stubble Survey,0.98,15.55,330.24,314.31,844.8,86.98,15.93,20.88,1.0,0.0,874.41,0.01,0.88,0.011,0.109,0.058,0.052,1.0,8.0,3.0,2.52,4.0,0.49,0.428,0.545,-2.97,-2.97
EVT_01193,29.73479,76.94838,3,AGRICULTURAL_CROP_BURNING,Karnal & Kurukshetra (Haryana),HELD_OUT_TEST,Haryana Remote Sensing Stubble Survey,0.98,20.59,326.83,321.07,843.2,74.45,5.77,30.57,1.0,0.0,883.62,0.01,0.959,0.039,0.002,0.046,0.042,1.0,8.0,3.0,4.2,6.0,0.528,0.446,0.543,-2.97,-2.97
EVT_01194,29.6997,76.97624,3,AGRICULTURAL_CROP_BURNING,Karnal & Kurukshetra (Haryana),HELD_OUT_TEST,Haryana Remote Sensing Stubble Survey,0.98,20.18,329.62,319.25,844.6,84.61,10.36,27.62,1.0,0.0,878.69,0.01,0.927,0.032,0.04,0.04,0.036,1.0,8.0,3.0,4.06,8.0,0.512,0.431,0.545,-2.97,-2.97
EVT_01195,29.6589,76.99638,3,AGRICULTURAL_CROP_BURNING,Karnal & Kurukshetra (Haryana),HELD_OUT_TEST,Haryana Remote Sensing Stubble Survey,0.98,6.61,334.42,314.83,846.3,104.3,19.59,24.3,1.0,0.0,873.94,0.01,0.89,0.022,0.088,0.043,0.039,1.0,8.0,3.0,-0.46,2.0,0.493,0.467,0.546,-2.97,-2.97
EVT_01196,29.68635,76.98009,3,AGRICULTURAL_CROP_BURNING,Karnal & Kurukshetra (Haryana),HELD_OUT_TEST,Haryana Remote Sensing Stubble Survey,0.98,13.94,323.92,311.99,841.2,64.66,11.93,26.38,1.0,0.0,877.36,0.01,0.965,0.04,0.0,0.053,0.048,1.0,8.0,3.0,1.98,4.0,0.531,0.475,0.541,-2.97,-2.97
EVT_01197,29.64989,76.96441,3,AGRICULTURAL_CROP_BURNING,Karnal & Kurukshetra (Haryana),HELD_OUT_TEST,Haryana Remote Sensing Stubble Survey,0.98,6.41,332.24,319.23,845.6,95.05,13.01,22.05,1.0,0.0,875.81,0.01,0.946,0.038,0.017,0.076,0.069,0.0,8.0,3.0,-0.53,4.0,0.521,0.495,0.546,-2.97,-2.97
EVT_01198,29.63602,76.96579,3,AGRICULTURAL_CROP_BURNING,Karnal & Kurukshetra (Haryana),HELD_OUT_TEST,Haryana Remote Sensing Stubble Survey,0.98,17.72,333.46,312.21,846.0,100.11,21.26,20.7,1.0,0.0,874.64,0.01,0.908,0.038,0.054,0.042,0.038,0.0,8.0,3.0,3.24,8.0,0.5,0.429,0.546,-2.97,-2.97
EVT_01199,29.62605,76.98327,3,AGRICULTURAL_CROP_BURNING,Karnal & Kurukshetra (Haryana),HELD_OUT_TEST,Haryana Remote Sensing Stubble Survey,0.98,16.66,334.92,313.07,846.5,106.5,21.85,20.5,1.0,0.0,872.47,0.01,0.942,0.024,0.034,0.033,0.03,1.0,8.0,3.0,2.89,7.0,0.521,0.455,0.546,-2.97,-2.97
EVT_01200,29.65696,76.94073,3,AGRICULTURAL_CROP_BURNING,Karnal & Kurukshetra (Haryana),HELD_OUT_TEST,Haryana Remote Sensing Stubble Survey,0.98,13.62,330.13,316.3,844.8,86.55,13.83,22.01,1.0,0.0,878.25,0.01,0.953,0.026,0.021,0.046,0.042,1.0,8.0,3.0,1.87,5.0,0.527,0.473,0.545,-2.97,-2.97
EVT_01201,29.67028,77.02289,3,AGRICULTURAL_CROP_BURNING,Karnal & Kurukshetra (Haryana),HELD_OUT_TEST,Haryana Remote Sensing Stubble Survey,0.98,8.11,330.45,311.21,844.9,87.76,19.24,26.7,1.0,0.0,872.7,0.01,0.942,0.03,0.028,0.078,0.07,1.0,8.0,3.0,0.04,5.0,0.52,0.488,0.545,-2.97,-2.97
EVT_01202,29.63032,76.98784,3,AGRICULTURAL_CROP_BURNING,Karnal & Kurukshetra (Haryana),HELD_OUT_TEST,Haryana Remote Sensing Stubble Survey,0.98,17.27,333.68,316.48,846.1,101.11,17.21,21.14,1.0,0.0,872.43,0.01,0.911,0.039,0.05,0.044,0.04,0.0,8.0,3.0,3.09,9.0,0.501,0.432,0.546,-2.97,-2.97
EVT_01203,29.70252,77.01993,3,AGRICULTURAL_CROP_BURNING,Karnal & Kurukshetra (Haryana),HELD_OUT_TEST,Haryana Remote Sensing Stubble Survey,0.98,27.48,323.64,314.27,585.9,475.95,9.37,29.65,1.0,0.0,875.43,0.01,0.967,0.022,0.011,0.036,0.033,0.0,8.0,3.0,6.49,2.0,0.536,0.426,0.286,-2.97,-2.97
EVT_01204,29.63731,76.93595,3,AGRICULTURAL_CROP_BURNING,Karnal & Kurukshetra (Haryana),HELD_OUT_TEST,Haryana Remote Sensing Stubble Survey,0.98,7.52,331.86,312.75,845.5,93.41,19.11,19.79,1.0,0.0,877.14,0.01,0.937,0.034,0.028,0.074,0.066,1.0,8.0,3.0,-0.16,9.0,0.517,0.487,0.545,-2.97,-2.97
EVT_01205,29.69021,76.98749,3,AGRICULTURAL_CROP_BURNING,Karnal & Kurukshetra (Haryana),HELD_OUT_TEST,Haryana Remote Sensing Stubble Survey,0.98,27.91,332.45,314.22,508.1,2025.24,18.22,27.05,1.0,0.0,877.06,0.01,0.964,0.021,0.015,0.018,0.016,1.0,8.0,3.0,6.64,3.0,0.534,0.423,0.208,-2.97,-2.97
EVT_01206,29.70426,76.98177,3,AGRICULTURAL_CROP_BURNING,Karnal & Kurukshetra (Haryana),HELD_OUT_TEST,Haryana Remote Sensing Stubble Survey,0.98,21.08,335.48,319.46,556.4,1196.49,16.02,28.28,1.0,0.0,878.6,0.01,0.92,0.01,0.07,0.074,0.067,1.0,8.0,3.0,4.36,4.0,0.512,0.428,0.256,-2.97,-2.97
EVT_01207,29.66709,76.95237,3,AGRICULTURAL_CROP_BURNING,Karnal & Kurukshetra (Haryana),HELD_OUT_TEST,Haryana Remote Sensing Stubble Survey,0.98,22.99,334.99,314.68,846.5,106.84,20.31,23.43,1.0,0.0,878.1,0.01,0.917,0.029,0.055,0.049,0.044,0.0,8.0,3.0,5.0,6.0,0.507,0.415,0.546,-2.97,-2.97
EVT_01208,29.68179,76.95418,3,AGRICULTURAL_CROP_BURNING,Karnal & Kurukshetra (Haryana),HELD_OUT_TEST,Haryana Remote Sensing Stubble Survey,0.98,23.13,331.46,316.29,845.3,91.84,15.18,25.04,1.0,0.0,879.08,0.01,0.963,0.031,0.006,0.058,0.052,1.0,8.0,3.0,5.04,9.0,0.532,0.439,0.545,-2.97,-2.97
EVT_01209,29.63449,76.99099,3,AGRICULTURAL_CROP_BURNING,Karnal & Kurukshetra (Haryana),HELD_OUT_TEST,Haryana Remote Sensing Stubble Survey,0.98,6.85,328.02,314.35,843.8,78.65,13.68,21.69,1.0,0.0,872.5,0.01,0.951,0.039,0.01,0.032,0.029,1.0,8.0,3.0,-0.38,7.0,0.523,0.496,0.544,-2.97,-2.97
EVT_01210,29.66939,77.00647,3,AGRICULTURAL_CROP_BURNING,Karnal & Kurukshetra (Haryana),HELD_OUT_TEST,Haryana Remote Sensing Stubble Survey,0.98,21.53,327.89,308.01,500.0,1837.46,19.89,25.8,1.0,0.0,873.94,0.01,0.891,0.036,0.073,0.054,0.048,1.0,8.0,3.0,4.51,1.0,0.491,0.405,0.2,-2.97,-2.97
EVT_01211,29.69153,76.94784,3,AGRICULTURAL_CROP_BURNING,Karnal & Kurukshetra (Haryana),HELD_OUT_TEST,Haryana Remote Sensing Stubble Survey,0.98,19.18,326.13,316.01,842.7,72.0,10.13,25.9,1.0,0.0,880.34,0.01,0.897,0.012,0.091,0.014,0.012,1.0,8.0,3.0,3.73,2.0,0.499,0.422,0.543,-2.97,-2.97
EVT_01212,29.72043,76.97351,3,AGRICULTURAL_CROP_BURNING,Karnal & Kurukshetra (Haryana),HELD_OUT_TEST,Haryana Remote Sensing Stubble Survey,0.98,25.59,328.92,311.47,844.2,81.92,17.45,29.7,1.0,0.0,880.51,0.01,0.971,0.026,0.004,0.018,0.016,1.0,8.0,3.0,5.86,3.0,0.537,0.435,0.544,-2.97,-2.97
EVT_01213,29.70069,76.97453,3,AGRICULTURAL_CROP_BURNING,Karnal & Kurukshetra (Haryana),HELD_OUT_TEST,Haryana Remote Sensing Stubble Survey,0.98,12.79,333.82,315.6,846.2,101.69,18.22,27.66,1.0,0.0,878.91,0.01,0.959,0.034,0.007,0.013,0.012,1.0,8.0,3.0,1.6,2.0,0.529,0.478,0.546,-2.97,-2.97
EVT_01214,29.65889,76.95547,3,AGRICULTURAL_CROP_BURNING,Karnal & Kurukshetra (Haryana),HELD_OUT_TEST,Haryana Remote Sensing Stubble Survey,0.98,18.82,330.71,314.67,845.0,88.8,16.04,22.67,1.0,0.0,877.22,0.01,0.965,0.022,0.013,0.08,0.072,1.0,8.0,3.0,3.61,5.0,0.535,0.459,0.545,-2.97,-2.97
EVT_01215,29.67806,76.97496,3,AGRICULTURAL_CROP_BURNING,Karnal & Kurukshetra (Haryana),HELD_OUT_TEST,Haryana Remote Sensing Stubble Survey,0.98,17.53,325.31,310.69,527.5,1078.75,14.62,25.33,1.0,0.0,877.13,0.01,0.948,0.026,0.026,0.067,0.06,1.0,8.0,3.0,3.18,7.0,0.524,0.454,0.227,-2.97,-2.97
EVT_01216,29.66088,76.96179,3,AGRICULTURAL_CROP_BURNING,Karnal & Kurukshetra (Haryana),HELD_OUT_TEST,Haryana Remote Sensing Stubble Survey,0.98,12.64,325.74,309.72,573.6,611.07,16.02,23.09,1.0,0.0,876.86,0.01,0.947,0.026,0.026,0.039,0.035,0.0,8.0,3.0,1.55,7.0,0.524,0.473,0.274,-2.97,-2.97
EVT_01217,29.75181,76.95017,3,AGRICULTURAL_CROP_BURNING,Karnal & Kurukshetra (Haryana),HELD_OUT_TEST,Haryana Remote Sensing Stubble Survey,0.98,19.39,328.64,318.93,844.1,80.94,9.71,32.45,1.0,0.0,884.8,0.01,0.971,0.015,0.014,0.077,0.069,1.0,8.0,3.0,3.8,5.0,0.539,0.462,0.544,-2.97,-2.97
EVT_01218,29.67086,76.98874,3,AGRICULTURAL_CROP_BURNING,Karnal & Kurukshetra (Haryana),HELD_OUT_TEST,Haryana Remote Sensing Stubble Survey,0.98,26.15,325.32,315.7,500.0,1624.28,9.62,25.15,1.0,0.0,875.47,0.01,0.884,0.028,0.088,0.05,0.045,1.0,8.0,3.0,6.05,6.0,0.489,0.384,0.2,-2.97,-2.97
EVT_01219,29.66016,77.00838,3,AGRICULTURAL_CROP_BURNING,Karnal & Kurukshetra (Haryana),HELD_OUT_TEST,Haryana Remote Sensing Stubble Survey,0.98,8.66,326.73,317.66,843.1,74.07,9.07,25.0,1.0,0.0,873.08,0.01,0.957,0.013,0.03,0.078,0.07,1.0,8.0,3.0,0.22,2.0,0.532,0.497,0.543,-2.97,-2.97
EVT_01220,29.68473,76.89617,3,AGRICULTURAL_CROP_BURNING,Karnal & Kurukshetra (Haryana),HELD_OUT_TEST,Haryana Remote Sensing Stubble Survey,0.98,25.18,331.11,307.07,845.2,90.3,24.04,24.26,1.0,0.0,883.96,0.01,0.907,0.031,0.062,0.076,0.068,0.0,8.0,3.0,5.73,2.0,0.501,0.4,0.545,-2.97,-2.97
EVT_01221,29.65361,76.9347,3,AGRICULTURAL_CROP_BURNING,Karnal & Kurukshetra (Haryana),HELD_OUT_TEST,Haryana Remote Sensing Stubble Survey,0.98,25.18,331.83,312.73,845.5,93.3,19.1,21.49,1.0,0.0,878.48,0.01,0.89,0.033,0.077,0.031,0.028,1.0,8.0,3.0,5.73,3.0,0.491,0.39,0.545,-2.97,-2.97
EVT_01222,29.62569,77.00321,3,AGRICULTURAL_CROP_BURNING,Karnal & Kurukshetra (Haryana),HELD_OUT_TEST,Haryana Remote Sensing Stubble Survey,0.98,7.07,331.41,315.32,845.3,91.63,16.09,21.52,1.0,0.0,870.84,0.01,0.885,0.021,0.094,0.063,0.057,1.0,8.0,3.0,-0.31,8.0,0.491,0.462,0.545,-2.97,-2.97
EVT_01223,29.72375,76.97037,3,AGRICULTURAL_CROP_BURNING,Karnal & Kurukshetra (Haryana),HELD_OUT_TEST,Haryana Remote Sensing Stubble Survey,0.98,17.57,326.9,319.28,843.2,74.68,7.63,29.96,1.0,0.0,881.02,0.01,0.977,0.015,0.008,0.068,0.062,0.0,8.0,3.0,3.19,3.0,0.543,0.472,0.543,-2.97,-2.97
EVT_01224,29.68494,76.92663,3,AGRICULTURAL_CROP_BURNING,Karnal & Kurukshetra (Haryana),HELD_OUT_TEST,Haryana Remote Sensing Stubble Survey,0.98,17.96,329.33,310.56,844.4,83.45,18.77,24.7,1.0,0.0,881.53,0.01,0.945,0.031,0.024,0.047,0.042,1.0,8.0,3.0,3.32,4.0,0.522,0.45,0.544,-2.97,-2.97
EVT_01225,29.69966,76.98919,3,AGRICULTURAL_CROP_BURNING,Karnal & Kurukshetra (Haryana),HELD_OUT_TEST,Haryana Remote Sensing Stubble Survey,0.98,8.1,318.66,314.1,836.2,49.29,4.56,28.08,1.0,0.0,877.66,0.01,0.965,0.021,0.014,0.071,0.064,1.0,8.0,3.0,0.03,7.0,0.535,0.502,0.536,-2.97,-2.97
EVT_01226,29.66552,76.98226,3,AGRICULTURAL_CROP_BURNING,Karnal & Kurukshetra (Haryana),HELD_OUT_TEST,Haryana Remote Sensing Stubble Survey,0.98,20.27,334.49,309.96,846.4,104.53,24.53,24.34,1.0,0.0,875.58,0.01,0.975,0.018,0.006,0.035,0.031,1.0,8.0,3.0,4.09,8.0,0.541,0.46,0.546,-2.97,-2.97
EVT_01227,29.6529,76.97217,3,AGRICULTURAL_CROP_BURNING,Karnal & Kurukshetra (Haryana),HELD_OUT_TEST,Haryana Remote Sensing Stubble Survey,0.98,26.66,331.65,311.74,845.4,92.56,19.91,22.66,1.0,0.0,875.42,0.01,0.972,0.034,0.0,0.053,0.047,1.0,8.0,3.0,6.22,1.0,0.536,0.429,0.545,-2.97,-2.97
EVT_01228,29.65953,76.91815,3,AGRICULTURAL_CROP_BURNING,Karnal & Kurukshetra (Haryana),HELD_OUT_TEST,Haryana Remote Sensing Stubble Survey,0.98,10.34,341.19,305.18,847.9,137.07,36.01,21.77,1.0,0.0,880.27,0.01,0.939,0.026,0.034,0.055,0.049,1.0,8.0,3.0,0.78,6.0,0.519,0.478,0.548,-2.97,-2.97
EVT_01229,29.66969,76.95719,3,AGRICULTURAL_CROP_BURNING,Karnal & Kurukshetra (Haryana),HELD_OUT_TEST,Haryana Remote Sensing Stubble Survey,0.98,8.53,329.35,311.77,500.0,1979.1,17.58,23.85,1.0,0.0,877.91,0.01,0.923,0.022,0.055,0.049,0.044,1.0,8.0,3.0,0.18,7.0,0.511,0.477,0.2,-2.97,-2.97
EVT_01230,29.66442,76.99897,3,AGRICULTURAL_CROP_BURNING,Karnal & Kurukshetra (Haryana),HELD_OUT_TEST,Haryana Remote Sensing Stubble Survey,0.98,14.06,334.45,317.24,846.3,104.48,17.21,24.96,1.0,0.0,874.16,0.01,0.915,0.027,0.058,0.031,0.028,1.0,8.0,3.0,2.02,6.0,0.506,0.45,0.546,-2.97,-2.97
EVT_01231,29.66182,76.97312,3,AGRICULTURAL_CROP_BURNING,Karnal & Kurukshetra (Haryana),HELD_OUT_TEST,Haryana Remote Sensing Stubble Survey,0.98,27.68,320.72,308.49,554.8,584.84,12.23,23.6,1.0,0.0,876.03,0.01,0.887,0.027,0.086,0.04,0.036,1.0,8.0,3.0,6.56,6.0,0.491,0.38,0.255,-2.97,-2.97
EVT_01232,29.72042,76.98678,3,AGRICULTURAL_CROP_BURNING,Karnal & Kurukshetra (Haryana),HELD_OUT_TEST,Haryana Remote Sensing Stubble Survey,0.98,12.28,330.01,314.71,844.7,86.1,15.3,30.13,1.0,0.0,879.45,0.01,0.89,0.019,0.091,0.023,0.021,0.0,8.0,3.0,1.43,1.0,0.494,0.445,0.545,-2.97,-2.97
EVT_01233,29.62477,76.98018,3,AGRICULTURAL_CROP_BURNING,Karnal & Kurukshetra (Haryana),HELD_OUT_TEST,Haryana Remote Sensing Stubble Survey,0.98,19.6,322.55,314.89,840.1,60.4,7.66,20.23,1.0,0.0,872.62,0.01,0.964,0.029,0.007,0.073,0.066,0.0,8.0,3.0,3.87,9.0,0.533,0.454,0.54,-2.97,-2.97
EVT_01234,29.67906,76.95109,3,AGRICULTURAL_CROP_BURNING,Karnal & Kurukshetra (Haryana),HELD_OUT_TEST,Haryana Remote Sensing Stubble Survey,0.98,26.58,326.96,311.65,843.2,74.81,15.3,24.66,1.0,0.0,879.12,0.01,0.978,0.034,0.0,0.063,0.057,1.0,8.0,3.0,6.19,5.0,0.539,0.433,0.543,-2.97,-2.97
EVT_01235,29.67502,77.01233,3,AGRICULTURAL_CROP_BURNING,Karnal & Kurukshetra (Haryana),HELD_OUT_TEST,Haryana Remote Sensing Stubble Survey,0.98,21.19,327.61,308.22,843.6,77.08,19.39,26.62,1.0,0.0,873.91,0.01,0.94,0.014,0.045,0.018,0.016,1.0,8.0,3.0,4.4,6.0,0.522,0.438,0.544,-2.97,-2.97
EVT_01236,29.64962,77.00352,3,AGRICULTURAL_CROP_BURNING,Karnal & Kurukshetra (Haryana),HELD_OUT_TEST,Haryana Remote Sensing Stubble Survey,0.98,10.53,339.68,310.46,847.6,129.29,29.21,23.76,1.0,0.0,872.66,0.01,0.903,0.013,0.083,0.037,0.033,1.0,8.0,3.0,0.84,1.0,0.502,0.46,0.548,-2.97,-2.97
EVT_01237,29.69595,76.95224,3,AGRICULTURAL_CROP_BURNING,Karnal & Kurukshetra (Haryana),HELD_OUT_TEST,Haryana Remote Sensing Stubble Survey,0.98,12.07,334.58,318.75,846.4,105.05,15.83,26.49,1.0,0.0,880.32,0.01,0.953,0.023,0.024,0.022,0.02,1.0,8.0,3.0,1.36,7.0,0.528,0.479,0.546,-2.97,-2.97
EVT_01238,29.63567,76.94536,3,AGRICULTURAL_CROP_BURNING,Karnal & Kurukshetra (Haryana),HELD_OUT_TEST,Haryana Remote Sensing Stubble Survey,0.98,6.28,326.57,310.62,843.0,73.45,15.95,19.9,1.0,0.0,876.25,0.01,0.883,0.022,0.094,0.034,0.031,0.0,8.0,3.0,-0.57,4.0,0.489,0.464,0.543,-2.97,-2.97
EVT_01239,29.6619,76.96249,3,AGRICULTURAL_CROP_BURNING,Karnal & Kurukshetra (Haryana),HELD_OUT_TEST,Haryana Remote Sensing Stubble Survey,0.98,20.44,325.06,310.66,842.0,68.34,14.39,23.22,1.0,0.0,876.89,0.01,0.913,0.015,0.072,0.023,0.021,1.0,8.0,3.0,4.15,2.0,0.507,0.426,0.542,-2.97,-2.97
EVT_01240,29.73487,77.0062,3,AGRICULTURAL_CROP_BURNING,Karnal & Kurukshetra (Haryana),HELD_OUT_TEST,Haryana Remote Sensing Stubble Survey,0.98,20.58,332.09,306.25,845.6,94.27,25.84,32.33,1.0,0.0,879.03,0.01,0.886,0.029,0.085,0.039,0.036,1.0,8.0,3.0,4.19,5.0,0.49,0.407,0.546,-2.97,-2.97
EVT_01241,29.69164,76.92644,3,AGRICULTURAL_CROP_BURNING,Karnal & Kurukshetra (Haryana),HELD_OUT_TEST,Haryana Remote Sensing Stubble Survey,0.98,9.63,321.97,311.06,839.6,58.65,10.91,25.43,1.0,0.0,882.06,0.01,0.88,0.02,0.1,0.047,0.043,0.0,8.0,3.0,0.54,7.0,0.488,0.45,0.54,-2.97,-2.97
EVT_01242,29.64991,77.02549,3,AGRICULTURAL_CROP_BURNING,Karnal & Kurukshetra (Haryana),HELD_OUT_TEST,Haryana Remote Sensing Stubble Survey,0.98,9.12,330.19,310.38,844.8,86.72,19.8,24.96,1.0,0.0,870.92,0.01,0.943,0.026,0.03,0.048,0.043,1.0,8.0,3.0,0.37,6.0,0.522,0.485,0.545,-2.97,-2.97
EVT_01243,29.61216,76.98444,3,AGRICULTURAL_CROP_BURNING,Karnal & Kurukshetra (Haryana),HELD_OUT_TEST,Haryana Remote Sensing Stubble Survey,0.98,19.27,323.28,313.31,840.7,62.66,9.98,19.25,1.0,0.0,871.31,0.01,0.893,0.023,0.084,0.045,0.041,0.0,8.0,3.0,3.76,2.0,0.495,0.418,0.541,-2.97,-2.97
EVT_01244,29.71144,77.01979,3,AGRICULTURAL_CROP_BURNING,Karnal & Kurukshetra (Haryana),HELD_OUT_TEST,Haryana Remote Sensing Stubble Survey,0.98,26.27,334.73,309.22,846.4,105.58,25.5,30.52,1.0,0.0,876.13,0.01,0.929,0.019,0.052,0.034,0.031,1.0,8.0,3.0,6.09,6.0,0.515,0.41,0.546,-2.97,-2.97
EVT_01245,29.688,76.97698,3,AGRICULTURAL_CROP_BURNING,Karnal & Kurukshetra (Haryana),HELD_OUT_TEST,Haryana Remote Sensing Stubble Survey,0.98,16.24,327.18,310.21,552.6,850.27,16.97,26.43,1.0,0.0,877.73,0.01,0.958,0.038,0.004,0.07,0.063,1.0,8.0,3.0,2.75,8.0,0.527,0.463,0.253,-2.97,-2.97
EVT_01246,29.64268,76.95132,3,AGRICULTURAL_CROP_BURNING,Karnal & Kurukshetra (Haryana),HELD_OUT_TEST,Haryana Remote Sensing Stubble Survey,0.98,23.44,327.19,313.41,508.5,1565.79,13.77,20.84,1.0,0.0,876.31,0.01,0.91,0.016,0.075,0.079,0.071,1.0,8.0,3.0,5.15,3.0,0.506,0.412,0.208,-2.97,-2.97
EVT_01247,29.72983,76.93943,3,AGRICULTURAL_CROP_BURNING,Karnal & Kurukshetra (Haryana),HELD_OUT_TEST,Haryana Remote Sensing Stubble Survey,0.98,24.5,333.63,313.65,846.1,100.87,19.99,29.84,1.0,0.0,883.96,0.01,0.903,0.034,0.063,0.017,0.015,0.0,8.0,3.0,5.5,4.0,0.498,0.4,0.546,-2.97,-2.97
EVT_01248,29.63031,76.9968,3,AGRICULTURAL_CROP_BURNING,Karnal & Kurukshetra (Haryana),HELD_OUT_TEST,Haryana Remote Sensing Stubble Survey,0.98,24.96,317.48,311.73,834.6,46.2,5.76,21.59,1.0,0.0,871.71,0.01,0.896,0.035,0.068,0.012,0.011,1.0,8.0,3.0,5.65,8.0,0.494,0.394,0.535,-2.97,-2.97
EVT_01249,29.67641,77.02773,3,AGRICULTURAL_CROP_BURNING,Karnal & Kurukshetra (Haryana),HELD_OUT_TEST,Haryana Remote Sensing Stubble Survey,0.98,4.42,327.81,316.45,500.0,1843.06,11.36,27.52,1.0,0.0,872.79,0.01,0.97,0.039,0.0,0.053,0.048,1.0,8.0,3.0,-1.19,9.0,0.534,0.516,0.2,-2.97,-2.97
EVT_01250,29.72512,77.00297,3,AGRICULTURAL_CROP_BURNING,Karnal & Kurukshetra (Haryana),HELD_OUT_TEST,Haryana Remote Sensing Stubble Survey,0.98,14.7,327.6,320.52,843.6,77.17,7.09,31.21,1.0,0.0,878.53,0.01,0.953,0.021,0.026,0.032,0.028,1.0,8.0,3.0,2.23,5.0,0.528,0.469,0.544,-2.97,-2.97
EVT_01251,29.72228,76.90482,3,AGRICULTURAL_CROP_BURNING,Karnal & Kurukshetra (Haryana),HELD_OUT_TEST,Haryana Remote Sensing Stubble Survey,0.98,17.22,330.58,314.91,845.0,88.3,15.67,28.49,1.0,0.0,886.14,0.01,0.881,0.04,0.08,0.064,0.058,1.0,8.0,3.0,3.07,9.0,0.485,0.416,0.545,-2.97,-2.97
EVT_01252,29.63764,77.02999,3,AGRICULTURAL_CROP_BURNING,Karnal & Kurukshetra (Haryana),HELD_OUT_TEST,Haryana Remote Sensing Stubble Survey,0.98,12.28,321.39,313.13,839.1,56.93,8.26,24.13,1.0,0.0,869.62,0.01,0.964,0.014,0.022,0.055,0.05,1.0,8.0,3.0,1.43,3.0,0.536,0.486,0.539,-2.97,-2.97
EVT_01253,29.65176,76.97729,3,AGRICULTURAL_CROP_BURNING,Karnal & Kurukshetra (Haryana),HELD_OUT_TEST,Haryana Remote Sensing Stubble Survey,0.98,20.56,332.81,312.13,500.0,2323.69,20.68,22.75,1.0,0.0,874.92,0.01,0.9,0.031,0.069,0.071,0.064,1.0,8.0,3.0,4.19,2.0,0.497,0.415,0.2,-2.97,-2.97
EVT_01254,29.63132,76.9899,3,AGRICULTURAL_CROP_BURNING,Karnal & Kurukshetra (Haryana),HELD_OUT_TEST,Haryana Remote Sensing Stubble Survey,0.98,14.11,328.61,315.99,844.1,80.82,12.62,21.34,1.0,0.0,872.34,0.01,0.958,0.036,0.006,0.024,0.022,1.0,8.0,3.0,2.04,8.0,0.528,0.471,0.544,-2.97,-2.97
EVT_01255,29.60974,76.94286,3,AGRICULTURAL_CROP_BURNING,Karnal & Kurukshetra (Haryana),HELD_OUT_TEST,Haryana Remote Sensing Stubble Survey,0.98,22.12,331.66,314.8,845.4,92.64,16.87,17.13,1.0,0.0,874.48,0.01,0.962,0.024,0.015,0.026,0.023,1.0,8.0,3.0,4.71,5.0,0.532,0.444,0.545,-2.97,-2.97
EVT_01256,29.69963,77.01987,3,AGRICULTURAL_CROP_BURNING,Karnal & Kurukshetra (Haryana),HELD_OUT_TEST,Haryana Remote Sensing Stubble Survey,0.98,5.57,341.97,313.51,569.1,1336.88,28.46,29.37,1.0,0.0,875.21,0.01,0.979,0.018,0.003,0.059,0.053,1.0,8.0,3.0,-0.81,8.0,0.543,0.521,0.269,-2.97,-2.97
EVT_01257,29.7255,76.95501,3,AGRICULTURAL_CROP_BURNING,Karnal & Kurukshetra (Haryana),HELD_OUT_TEST,Haryana Remote Sensing Stubble Survey,0.98,16.72,334.65,321.24,846.4,105.41,13.41,29.72,1.0,0.0,882.38,0.01,0.913,0.024,0.062,0.069,0.062,1.0,8.0,3.0,2.91,9.0,0.506,0.439,0.546,-2.97,-2.97
EVT_01258,29.65602,77.04276,3,AGRICULTURAL_CROP_BURNING,Karnal & Kurukshetra (Haryana),HELD_OUT_TEST,Haryana Remote Sensing Stubble Survey,0.98,4.19,332.05,317.08,845.6,94.25,14.98,26.5,1.0,0.0,870.02,0.01,0.979,0.026,0.0,0.053,0.048,0.0,8.0,3.0,-1.27,1.0,0.541,0.525,0.546,-2.97,-2.97
EVT_01259,29.64162,77.00671,3,AGRICULTURAL_CROP_BURNING,Karnal & Kurukshetra (Haryana),HELD_OUT_TEST,Haryana Remote Sensing Stubble Survey,0.98,8.02,335.61,313.21,500.0,2631.72,22.4,23.17,1.0,0.0,871.79,0.01,0.883,0.022,0.094,0.029,0.026,1.0,8.0,3.0,0.01,9.0,0.489,0.457,0.2,-2.97,-2.97
EVT_01260,29.701,76.99899,3,AGRICULTURAL_CROP_BURNING,Karnal & Kurukshetra (Haryana),HELD_OUT_TEST,Haryana Remote Sensing Stubble Survey,0.98,9.88,331.01,315.7,845.2,90.01,15.31,28.6,1.0,0.0,876.98,0.01,0.935,0.03,0.035,0.045,0.041,0.0,8.0,3.0,0.63,2.0,0.516,0.477,0.545,-2.97,-2.97
EVT_01261,29.53705,78.7862,2,NATURAL_FOREST_WILDFIRE,Jim Corbett National Park (Uttarakhand),HELD_OUT_TEST,Uttarakhand Forest Fire Audit,0.98,141.83,332.79,314.95,734.6,195.31,17.84,3.58,2.0,0.0,732.67,0.825,0.133,0.01,0.042,0.039,0.035,0.0,25.0,10.0,11.68,8.0,0.748,0.18,0.435,-2.97,-2.97
EVT_01262,29.55729,78.76789,2,NATURAL_FOREST_WILDFIRE,Jim Corbett National Park (Uttarakhand),HELD_OUT_TEST,Uttarakhand Forest Fire Audit,0.98,86.42,334.14,313.4,846.3,103.08,20.75,4.6,2.0,0.0,735.68,0.887,0.065,0.01,0.048,0.044,0.04,0.0,25.0,10.0,6.14,11.0,0.761,0.415,0.546,-2.97,-2.97
EVT_01263,29.52414,78.75584,2,NATURAL_FOREST_WILDFIRE,Jim Corbett National Park (Uttarakhand),HELD_OUT_TEST,Uttarakhand Forest Fire Audit,0.98,51.39,341.79,318.73,848.0,140.66,23.06,0.82,2.0,0.0,733.5,0.006,0.159,0.773,0.063,0.117,0.105,1.0,25.0,10.0,2.64,6.0,-0.062,-0.268,0.548,-2.97,-2.97
EVT_01264,29.53773,78.79029,2,NATURAL_FOREST_WILDFIRE,Jim Corbett National Park (Uttarakhand),HELD_OUT_TEST,Uttarakhand Forest Fire Audit,0.98,51.41,345.05,321.02,500.0,3889.03,24.04,3.94,2.0,0.0,732.46,0.855,0.104,0.01,0.042,0.114,0.103,1.0,25.0,10.0,2.64,3.0,0.756,0.551,0.2,-2.97,-2.97
EVT_01265,29.51046,78.79145,2,NATURAL_FOREST_WILDFIRE,Jim Corbett National Park (Uttarakhand),HELD_OUT_TEST,Uttarakhand Forest Fire Audit,0.98,58.61,338.21,324.36,500.0,2965.81,13.85,3.37,2.0,0.0,729.94,0.86,0.097,0.01,0.043,0.096,0.086,0.0,25.0,10.0,3.36,9.0,0.757,0.522,0.2,-2.97,-2.97
EVT_01266,29.49947,78.8095,2,NATURAL_FOREST_WILDFIRE,Jim Corbett National Park (Uttarakhand),HELD_OUT_TEST,Uttarakhand Forest Fire Audit,0.98,154.24,354.24,317.65,849.2,221.53,36.59,5.4,2.0,0.0,727.77,0.905,0.069,0.01,0.026,0.043,0.039,0.0,25.0,10.0,12.92,7.0,0.778,0.161,0.549,-2.97,-2.97
EVT_01267,29.61815,78.83232,2,NATURAL_FOREST_WILDFIRE,Jim Corbett National Park (Uttarakhand),HELD_OUT_TEST,Uttarakhand Forest Fire Audit,0.98,95.24,335.76,323.25,846.7,110.42,12.5,13.39,2.0,0.0,736.99,0.909,0.054,0.01,0.037,0.117,0.105,1.0,25.0,10.0,7.02,9.0,0.773,0.392,0.547,-2.97,-2.97
EVT_01268,29.48946,78.70963,2,NATURAL_FOREST_WILDFIRE,Jim Corbett National Park (Uttarakhand),HELD_OUT_TEST,Uttarakhand Forest Fire Audit,0.98,110.75,344.83,314.62,848.4,157.85,30.2,5.54,2.0,0.0,733.46,0.839,0.133,0.01,0.028,0.056,0.05,0.0,25.0,10.0,8.58,14.0,0.759,0.316,0.548,-2.97,-2.97
EVT_01269,29.49555,78.65686,2,NATURAL_FOREST_WILDFIRE,Jim Corbett National Park (Uttarakhand),HELD_OUT_TEST,Uttarakhand Forest Fire Audit,0.98,63.55,355.57,313.0,1500.0,30.17,42.58,10.02,2.0,0.0,737.53,0.895,0.046,0.01,0.06,0.062,0.056,1.0,25.0,10.0,3.86,14.0,0.757,0.503,1.2,-2.97,-2.97
EVT_01270,29.48208,78.74574,2,NATURAL_FOREST_WILDFIRE,Jim Corbett National Park (Uttarakhand),HELD_OUT_TEST,Uttarakhand Forest Fire Audit,0.98,144.21,344.46,323.45,848.3,155.89,21.01,4.03,2.0,0.0,730.41,0.824,0.12,0.01,0.056,0.099,0.089,1.0,25.0,10.0,11.92,9.0,0.74,0.163,0.548,-2.97,-2.97
EVT_01271,29.57392,78.8138,2,NATURAL_FOREST_WILDFIRE,Jim Corbett National Park (Uttarakhand),HELD_OUT_TEST,Uttarakhand Forest Fire Audit,0.98,91.21,346.11,321.16,848.5,165.8,24.96,8.36,2.0,0.0,734.19,0.83,0.131,0.01,0.038,0.081,0.073,1.0,25.0,10.0,6.62,14.0,0.751,0.386,0.548,-2.97,-2.97
EVT_01272,29.44626,78.76489,2,NATURAL_FOREST_WILDFIRE,Jim Corbett National Park (Uttarakhand),HELD_OUT_TEST,Uttarakhand Forest Fire Audit,0.98,77.19,337.45,312.5,570.2,1097.04,24.95,7.89,2.0,0.0,725.95,0.865,0.105,0.01,0.03,0.07,0.063,1.0,25.0,10.0,5.22,9.0,0.765,0.456,0.27,-2.97,-2.97
EVT_01273,29.54365,78.77262,2,NATURAL_FOREST_WILDFIRE,Jim Corbett National Park (Uttarakhand),HELD_OUT_TEST,Uttarakhand Forest Fire Audit,0.98,60.22,330.78,309.84,845.1,89.04,20.94,3.32,2.0,0.0,734.15,0.838,0.141,0.01,0.021,0.027,0.024,1.0,25.0,10.0,3.52,2.0,0.763,0.522,0.545,-2.97,-2.97
EVT_01274,29.5333,78.71844,2,NATURAL_FOREST_WILDFIRE,Jim Corbett National Park (Uttarakhand),HELD_OUT_TEST,Uttarakhand Forest Fire Audit,0.98,44.03,327.13,319.3,500.0,1785.63,7.84,4.19,2.0,0.0,736.78,0.823,0.154,0.01,0.024,0.094,0.085,1.0,25.0,10.0,1.9,8.0,0.758,0.581,0.2,-2.97,-2.97
EVT_01275,29.45821,78.80314,2,NATURAL_FOREST_WILDFIRE,Jim Corbett National Park (Uttarakhand),HELD_OUT_TEST,Uttarakhand Forest Fire Audit,0.98,74.4,340.93,322.91,847.8,136.09,18.02,7.89,2.0,0.0,724.49,0.873,0.095,0.01,0.032,0.114,0.103,1.0,25.0,10.0,4.94,4.0,0.766,0.468,0.548,-2.97,-2.97
EVT_01276,29.50275,78.7169,2,NATURAL_FOREST_WILDFIRE,Jim Corbett National Park (Uttarakhand),HELD_OUT_TEST,Uttarakhand Forest Fire Audit,0.98,91.07,352.16,317.79,849.1,206.11,34.37,4.22,2.0,0.0,734.16,0.867,0.093,0.01,0.04,0.056,0.051,1.0,25.0,10.0,6.61,11.0,0.76,0.396,0.549,-2.97,-2.97
EVT_01277,29.51068,78.80749,2,NATURAL_FOREST_WILDFIRE,Jim Corbett National Park (Uttarakhand),HELD_OUT_TEST,Uttarakhand Forest Fire Audit,0.98,44.12,354.62,314.96,849.2,224.32,39.66,4.9,2.0,0.0,728.91,0.867,0.108,0.01,0.024,0.107,0.096,1.0,25.0,10.0,1.91,7.0,0.768,0.592,0.549,-2.97,-2.97
EVT_01278,29.47492,78.78302,2,NATURAL_FOREST_WILDFIRE,Jim Corbett National Park (Uttarakhand),HELD_OUT_TEST,Uttarakhand Forest Fire Audit,0.98,133.17,331.96,316.61,845.5,93.87,15.35,5.29,2.0,0.0,727.31,0.852,0.12,0.01,0.029,0.032,0.029,0.0,25.0,10.0,10.82,7.0,0.763,0.23,0.545,-2.97,-2.97
EVT_01279,29.51995,78.80602,2,NATURAL_FOREST_WILDFIRE,Jim Corbett National Park (Uttarakhand),HELD_OUT_TEST,Uttarakhand Forest Fire Audit,0.98,87.08,342.37,311.58,848.1,143.7,30.79,4.72,2.0,0.0,729.84,0.854,0.113,0.01,0.033,0.042,0.038,1.0,25.0,10.0,6.21,10.0,0.76,0.412,0.548,-2.97,-2.97
EVT_01280,29.50097,78.7907,2,NATURAL_FOREST_WILDFIRE,Jim Corbett National Park (Uttarakhand),HELD_OUT_TEST,Uttarakhand Forest Fire Audit,0.98,117.1,338.57,316.96,847.4,123.81,21.6,3.68,2.0,0.0,729.14,0.856,0.106,0.01,0.038,0.085,0.077,0.0,25.0,10.0,9.21,11.0,0.758,0.29,0.547,-2.97,-2.97
EVT_01281,29.55787,78.70716,2,NATURAL_FOREST_WILDFIRE,Jim Corbett National Park (Uttarakhand),HELD_OUT_TEST,Uttarakhand Forest Fire Audit,0.98,74.78,352.09,321.75,500.0,5040.71,30.34,6.66,2.0,0.0,739.72,0.902,0.071,0.01,0.027,0.035,0.031,1.0,25.0,10.0,4.98,13.0,0.777,0.478,0.2,-2.97,-2.97
EVT_01282,29.51895,78.7692,2,NATURAL_FOREST_WILDFIRE,Jim Corbett National Park (Uttarakhand),HELD_OUT_TEST,Uttarakhand Forest Fire Audit,0.98,157.22,335.83,317.86,846.7,110.72,17.97,1.16,2.0,0.0,732.16,0.116,0.104,0.698,0.082,0.099,0.089,1.0,25.0,10.0,13.22,6.0,0.013,-0.5,0.547,-2.97,-2.97
EVT_01283,29.55283,78.68842,2,NATURAL_FOREST_WILDFIRE,Jim Corbett National Park (Uttarakhand),HELD_OUT_TEST,Uttarakhand Forest Fire Audit,0.98,65.03,339.37,320.36,847.5,127.91,19.01,7.78,2.0,0.0,740.51,0.877,0.071,0.01,0.052,0.046,0.042,0.0,25.0,10.0,4.0,9.0,0.756,0.496,0.547,-2.97,-2.97
EVT_01284,29.49599,78.73867,2,NATURAL_FOREST_WILDFIRE,Jim Corbett National Park (Uttarakhand),HELD_OUT_TEST,Uttarakhand Forest Fire Audit,0.98,45.59,348.54,313.18,848.8,180.97,35.35,2.95,2.0,0.0,732.12,0.904,0.039,0.01,0.058,0.094,0.085,1.0,25.0,10.0,2.06,11.0,0.761,0.578,0.549,-2.97,-2.97
EVT_01285,29.48642,78.78642,2,NATURAL_FOREST_WILDFIRE,Jim Corbett National Park (Uttarakhand),HELD_OUT_TEST,Uttarakhand Forest Fire Audit,0.98,157.21,349.99,313.71,848.9,190.68,36.28,4.4,2.0,0.0,728.12,0.824,0.132,0.01,0.044,0.079,0.072,1.0,25.0,10.0,13.22,7.0,0.746,0.117,0.549,-2.97,-2.97
EVT_01286,29.56086,78.76121,2,NATURAL_FOREST_WILDFIRE,Jim Corbett National Park (Uttarakhand),HELD_OUT_TEST,Uttarakhand Forest Fire Audit,0.98,100.99,336.55,309.17,846.9,113.9,27.37,4.9,2.0,0.0,736.44,0.851,0.122,0.01,0.027,0.047,0.043,1.0,25.0,10.0,7.6,3.0,0.763,0.359,0.547,-2.97,-2.97
EVT_01287,29.477,78.7892,2,NATURAL_FOREST_WILDFIRE,Jim Corbett National Park (Uttarakhand),HELD_OUT_TEST,Uttarakhand Forest Fire Audit,0.98,116.59,341.26,309.47,847.9,137.56,31.78,5.4,2.0,0.0,727.09,0.884,0.058,0.01,0.058,0.032,0.029,0.0,25.0,10.0,9.16,10.0,0.755,0.288,0.548,-2.97,-2.97
EVT_01288,29.48999,78.77419,2,NATURAL_FOREST_WILDFIRE,Jim Corbett National Park (Uttarakhand),HELD_OUT_TEST,Uttarakhand Forest Fire Audit,0.98,118.97,367.04,321.98,1500.0,43.85,45.06,3.41,2.0,0.0,729.24,0.903,0.058,0.01,0.039,0.063,0.057,0.0,25.0,10.0,9.4,12.0,0.77,0.294,1.2,-2.97,-2.97
EVT_01289,29.50914,78.78332,2,NATURAL_FOREST_WILDFIRE,Jim Corbett National Park (Uttarakhand),HELD_OUT_TEST,Uttarakhand Forest Fire Audit,0.98,55.15,325.77,318.49,500.0,1665.72,7.28,2.65,2.0,0.0,730.35,0.833,0.142,0.01,0.025,0.063,0.056,0.0,25.0,10.0,3.01,11.0,0.759,0.539,0.2,-2.97,-2.97
EVT_01290,29.50864,78.79075,2,NATURAL_FOREST_WILDFIRE,Jim Corbett National Park (Uttarakhand),HELD_OUT_TEST,Uttarakhand Forest Fire Audit,0.98,55.04,357.52,310.44,1500.0,32.22,47.08,3.36,2.0,0.0,729.82,0.872,0.091,0.01,0.036,0.041,0.037,0.0,25.0,10.0,3.0,3.0,0.763,0.543,1.2,-2.97,-2.97
EVT_01291,29.49091,78.73333,2,NATURAL_FOREST_WILDFIRE,Jim Corbett National Park (Uttarakhand),HELD_OUT_TEST,Uttarakhand Forest Fire Audit,0.98,125.47,348.19,316.26,848.8,178.82,31.93,3.71,2.0,0.0,732.02,0.91,0.068,0.01,0.022,0.087,0.078,1.0,25.0,10.0,10.05,11.0,0.782,0.28,0.549,-2.97,-2.97
EVT_01292,29.55496,78.70594,2,NATURAL_FOREST_WILDFIRE,Jim Corbett National Park (Uttarakhand),HELD_OUT_TEST,Uttarakhand Forest Fire Audit,0.98,100.94,361.33,319.24,1500.0,36.56,42.09,6.53,2.0,0.0,739.54,0.855,0.099,0.01,0.047,0.043,0.039,0.0,25.0,10.0,7.59,12.0,0.754,0.35,1.2,-2.97,-2.97
EVT_01293,29.52929,78.79241,2,NATURAL_FOREST_WILDFIRE,Jim Corbett National Park (Uttarakhand),HELD_OUT_TEST,Uttarakhand Forest Fire Audit,0.98,47.94,360.86,315.71,1500.0,36.01,45.15,3.66,2.0,0.0,731.57,0.866,0.113,0.01,0.022,0.045,0.041,1.0,25.0,10.0,2.29,13.0,0.77,0.579,1.2,-2.97,-2.97
EVT_01294,29.52854,78.75825,2,NATURAL_FOREST_WILDFIRE,Jim Corbett National Park (Uttarakhand),HELD_OUT_TEST,Uttarakhand Forest Fire Audit,0.98,125.53,349.48,312.4,848.9,187.18,37.07,1.3,2.0,0.0,733.74,0.064,0.118,0.719,0.098,0.11,0.099,1.0,25.0,10.0,10.05,4.0,-0.026,-0.5,0.549,-2.97,-2.97
EVT_01295,29.51759,78.75091,2,NATURAL_FOREST_WILDFIRE,Jim Corbett National Park (Uttarakhand),HELD_OUT_TEST,Uttarakhand Forest Fire Audit,0.98,139.77,346.02,323.91,684.0,499.87,22.11,0.63,2.0,1.0,733.24,0.05,0.204,0.703,0.043,0.072,0.064,1.0,25.0,10.0,11.48,3.0,0.013,-0.5,0.384,-2.97,-2.97
EVT_01296,29.55278,78.82818,2,NATURAL_FOREST_WILDFIRE,Jim Corbett National Park (Uttarakhand),HELD_OUT_TEST,Uttarakhand Forest Fire Audit,0.98,129.8,342.56,313.08,848.1,144.77,29.47,7.93,2.0,0.0,731.35,0.865,0.108,0.01,0.027,0.053,0.048,1.0,25.0,10.0,10.48,6.0,0.767,0.247,0.548,-2.97,-2.97
EVT_01297,29.53639,78.73065,2,NATURAL_FOREST_WILDFIRE,Jim Corbett National Park (Uttarakhand),HELD_OUT_TEST,Uttarakhand Forest Fire Audit,0.98,146.78,326.23,323.64,842.8,72.38,2.59,3.38,2.0,0.0,736.25,0.907,0.059,0.01,0.033,0.027,0.024,1.0,25.0,10.0,12.18,8.0,0.774,0.187,0.543,-2.97,-2.97
EVT_01298,29.47844,78.79883,2,NATURAL_FOREST_WILDFIRE,Jim Corbett National Park (Uttarakhand),HELD_OUT_TEST,Uttarakhand Forest Fire Audit,0.98,127.86,354.26,311.59,1500.0,28.84,42.67,5.86,2.0,0.0,726.59,0.873,0.071,0.01,0.056,0.022,0.02,1.0,25.0,10.0,10.29,3.0,0.753,0.241,1.2,-2.97,-2.97
EVT_01299,29.52389,78.74384,2,NATURAL_FOREST_WILDFIRE,Jim Corbett National Park (Uttarakhand),HELD_OUT_TEST,Uttarakhand Forest Fire Audit,0.98,69.17,330.01,324.54,844.8,86.17,5.47,1.53,2.0,0.0,734.27,0.063,0.167,0.717,0.053,0.078,0.07,1.0,25.0,10.0,4.42,9.0,0.0,-0.277,0.545,-2.97,-2.97
EVT_01300,29.57612,78.80813,2,NATURAL_FOREST_WILDFIRE,Jim Corbett National Park (Uttarakhand),HELD_OUT_TEST,Uttarakhand Forest Fire Audit,0.98,128.02,339.39,321.58,847.5,128.0,17.81,8.21,2.0,0.0,734.76,0.88,0.087,0.01,0.033,0.096,0.086,1.0,25.0,10.0,10.3,11.0,0.767,0.255,0.547,-2.97,-2.97
EVT_01301,29.49927,78.73553,2,NATURAL_FOREST_WILDFIRE,Jim Corbett National Park (Uttarakhand),HELD_OUT_TEST,Uttarakhand Forest Fire Audit,0.98,36.2,340.98,320.16,847.8,136.27,20.81,2.89,2.0,0.0,732.62,0.878,0.101,0.01,0.021,0.048,0.044,0.0,25.0,10.0,1.12,14.0,0.774,0.629,0.548,-2.97,-2.97
EVT_01302,29.5073,78.74084,2,NATURAL_FOREST_WILDFIRE,Jim Corbett National Park (Uttarakhand),HELD_OUT_TEST,Uttarakhand Forest Fire Audit,0.98,38.4,340.15,314.97,847.7,131.83,25.17,1.93,2.0,0.0,732.98,0.094,0.111,0.75,0.045,0.075,0.068,0.0,25.0,10.0,1.34,9.0,-0.012,-0.165,0.548,-2.97,-2.97
EVT_01303,29.52347,78.84599,2,NATURAL_FOREST_WILDFIRE,Jim Corbett National Park (Uttarakhand),HELD_OUT_TEST,Uttarakhand Forest Fire Audit,0.98,97.59,355.0,309.64,1500.0,29.57,45.36,8.6,2.0,0.0,727.56,0.845,0.104,0.01,0.051,0.118,0.106,1.0,25.0,10.0,7.26,11.0,0.748,0.358,1.2,-2.97,-2.97
EVT_01304,29.50061,78.74634,2,NATURAL_FOREST_WILDFIRE,Jim Corbett National Park (Uttarakhand),HELD_OUT_TEST,Uttarakhand Forest Fire Audit,0.98,78.84,336.85,322.08,600.2,763.29,14.78,2.1,2.0,0.0,732.02,0.105,0.125,0.703,0.068,0.042,0.038,1.0,25.0,10.0,5.38,14.0,0.014,-0.301,0.3,-2.97,-2.97
EVT_01305,29.52134,78.8567,2,NATURAL_FOREST_WILDFIRE,Jim Corbett National Park (Uttarakhand),HELD_OUT_TEST,Uttarakhand Forest Fire Audit,0.98,58.85,334.62,317.89,846.4,105.24,16.73,9.62,2.0,0.0,726.67,0.849,0.115,0.01,0.036,0.052,0.047,1.0,25.0,10.0,3.38,10.0,0.757,0.522,0.546,-2.97,-2.97
EVT_01306,29.49097,78.77256,2,NATURAL_FOREST_WILDFIRE,Jim Corbett National Park (Uttarakhand),HELD_OUT_TEST,Uttarakhand Forest Fire Audit,0.98,58.71,336.1,318.97,500.0,2702.32,17.13,3.24,2.0,0.0,729.43,0.883,0.07,0.01,0.047,0.054,0.048,0.0,25.0,10.0,3.37,5.0,0.761,0.526,0.2,-2.97,-2.97
EVT_01307,29.48973,78.80087,2,NATURAL_FOREST_WILDFIRE,Jim Corbett National Park (Uttarakhand),HELD_OUT_TEST,Uttarakhand Forest Fire Audit,0.98,59.95,347.07,308.19,848.6,171.33,38.87,5.18,2.0,0.0,727.46,0.902,0.062,0.01,0.036,0.022,0.02,1.0,25.0,10.0,3.49,6.0,0.772,0.532,0.549,-2.97,-2.97
EVT_01308,29.53057,78.78852,2,NATURAL_FOREST_WILDFIRE,Jim Corbett National Park (Uttarakhand),HELD_OUT_TEST,Uttarakhand Forest Fire Audit,0.98,145.04,356.62,317.16,849.3,240.16,39.45,3.37,2.0,0.0,731.93,0.841,0.117,0.01,0.042,0.116,0.105,0.0,25.0,10.0,12.0,2.0,0.752,0.172,0.549,-2.97,-2.97
EVT_01309,29.51235,78.73297,2,NATURAL_FOREST_WILDFIRE,Jim Corbett National Park (Uttarakhand),HELD_OUT_TEST,Uttarakhand Forest Fire Audit,0.98,50.09,352.99,326.69,849.1,212.39,26.29,2.42,2.0,0.0,733.95,0.054,0.122,0.726,0.098,0.053,0.047,1.0,25.0,10.0,2.51,9.0,-0.034,-0.234,0.549,-2.97,-2.97
EVT_01310,29.49791,78.7995,2,NATURAL_FOREST_WILDFIRE,Jim Corbett National Park (Uttarakhand),HELD_OUT_TEST,Uttarakhand Forest Fire Audit,0.98,48.65,346.94,326.21,848.6,171.05,20.74,4.59,2.0,0.0,728.29,0.875,0.092,0.01,0.033,0.038,0.034,0.0,25.0,10.0,2.36,9.0,0.766,0.572,0.549,-2.97,-2.97
EVT_01311,29.52839,78.73231,2,NATURAL_FOREST_WILDFIRE,Jim Corbett National Park (Uttarakhand),HELD_OUT_TEST,Uttarakhand Forest Fire Audit,0.98,156.24,358.93,319.18,849.4,259.59,39.76,2.74,2.0,0.0,735.43,0.894,0.075,0.01,0.032,0.063,0.057,1.0,25.0,10.0,13.12,14.0,0.772,0.147,0.549,-2.97,-2.97
EVT_01312,29.56509,78.74563,2,NATURAL_FOREST_WILDFIRE,Jim Corbett National Park (Uttarakhand),HELD_OUT_TEST,Uttarakhand Forest Fire Audit,0.98,66.17,346.91,309.17,848.6,170.38,37.74,5.48,2.0,0.0,737.84,0.869,0.095,0.01,0.037,0.102,0.092,0.0,25.0,10.0,4.12,13.0,0.763,0.498,0.549,-2.97,-2.97
EVT_01313,29.52793,78.74286,2,NATURAL_FOREST_WILDFIRE,Jim Corbett National Park (Uttarakhand),HELD_OUT_TEST,Uttarakhand Forest Fire Audit,0.98,50.74,339.59,316.79,847.6,128.95,22.8,1.87,2.0,0.0,734.69,0.0,0.209,0.735,0.081,0.065,0.059,1.0,25.0,10.0,2.57,5.0,-0.032,-0.235,0.548,-2.97,-2.97
EVT_01314,29.54125,78.74232,2,NATURAL_FOREST_WILDFIRE,Jim Corbett National Park (Uttarakhand),HELD_OUT_TEST,Uttarakhand Forest Fire Audit,0.98,93.4,328.29,308.24,500.0,1874.04,20.05,3.08,2.0,0.0,735.92,0.889,0.069,0.01,0.043,0.09,0.081,0.0,25.0,10.0,6.84,7.0,0.765,0.391,0.2,-2.97,-2.97
EVT_01315,29.57638,78.73597,2,NATURAL_FOREST_WILDFIRE,Jim Corbett National Park (Uttarakhand),HELD_OUT_TEST,Uttarakhand Forest Fire Audit,0.98,98.92,324.52,329.8,841.7,66.66,-5.28,6.93,2.0,0.0,739.48,0.917,0.044,0.01,0.039,0.084,0.075,1.0,25.0,10.0,7.39,6.0,0.774,0.378,0.542,-2.97,-2.97
EVT_01316,29.51522,78.76058,2,NATURAL_FOREST_WILDFIRE,Jim Corbett National Park (Uttarakhand),HELD_OUT_TEST,Uttarakhand Forest Fire Audit,0.98,140.06,335.42,323.48,500.0,2632.29,11.95,0.36,2.0,1.0,732.39,0.0,0.012,0.943,0.06,0.103,0.093,1.0,25.0,10.0,11.51,4.0,-0.1,-0.5,0.2,-2.97,-2.97
EVT_01317,29.55325,78.7807,2,NATURAL_FOREST_WILDFIRE,Jim Corbett National Park (Uttarakhand),HELD_OUT_TEST,Uttarakhand Forest Fire Audit,0.98,36.7,345.79,317.21,593.5,1175.78,28.58,4.63,2.0,0.0,734.48,0.897,0.081,0.01,0.021,0.055,0.049,0.0,25.0,10.0,1.17,9.0,0.778,0.631,0.293,-2.97,-2.97
EVT_01318,29.56512,78.7892,2,NATURAL_FOREST_WILDFIRE,Jim Corbett National Park (Uttarakhand),HELD_OUT_TEST,Uttarakhand Forest Fire Audit,0.98,44.66,349.43,309.37,1500.0,24.29,40.06,6.18,2.0,0.0,734.99,0.918,0.048,0.01,0.035,0.046,0.041,0.0,25.0,10.0,1.97,12.0,0.777,0.599,1.2,-2.97,-2.97
EVT_01319,29.58653,78.7606,2,NATURAL_FOREST_WILDFIRE,Jim Corbett National Park (Uttarakhand),HELD_OUT_TEST,Uttarakhand Forest Fire Audit,0.98,151.23,336.15,321.56,595.9,778.67,14.58,7.75,2.0,0.0,738.78,0.826,0.134,0.01,0.04,0.107,0.096,0.0,25.0,10.0,12.62,8.0,0.749,0.144,0.296,-2.97,-2.97
EVT_01320,29.5574,78.80234,2,NATURAL_FOREST_WILDFIRE,Jim Corbett National Park (Uttarakhand),HELD_OUT_TEST,Uttarakhand Forest Fire Audit,0.98,146.04,331.01,330.49,845.2,90.12,0.52,6.26,2.0,0.0,733.44,0.856,0.114,0.01,0.03,0.097,0.087,1.0,25.0,10.0,12.1,11.0,0.763,0.178,0.545,-2.97,-2.97
EVT_01321,29.50804,78.71646,2,NATURAL_FOREST_WILDFIRE,Jim Corbett National Park (Uttarakhand),HELD_OUT_TEST,Uttarakhand Forest Fire Audit,0.98,105.64,331.87,318.38,845.5,93.52,13.49,4.08,2.0,0.0,734.66,0.89,0.05,0.01,0.059,0.083,0.075,1.0,25.0,10.0,8.06,9.0,0.755,0.333,0.545,-2.97,-2.97
EVT_01322,29.56011,78.67314,2,NATURAL_FOREST_WILDFIRE,Jim Corbett National Park (Uttarakhand),HELD_OUT_TEST,Uttarakhand Forest Fire Audit,0.98,99.72,366.43,325.51,1500.0,43.04,40.92,9.46,2.0,0.0,742.17,0.852,0.105,0.01,0.043,0.021,0.019,0.0,25.0,10.0,7.47,7.0,0.754,0.356,1.2,-2.97,-2.97
EVT_01323,29.4715,78.79978,2,NATURAL_FOREST_WILDFIRE,Jim Corbett National Park (Uttarakhand),HELD_OUT_TEST,Uttarakhand Forest Fire Audit,0.98,107.84,353.08,314.47,849.1,212.72,38.61,6.5,2.0,0.0,725.9,0.838,0.11,0.01,0.052,0.035,0.031,1.0,25.0,10.0,8.28,7.0,0.746,0.314,0.549,-2.97,-2.97
EVT_01324,29.58367,78.75617,2,NATURAL_FOREST_WILDFIRE,Jim Corbett National Park (Uttarakhand),HELD_OUT_TEST,Uttarakhand Forest Fire Audit,0.98,159.44,337.93,325.67,847.2,120.77,12.27,7.43,2.0,0.0,738.81,0.873,0.068,0.01,0.058,0.03,0.027,1.0,25.0,10.0,13.44,10.0,0.751,0.113,0.547,-2.97,-2.97
EVT_01325,29.49264,78.73454,2,NATURAL_FOREST_WILDFIRE,Jim Corbett National Park (Uttarakhand),HELD_OUT_TEST,Uttarakhand Forest Fire Audit,0.98,138.98,336.2,322.34,500.0,2719.8,13.85,3.49,2.0,0.0,732.09,0.874,0.077,0.01,0.049,0.03,0.027,0.0,25.0,10.0,11.4,12.0,0.757,0.201,0.2,-2.97,-2.97
EVT_01326,29.50938,78.75302,2,NATURAL_FOREST_WILDFIRE,Jim Corbett National Park (Uttarakhand),HELD_OUT_TEST,Uttarakhand Forest Fire Audit,0.98,91.88,338.05,323.2,847.3,121.31,14.85,0.94,2.0,0.0,732.37,0.16,0.154,0.634,0.052,0.023,0.021,1.0,25.0,10.0,6.69,14.0,0.089,-0.278,0.547,-2.97,-2.97
EVT_01327,29.51038,78.75144,2,NATURAL_FOREST_WILDFIRE,Jim Corbett National Park (Uttarakhand),HELD_OUT_TEST,Uttarakhand Forest Fire Audit,0.98,106.12,354.93,317.74,849.3,226.86,37.2,0.93,2.0,0.0,732.56,0.102,0.186,0.628,0.084,0.109,0.098,1.0,25.0,10.0,8.11,2.0,0.06,-0.364,0.549,-2.97,-2.97
EVT_01328,29.45565,78.78944,2,NATURAL_FOREST_WILDFIRE,Jim Corbett National Park (Uttarakhand),HELD_OUT_TEST,Uttarakhand Forest Fire Audit,0.98,57.83,336.33,311.39,846.9,112.93,24.94,7.48,2.0,0.0,725.17,0.82,0.14,0.01,0.04,0.027,0.025,0.0,25.0,10.0,3.28,2.0,0.747,0.516,0.547,-2.97,-2.97
EVT_01329,29.50172,78.78681,2,NATURAL_FOREST_WILDFIRE,Jim Corbett National Park (Uttarakhand),HELD_OUT_TEST,Uttarakhand Forest Fire Audit,0.98,57.67,336.06,319.19,846.8,111.76,16.87,3.31,2.0,0.0,729.46,0.901,0.054,0.01,0.045,0.068,0.061,1.0,25.0,10.0,3.27,9.0,0.767,0.536,0.547,-2.97,-2.97
EVT_01330,29.54188,78.79566,2,NATURAL_FOREST_WILDFIRE,Jim Corbett National Park (Uttarakhand),HELD_OUT_TEST,Uttarakhand Forest Fire Audit,0.98,100.65,344.32,324.43,848.3,155.04,19.88,4.63,2.0,0.0,732.48,0.913,0.038,0.01,0.049,0.092,0.083,0.0,25.0,10.0,7.57,5.0,0.768,0.365,0.548,-2.97,-2.97
EVT_01331,29.52631,78.75599,2,NATURAL_FOREST_WILDFIRE,Jim Corbett National Park (Uttarakhand),HELD_OUT_TEST,Uttarakhand Forest Fire Audit,0.98,142.98,351.44,316.01,849.0,200.84,35.43,1.05,2.0,0.0,733.68,0.169,0.123,0.659,0.048,0.032,0.029,1.0,25.0,10.0,11.8,9.0,0.074,-0.497,0.549,-2.97,-2.97
EVT_01332,29.50241,78.73297,2,NATURAL_FOREST_WILDFIRE,Jim Corbett National Park (Uttarakhand),HELD_OUT_TEST,Uttarakhand Forest Fire Audit,0.98,158.45,342.77,320.53,500.0,3558.37,22.25,2.86,2.0,0.0,733.07,0.918,0.029,0.01,0.052,0.057,0.052,1.0,25.0,10.0,13.34,5.0,0.767,0.133,0.2,-2.97,-2.97
EVT_01333,29.56496,78.8114,2,NATURAL_FOREST_WILDFIRE,Jim Corbett National Park (Uttarakhand),HELD_OUT_TEST,Uttarakhand Forest Fire Audit,0.98,87.74,356.46,321.17,849.3,239.07,35.29,7.47,2.0,0.0,733.54,0.866,0.103,0.01,0.031,0.105,0.094,1.0,25.0,10.0,6.27,3.0,0.765,0.414,0.549,-2.97,-2.97
EVT_01334,29.50483,78.76081,2,NATURAL_FOREST_WILDFIRE,Jim Corbett National Park (Uttarakhand),HELD_OUT_TEST,Uttarakhand Forest Fire Audit,0.98,76.1,344.71,317.78,848.4,157.23,26.93,1.38,2.0,0.0,731.45,0.0,0.199,0.758,0.091,0.108,0.097,1.0,25.0,10.0,5.11,10.0,-0.042,-0.347,0.548,-2.97,-2.97
EVT_01335,29.52756,78.74209,2,NATURAL_FOREST_WILDFIRE,Jim Corbett National Park (Uttarakhand),HELD_OUT_TEST,Uttarakhand Forest Fire Audit,0.98,130.06,345.42,321.45,848.5,161.59,23.97,1.9,2.0,0.0,734.71,0.0,0.201,0.769,0.058,0.072,0.065,1.0,25.0,10.0,10.51,14.0,-0.043,-0.5,0.548,-2.97,-2.97
EVT_01336,29.47157,78.79493,2,NATURAL_FOREST_WILDFIRE,Jim Corbett National Park (Uttarakhand),HELD_OUT_TEST,Uttarakhand Forest Fire Audit,0.98,139.57,344.4,316.58,848.3,155.41,27.82,6.21,2.0,0.0,726.23,0.894,0.055,0.01,0.051,0.101,0.091,1.0,25.0,10.0,11.46,10.0,0.761,0.203,0.548,-2.97,-2.97
EVT_01337,29.54056,78.81609,2,NATURAL_FOREST_WILDFIRE,Jim Corbett National Park (Uttarakhand),HELD_OUT_TEST,Uttarakhand Forest Fire Audit,0.98,65.32,343.78,318.22,848.3,151.79,25.56,6.26,2.0,0.0,731.04,0.879,0.092,0.01,0.028,0.085,0.076,0.0,25.0,10.0,4.03,2.0,0.769,0.508,0.548,-2.97,-2.97
EVT_01338,29.51396,78.71349,2,NATURAL_FOREST_WILDFIRE,Jim Corbett National Park (Uttarakhand),HELD_OUT_TEST,Uttarakhand Forest Fire Audit,0.98,125.78,334.16,326.45,846.3,103.27,7.71,4.26,2.0,0.0,735.39,0.881,0.074,0.01,0.045,0.031,0.028,1.0,25.0,10.0,10.08,6.0,0.761,0.258,0.546,-2.97,-2.97
EVT_01339,29.5557,78.81978,2,NATURAL_FOREST_WILDFIRE,Jim Corbett National Park (Uttarakhand),HELD_OUT_TEST,Uttarakhand Forest Fire Audit,0.98,118.99,342.48,321.14,848.1,144.5,21.34,7.42,2.0,0.0,732.16,0.821,0.145,0.01,0.034,0.03,0.027,1.0,25.0,10.0,9.4,14.0,0.751,0.275,0.548,-2.97,-2.97
EVT_01340,29.48266,78.76743,2,NATURAL_FOREST_WILDFIRE,Jim Corbett National Park (Uttarakhand),HELD_OUT_TEST,Uttarakhand Forest Fire Audit,0.98,91.89,322.9,317.49,714.8,138.76,5.41,3.93,2.0,0.0,729.03,0.855,0.096,0.01,0.049,0.055,0.049,1.0,25.0,10.0,6.69,10.0,0.752,0.384,0.415,-2.97,-2.97
EVT_01341,29.59893,78.74429,2,NATURAL_FOREST_WILDFIRE,Jim Corbett National Park (Uttarakhand),HELD_OUT_TEST,Uttarakhand Forest Fire Audit,0.98,88.05,330.5,312.25,845.0,87.95,18.25,9.21,2.0,0.0,740.96,0.847,0.093,0.01,0.059,0.035,0.031,1.0,25.0,10.0,6.31,14.0,0.744,0.391,0.545,-2.97,-2.97
EVT_01342,29.52161,78.76219,2,NATURAL_FOREST_WILDFIRE,Jim Corbett National Park (Uttarakhand),HELD_OUT_TEST,Uttarakhand Forest Fire Audit,0.98,56.38,362.38,318.28,1500.0,37.83,44.1,0.7,2.0,1.0,732.86,0.159,0.117,0.639,0.084,0.106,0.095,1.0,25.0,10.0,3.14,5.0,0.067,-0.159,1.2,-2.97,-2.97
EVT_01343,29.5043,78.79737,2,NATURAL_FOREST_WILDFIRE,Jim Corbett National Park (Uttarakhand),HELD_OUT_TEST,Uttarakhand Forest Fire Audit,0.98,148.24,330.46,312.56,844.9,87.82,17.9,4.11,2.0,0.0,729.0,0.887,0.091,0.01,0.022,0.079,0.071,0.0,25.0,10.0,12.32,10.0,0.775,0.182,0.545,-2.97,-2.97
EVT_01344,29.56496,78.87207,2,NATURAL_FOREST_WILDFIRE,Jim Corbett National Park (Uttarakhand),HELD_OUT_TEST,Uttarakhand Forest Fire Audit,0.98,135.66,337.51,319.13,847.1,118.64,18.38,12.31,2.0,0.0,729.63,0.828,0.129,0.01,0.042,0.034,0.031,1.0,25.0,10.0,11.07,6.0,0.748,0.205,0.547,-2.97,-2.97
EVT_01345,29.52867,78.76263,2,NATURAL_FOREST_WILDFIRE,Jim Corbett National Park (Uttarakhand),HELD_OUT_TEST,Uttarakhand Forest Fire Audit,0.98,39.99,340.57,314.42,847.8,134.01,26.15,1.4,2.0,0.0,733.46,0.155,0.153,0.637,0.054,0.104,0.093,0.0,25.0,10.0,1.5,9.0,0.084,-0.076,0.548,-2.97,-2.97
EVT_01346,29.55208,78.72166,2,NATURAL_FOREST_WILDFIRE,Jim Corbett National Park (Uttarakhand),HELD_OUT_TEST,Uttarakhand Forest Fire Audit,0.98,153.49,352.37,312.11,1500.0,26.99,40.26,5.22,2.0,0.0,738.25,0.853,0.126,0.01,0.021,0.084,0.075,1.0,25.0,10.0,12.85,8.0,0.767,0.153,1.2,-2.97,-2.97
EVT_01347,29.52706,78.764,2,NATURAL_FOREST_WILDFIRE,Jim Corbett National Park (Uttarakhand),HELD_OUT_TEST,Uttarakhand Forest Fire Audit,0.98,154.85,347.37,319.39,848.7,173.61,27.98,1.3,2.0,0.0,733.23,0.061,0.127,0.769,0.044,0.023,0.02,1.0,25.0,10.0,12.98,10.0,-0.034,-0.5,0.549,-2.97,-2.97
EVT_01348,29.5649,78.75817,2,NATURAL_FOREST_WILDFIRE,Jim Corbett National Park (Uttarakhand),HELD_OUT_TEST,Uttarakhand Forest Fire Audit,0.98,148.73,337.2,315.85,847.1,117.1,21.35,5.34,2.0,0.0,737.0,0.914,0.031,0.01,0.055,0.114,0.102,0.0,25.0,10.0,12.37,7.0,0.765,0.17,0.547,-2.97,-2.97
EVT_01349,29.5293,78.71856,2,NATURAL_FOREST_WILDFIRE,Jim Corbett National Park (Uttarakhand),HELD_OUT_TEST,Uttarakhand Forest Fire Audit,0.98,80.1,332.06,309.61,845.6,94.2,22.46,4.0,2.0,0.0,736.42,0.864,0.11,0.01,0.026,0.103,0.092,1.0,25.0,10.0,5.51,5.0,0.767,0.447,0.546,-2.97,-2.97
EVT_01350,29.57345,78.79239,2,NATURAL_FOREST_WILDFIRE,Jim Corbett National Park (Uttarakhand),HELD_OUT_TEST,Uttarakhand Forest Fire Audit,0.98,63.68,352.22,326.91,849.1,206.79,25.32,7.14,2.0,0.0,735.54,0.853,0.103,0.01,0.044,0.085,0.076,0.0,25.0,10.0,3.87,14.0,0.754,0.499,0.549,-2.97,-2.97
EVT_01351,24.17964,82.64006,4,MINING_COAL_SEAM_FIRE,Singrauli Coalfield (MP),HELD_OUT_TEST,NCL Open-cast Thermal Survey,0.98,25.65,323.94,311.87,841.2,64.72,12.07,6.8,2.0,0.0,4.02,0.01,0.897,0.037,0.066,0.81,0.729,0.0,22.0,5.0,0.73,103.0,0.494,0.392,0.541,-2.97,-2.97
EVT_01352,24.20249,82.67748,4,MINING_COAL_SEAM_FIRE,Singrauli Coalfield (MP),HELD_OUT_TEST,NCL Open-cast Thermal Survey,0.98,23.51,333.22,317.19,500.0,2377.68,16.03,10.03,2.0,0.0,0.87,0.01,0.844,0.032,0.124,0.793,0.714,1.0,22.0,5.0,0.3,167.0,0.466,0.372,0.2,-2.97,-2.97
EVT_01353,24.19818,82.64486,4,MINING_COAL_SEAM_FIRE,Singrauli Coalfield (MP),HELD_OUT_TEST,NCL Open-cast Thermal Survey,0.98,15.88,332.06,321.08,845.6,94.29,10.98,8.87,2.0,0.0,2.8,0.01,0.883,0.022,0.096,0.945,0.85,0.0,22.0,5.0,-1.22,183.0,0.489,0.426,0.546,-2.97,-2.97
EVT_01354,24.21511,82.68045,4,MINING_COAL_SEAM_FIRE,Singrauli Coalfield (MP),HELD_OUT_TEST,NCL Open-cast Thermal Survey,0.98,23.26,327.89,321.15,843.7,78.21,6.74,11.13,2.0,0.0,2.04,0.01,0.854,0.017,0.129,0.65,0.585,1.0,22.0,5.0,0.25,176.0,0.474,0.381,0.544,-2.97,-2.97
EVT_01355,24.17925,82.66918,4,MINING_COAL_SEAM_FIRE,Singrauli Coalfield (MP),HELD_OUT_TEST,NCL Open-cast Thermal Survey,0.98,32.26,321.09,311.59,838.8,56.04,9.49,7.32,2.0,0.0,2.3,0.01,0.926,0.014,0.06,0.724,0.652,0.0,22.0,5.0,2.05,185.0,0.515,0.386,0.539,-2.97,-2.97
EVT_01356,24.21035,82.7088,4,MINING_COAL_SEAM_FIRE,Singrauli Coalfield (MP),HELD_OUT_TEST,NCL Open-cast Thermal Survey,0.98,17.54,338.75,321.16,847.4,124.75,17.59,8.21,2.0,0.0,4.46,0.01,0.939,0.015,0.046,0.641,0.577,0.0,22.0,5.0,-0.89,103.0,0.522,0.451,0.547,-2.97,-2.97
EVT_01357,24.18763,82.66258,4,MINING_COAL_SEAM_FIRE,Singrauli Coalfield (MP),HELD_OUT_TEST,NCL Open-cast Thermal Survey,0.98,34.18,337.51,312.93,847.1,118.55,24.58,7.98,2.0,0.0,1.6,0.01,0.898,0.026,0.076,0.873,0.785,0.0,22.0,5.0,2.44,134.0,0.497,0.36,0.547,-2.97,-2.97
EVT_01358,24.19973,82.66078,4,MINING_COAL_SEAM_FIRE,Singrauli Coalfield (MP),HELD_OUT_TEST,NCL Open-cast Thermal Survey,0.98,21.13,330.69,318.22,845.0,88.78,12.47,9.24,2.0,0.0,1.02,0.01,0.918,0.025,0.057,0.607,0.546,0.0,22.0,5.0,-0.17,92.0,0.508,0.424,0.545,-2.97,-2.97
EVT_01359,24.18916,82.69748,4,MINING_COAL_SEAM_FIRE,Singrauli Coalfield (MP),HELD_OUT_TEST,NCL Open-cast Thermal Survey,0.98,24.07,337.22,314.87,847.1,117.18,22.35,9.39,2.0,0.0,3.28,0.01,0.906,0.014,0.081,0.781,0.703,1.0,22.0,5.0,0.41,138.0,0.504,0.407,0.547,-2.97,-2.97
EVT_01360,24.21015,82.68379,4,MINING_COAL_SEAM_FIRE,Singrauli Coalfield (MP),HELD_OUT_TEST,NCL Open-cast Thermal Survey,0.98,27.67,335.98,312.2,846.8,111.31,23.78,10.73,2.0,0.0,1.9,0.01,0.871,0.017,0.111,0.665,0.598,1.0,22.0,5.0,1.13,193.0,0.484,0.373,0.547,-2.97,-2.97
EVT_01361,24.17348,82.62062,4,MINING_COAL_SEAM_FIRE,Singrauli Coalfield (MP),HELD_OUT_TEST,NCL Open-cast Thermal Survey,0.98,28.66,332.68,323.31,731.8,198.61,9.37,6.47,2.0,0.0,6.22,0.01,0.894,0.021,0.085,0.745,0.67,1.0,22.0,5.0,1.33,95.0,0.496,0.381,0.432,-2.97,-2.97
EVT_01362,24.19183,82.73669,4,MINING_COAL_SEAM_FIRE,Singrauli Coalfield (MP),HELD_OUT_TEST,NCL Open-cast Thermal Survey,0.98,29.8,335.45,319.7,725.9,234.25,15.75,5.41,2.0,0.0,7.46,0.01,0.87,0.04,0.09,0.676,0.608,0.0,22.0,5.0,1.56,169.0,0.479,0.36,0.426,-2.97,-2.97
EVT_01363,24.19729,82.60807,4,MINING_COAL_SEAM_FIRE,Singrauli Coalfield (MP),HELD_OUT_TEST,NCL Open-cast Thermal Survey,0.98,17.27,327.11,314.64,511.2,1500.05,12.47,9.4,2.0,0.0,6.88,0.01,0.89,0.036,0.074,0.921,0.829,0.0,22.0,5.0,-0.95,145.0,0.491,0.421,0.211,-2.97,-2.97
EVT_01364,24.20647,82.66132,4,MINING_COAL_SEAM_FIRE,Singrauli Coalfield (MP),HELD_OUT_TEST,NCL Open-cast Thermal Survey,0.98,22.53,335.85,313.3,846.7,110.73,22.55,9.99,2.0,0.0,1.2,0.01,0.912,0.013,0.075,0.905,0.815,0.0,22.0,5.0,0.11,185.0,0.507,0.417,0.547,-2.97,-2.97
EVT_01365,24.18119,82.6864,4,MINING_COAL_SEAM_FIRE,Singrauli Coalfield (MP),HELD_OUT_TEST,NCL Open-cast Thermal Survey,0.98,36.81,339.08,313.12,847.5,126.31,25.96,8.33,2.0,0.0,2.77,0.01,0.879,0.035,0.085,0.73,0.657,0.0,22.0,5.0,2.96,98.0,0.485,0.337,0.547,-2.97,-2.97
EVT_01366,24.21692,82.7116,4,MINING_COAL_SEAM_FIRE,Singrauli Coalfield (MP),HELD_OUT_TEST,NCL Open-cast Thermal Survey,0.98,15.22,328.37,312.04,844.0,79.88,16.33,8.06,2.0,0.0,4.99,0.01,0.841,0.026,0.133,0.923,0.83,1.0,22.0,5.0,-1.36,155.0,0.466,0.405,0.544,-2.97,-2.97
EVT_01367,24.22864,82.67509,4,MINING_COAL_SEAM_FIRE,Singrauli Coalfield (MP),HELD_OUT_TEST,NCL Open-cast Thermal Survey,0.98,24.26,348.44,317.7,500.0,4396.79,30.74,11.96,2.0,0.0,3.23,0.01,0.904,0.033,0.063,0.694,0.625,1.0,22.0,5.0,0.45,141.0,0.499,0.402,0.2,-2.97,-2.97
EVT_01368,24.27878,82.69072,4,MINING_COAL_SEAM_FIRE,Singrauli Coalfield (MP),HELD_OUT_TEST,NCL Open-cast Thermal Survey,0.98,13.72,332.84,317.01,500.0,2337.34,15.83,13.2,2.0,0.0,9.04,0.01,0.901,0.013,0.086,0.935,0.841,0.0,22.0,5.0,-1.66,84.0,0.501,0.446,0.2,-2.97,-2.97
EVT_01369,24.15515,82.64379,4,MINING_COAL_SEAM_FIRE,Singrauli Coalfield (MP),HELD_OUT_TEST,NCL Open-cast Thermal Survey,0.98,36.2,336.32,326.41,846.9,113.04,9.91,4.08,2.0,0.0,5.77,0.01,0.936,0.027,0.036,0.926,0.834,0.0,22.0,5.0,2.84,111.0,0.518,0.373,0.547,-2.97,-2.97
EVT_01370,24.18399,82.64037,4,MINING_COAL_SEAM_FIRE,Singrauli Coalfield (MP),HELD_OUT_TEST,NCL Open-cast Thermal Survey,0.98,16.89,333.55,321.68,846.1,100.58,11.87,7.28,2.0,0.0,3.74,0.01,0.899,0.034,0.066,0.636,0.572,0.0,22.0,5.0,-1.02,184.0,0.496,0.428,0.546,-2.97,-2.97
EVT_01371,24.1663,82.66367,4,MINING_COAL_SEAM_FIRE,Singrauli Coalfield (MP),HELD_OUT_TEST,NCL Open-cast Thermal Survey,0.98,26.32,325.64,306.86,500.0,1638.98,18.78,5.77,2.0,0.0,3.81,0.01,0.881,0.025,0.094,0.637,0.573,0.0,22.0,5.0,0.86,130.0,0.488,0.382,0.2,-2.97,-2.97
EVT_01372,24.18646,82.6954,4,MINING_COAL_SEAM_FIRE,Singrauli Coalfield (MP),HELD_OUT_TEST,NCL Open-cast Thermal Survey,0.98,33.5,332.28,315.45,845.6,95.16,16.83,9.32,2.0,0.0,3.19,0.01,0.897,0.037,0.066,0.867,0.78,0.0,22.0,5.0,2.3,156.0,0.494,0.36,0.546,-2.97,-2.97
EVT_01373,24.19827,82.66119,4,MINING_COAL_SEAM_FIRE,Singrauli Coalfield (MP),HELD_OUT_TEST,NCL Open-cast Thermal Survey,0.98,23.93,331.95,318.43,845.5,93.85,13.52,9.09,2.0,0.0,1.0,0.01,0.862,0.026,0.111,0.944,0.849,1.0,22.0,5.0,0.39,189.0,0.477,0.381,0.545,-2.97,-2.97
EVT_01374,24.19564,82.69148,4,MINING_COAL_SEAM_FIRE,Singrauli Coalfield (MP),HELD_OUT_TEST,NCL Open-cast Thermal Survey,0.98,31.14,335.42,320.02,608.2,658.97,15.4,9.92,2.0,0.0,2.43,0.01,0.936,0.036,0.028,0.928,0.835,0.0,22.0,5.0,1.83,82.0,0.516,0.391,0.308,-2.97,-2.97
EVT_01375,24.14904,82.74363,4,MINING_COAL_SEAM_FIRE,Singrauli Coalfield (MP),HELD_OUT_TEST,NCL Open-cast Thermal Survey,0.98,25.99,336.69,319.38,700.1,301.48,17.31,6.31,2.0,0.0,9.94,0.01,0.885,0.031,0.083,0.631,0.568,0.0,22.0,5.0,0.8,138.0,0.489,0.385,0.4,-2.97,-2.97
EVT_01376,24.15645,82.65638,4,MINING_COAL_SEAM_FIRE,Singrauli Coalfield (MP),HELD_OUT_TEST,NCL Open-cast Thermal Survey,0.98,37.33,325.41,316.9,842.3,69.57,8.51,4.48,2.0,0.0,5.06,0.01,0.937,0.034,0.029,0.737,0.663,0.0,22.0,5.0,3.07,110.0,0.517,0.367,0.542,-2.97,-2.97
EVT_01377,24.20355,82.64362,4,MINING_COAL_SEAM_FIRE,Singrauli Coalfield (MP),HELD_OUT_TEST,NCL Open-cast Thermal Survey,0.98,29.47,337.21,313.85,847.1,117.14,23.37,9.46,2.0,0.0,2.95,0.01,0.853,0.012,0.135,0.94,0.846,1.0,22.0,5.0,1.49,93.0,0.475,0.357,0.547,-2.97,-2.97
EVT_01378,24.19029,82.6891,4,MINING_COAL_SEAM_FIRE,Singrauli Coalfield (MP),HELD_OUT_TEST,NCL Open-cast Thermal Survey,0.98,24.96,329.08,318.83,844.3,82.56,10.25,9.33,2.0,0.0,2.38,0.01,0.868,0.022,0.11,0.889,0.8,0.0,22.0,5.0,0.59,132.0,0.481,0.381,0.544,-2.97,-2.97
EVT_01379,24.20081,82.63129,4,MINING_COAL_SEAM_FIRE,Singrauli Coalfield (MP),HELD_OUT_TEST,NCL Open-cast Thermal Survey,0.98,32.9,337.91,321.8,681.1,370.04,16.1,9.21,2.0,0.0,4.3,0.01,0.867,0.022,0.111,0.758,0.682,0.0,22.0,5.0,2.18,198.0,0.481,0.349,0.381,-2.97,-2.97
EVT_01380,24.20395,82.73504,4,MINING_COAL_SEAM_FIRE,Singrauli Coalfield (MP),HELD_OUT_TEST,NCL Open-cast Thermal Survey,0.98,26.67,333.63,316.91,846.1,100.86,16.72,5.49,2.0,0.0,7.23,0.01,0.863,0.027,0.11,0.91,0.819,0.0,22.0,5.0,0.93,191.0,0.477,0.371,0.546,-2.97,-2.97
EVT_01381,24.22113,82.69198,4,MINING_COAL_SEAM_FIRE,Singrauli Coalfield (MP),HELD_OUT_TEST,NCL Open-cast Thermal Survey,0.98,33.72,324.69,322.2,500.0,1577.86,2.49,10.1,2.0,0.0,3.38,0.01,0.929,0.025,0.046,0.855,0.77,0.0,22.0,5.0,2.34,120.0,0.514,0.379,0.2,-2.97,-2.97
EVT_01382,24.15893,82.69061,4,MINING_COAL_SEAM_FIRE,Singrauli Coalfield (MP),HELD_OUT_TEST,NCL Open-cast Thermal Survey,0.98,17.54,338.31,315.03,509.1,2577.06,23.28,6.4,2.0,0.0,5.1,0.01,0.909,0.032,0.059,0.737,0.663,1.0,22.0,5.0,-0.89,132.0,0.502,0.432,0.209,-2.97,-2.97
EVT_01383,24.20361,82.66062,4,MINING_COAL_SEAM_FIRE,Singrauli Coalfield (MP),HELD_OUT_TEST,NCL Open-cast Thermal Survey,0.98,22.92,328.03,315.1,843.8,78.66,12.93,9.66,2.0,0.0,1.12,0.01,0.914,0.033,0.053,0.668,0.601,0.0,22.0,5.0,0.18,107.0,0.504,0.413,0.544,-2.97,-2.97
EVT_01384,24.18989,82.67227,4,MINING_COAL_SEAM_FIRE,Singrauli Coalfield (MP),HELD_OUT_TEST,NCL Open-cast Thermal Survey,0.98,12.89,333.99,317.84,846.2,102.48,16.15,8.53,2.0,0.0,1.15,0.01,0.847,0.038,0.114,0.887,0.798,1.0,22.0,5.0,-1.82,83.0,0.466,0.415,0.546,-2.97,-2.97
EVT_01385,24.16969,82.66956,4,MINING_COAL_SEAM_FIRE,Singrauli Coalfield (MP),HELD_OUT_TEST,NCL Open-cast Thermal Survey,0.98,17.29,331.0,318.67,845.2,90.01,12.34,6.36,2.0,0.0,3.36,0.01,0.849,0.034,0.117,0.698,0.628,0.0,22.0,5.0,-0.94,135.0,0.468,0.399,0.545,-2.97,-2.97
EVT_01386,24.15711,82.67472,4,MINING_COAL_SEAM_FIRE,Singrauli Coalfield (MP),HELD_OUT_TEST,NCL Open-cast Thermal Survey,0.98,15.57,332.91,315.53,500.0,2341.66,17.38,5.46,2.0,0.0,4.79,0.01,0.905,0.011,0.084,0.656,0.591,1.0,22.0,5.0,-1.29,122.0,0.504,0.441,0.2,-2.97,-2.97
EVT_01387,24.21372,82.6068,4,MINING_COAL_SEAM_FIRE,Singrauli Coalfield (MP),HELD_OUT_TEST,NCL Open-cast Thermal Survey,0.98,14.98,334.98,309.1,846.5,106.69,25.88,11.16,2.0,0.0,7.18,0.01,0.901,0.022,0.078,0.93,0.837,1.0,22.0,5.0,-1.4,193.0,0.499,0.439,0.546,-2.97,-2.97
EVT_01388,24.20962,82.65692,4,MINING_COAL_SEAM_FIRE,Singrauli Coalfield (MP),HELD_OUT_TEST,NCL Open-cast Thermal Survey,0.98,25.34,339.75,312.89,847.6,129.71,26.86,10.25,2.0,0.0,1.8,0.01,0.847,0.017,0.136,0.859,0.773,0.0,22.0,5.0,0.67,116.0,0.471,0.369,0.548,-2.97,-2.97
EVT_01389,24.18877,82.67168,4,MINING_COAL_SEAM_FIRE,Singrauli Coalfield (MP),HELD_OUT_TEST,NCL Open-cast Thermal Survey,0.98,18.5,328.93,313.0,844.3,81.97,15.93,8.39,2.0,0.0,1.26,0.01,0.896,0.02,0.084,0.787,0.709,0.0,22.0,5.0,-0.7,137.0,0.497,0.423,0.544,-2.97,-2.97
EVT_01390,24.22027,82.68635,4,MINING_COAL_SEAM_FIRE,Singrauli Coalfield (MP),HELD_OUT_TEST,NCL Open-cast Thermal Survey,0.98,24.62,339.51,313.34,847.6,128.52,26.17,10.64,2.0,0.0,2.89,0.01,0.912,0.037,0.051,0.67,0.603,1.0,22.0,5.0,0.52,190.0,0.502,0.404,0.548,-2.97,-2.97
EVT_01391,24.20081,82.69939,4,MINING_COAL_SEAM_FIRE,Singrauli Coalfield (MP),HELD_OUT_TEST,NCL Open-cast Thermal Survey,0.98,22.88,327.19,323.38,500.0,1794.82,3.82,9.1,2.0,0.0,3.26,0.01,0.873,0.028,0.099,0.613,0.552,0.0,22.0,5.0,0.18,100.0,0.483,0.391,0.2,-2.97,-2.97
EVT_01392,24.22094,82.68161,4,MINING_COAL_SEAM_FIRE,Singrauli Coalfield (MP),HELD_OUT_TEST,NCL Open-cast Thermal Survey,0.98,22.1,334.81,320.5,846.5,106.11,14.32,11.12,2.0,0.0,2.66,0.01,0.934,0.028,0.038,0.776,0.699,0.0,22.0,5.0,0.02,94.0,0.516,0.428,0.546,-2.97,-2.97
EVT_01393,24.20027,82.6268,4,MINING_COAL_SEAM_FIRE,Singrauli Coalfield (MP),HELD_OUT_TEST,NCL Open-cast Thermal Survey,0.98,33.9,335.01,319.4,846.5,106.98,15.61,9.21,2.0,0.0,4.8,0.01,0.861,0.015,0.124,0.688,0.619,0.0,22.0,5.0,2.38,96.0,0.479,0.343,0.546,-2.97,-2.97
EVT_01394,24.20253,82.65032,4,MINING_COAL_SEAM_FIRE,Singrauli Coalfield (MP),HELD_OUT_TEST,NCL Open-cast Thermal Survey,0.98,30.08,325.89,316.86,842.6,71.17,9.03,9.39,2.0,0.0,2.2,0.01,0.893,0.025,0.081,0.859,0.773,1.0,22.0,5.0,1.62,100.0,0.494,0.374,0.543,-2.97,-2.97
EVT_01395,24.24229,82.6757,4,MINING_COAL_SEAM_FIRE,Singrauli Coalfield (MP),HELD_OUT_TEST,NCL Open-cast Thermal Survey,0.98,35.1,330.42,312.3,844.9,87.66,18.12,12.38,2.0,0.0,4.74,0.01,0.898,0.017,0.085,0.796,0.717,0.0,22.0,5.0,2.62,82.0,0.499,0.358,0.545,-2.97,-2.97
EVT_01396,24.25,82.65038,4,MINING_COAL_SEAM_FIRE,Singrauli Coalfield (MP),HELD_OUT_TEST,NCL Open-cast Thermal Survey,0.98,13.33,327.72,317.98,843.6,77.56,9.74,14.65,2.0,0.0,5.96,0.01,0.926,0.016,0.058,0.839,0.755,1.0,22.0,5.0,-1.73,107.0,0.514,0.461,0.544,-2.97,-2.97
EVT_01397,24.19613,82.698,4,MINING_COAL_SEAM_FIRE,Singrauli Coalfield (MP),HELD_OUT_TEST,NCL Open-cast Thermal Survey,0.98,18.67,334.59,322.59,846.4,105.16,12.0,9.26,2.0,0.0,3.14,0.01,0.847,0.015,0.138,0.835,0.751,0.0,22.0,5.0,-0.67,128.0,0.471,0.396,0.546,-2.97,-2.97
EVT_01398,24.19922,82.68202,4,MINING_COAL_SEAM_FIRE,Singrauli Coalfield (MP),HELD_OUT_TEST,NCL Open-cast Thermal Survey,0.98,17.01,342.38,316.42,848.1,143.83,25.96,9.87,2.0,0.0,1.34,0.01,0.858,0.038,0.104,0.841,0.757,1.0,22.0,5.0,-1.0,108.0,0.473,0.404,0.548,-2.97,-2.97
EVT_01399,24.20359,82.63689,4,MINING_COAL_SEAM_FIRE,Singrauli Coalfield (MP),HELD_OUT_TEST,NCL Open-cast Thermal Survey,0.98,28.79,327.36,312.33,500.0,1797.02,15.03,9.47,2.0,0.0,3.7,0.01,0.935,0.011,0.054,0.681,0.613,0.0,22.0,5.0,1.36,148.0,0.52,0.405,0.2,-2.97,-2.97
EVT_01400,24.2067,82.69573,4,MINING_COAL_SEAM_FIRE,Singrauli Coalfield (MP),HELD_OUT_TEST,NCL Open-cast Thermal Survey,0.98,24.27,330.71,320.85,845.0,88.86,9.86,9.49,2.0,0.0,2.95,0.01,0.87,0.031,0.099,0.904,0.814,0.0,22.0,5.0,0.45,81.0,0.481,0.383,0.545,-2.97,-2.97
EVT_01401,24.18505,82.67652,4,MINING_COAL_SEAM_FIRE,Singrauli Coalfield (MP),HELD_OUT_TEST,NCL Open-cast Thermal Survey,0.98,31.91,343.32,314.4,848.2,149.09,28.92,8.21,2.0,0.0,1.81,0.01,0.845,0.032,0.122,0.759,0.683,0.0,22.0,5.0,1.98,100.0,0.467,0.339,0.548,-2.97,-2.97
EVT_01402,24.23826,82.66489,4,MINING_COAL_SEAM_FIRE,Singrauli Coalfield (MP),HELD_OUT_TEST,NCL Open-cast Thermal Survey,0.98,27.08,331.56,312.7,845.4,92.19,18.86,13.26,2.0,0.0,4.28,0.01,0.843,0.029,0.129,0.668,0.601,0.0,22.0,5.0,1.02,111.0,0.466,0.358,0.545,-2.97,-2.97
EVT_01403,24.1884,82.67281,4,MINING_COAL_SEAM_FIRE,Singrauli Coalfield (MP),HELD_OUT_TEST,NCL Open-cast Thermal Survey,0.98,13.12,333.2,319.04,557.4,1068.65,14.16,8.4,2.0,0.0,1.33,0.01,0.928,0.027,0.045,0.72,0.648,1.0,22.0,5.0,-1.78,116.0,0.513,0.461,0.257,-2.97,-2.97
EVT_01404,24.19728,82.7086,4,MINING_COAL_SEAM_FIRE,Singrauli Coalfield (MP),HELD_OUT_TEST,NCL Open-cast Thermal Survey,0.98,23.63,327.77,316.61,515.1,1464.88,11.16,8.18,2.0,0.0,4.29,0.01,0.904,0.024,0.072,0.799,0.72,0.0,22.0,5.0,0.33,102.0,0.501,0.406,0.215,-2.97,-2.97
EVT_01405,24.25434,82.61157,4,MINING_COAL_SEAM_FIRE,Singrauli Coalfield (MP),HELD_OUT_TEST,NCL Open-cast Thermal Survey,0.98,26.54,323.35,315.66,500.0,1463.49,7.69,15.41,2.0,0.0,8.86,0.01,0.939,0.022,0.039,0.834,0.751,1.0,22.0,5.0,0.91,106.0,0.52,0.414,0.2,-2.97,-2.97
EVT_01406,24.21387,82.65502,4,MINING_COAL_SEAM_FIRE,Singrauli Coalfield (MP),HELD_OUT_TEST,NCL Open-cast Thermal Survey,0.98,15.33,333.73,309.85,846.1,101.24,23.88,10.69,2.0,0.0,2.27,0.01,0.917,0.032,0.051,0.766,0.69,0.0,22.0,5.0,-1.33,90.0,0.506,0.445,0.546,-2.97,-2.97
EVT_01407,24.2201,82.65259,4,MINING_COAL_SEAM_FIRE,Singrauli Coalfield (MP),HELD_OUT_TEST,NCL Open-cast Thermal Survey,0.98,13.49,336.57,317.24,846.9,114.15,19.34,11.35,2.0,0.0,2.95,0.01,0.851,0.023,0.126,0.809,0.728,0.0,22.0,5.0,-1.7,181.0,0.472,0.418,0.547,-2.97,-2.97
EVT_01408,24.15762,82.64762,4,MINING_COAL_SEAM_FIRE,Singrauli Coalfield (MP),HELD_OUT_TEST,NCL Open-cast Thermal Survey,0.98,17.38,335.26,316.57,532.8,1612.19,18.69,4.39,2.0,0.0,5.32,0.01,0.938,0.037,0.024,0.849,0.764,0.0,22.0,5.0,-0.92,176.0,0.517,0.447,0.233,-2.97,-2.97
EVT_01409,24.16699,82.63761,4,MINING_COAL_SEAM_FIRE,Singrauli Coalfield (MP),HELD_OUT_TEST,NCL Open-cast Thermal Survey,0.98,37.52,335.85,319.46,846.7,110.81,16.39,5.41,2.0,0.0,5.13,0.01,0.909,0.017,0.074,0.849,0.764,0.0,22.0,5.0,3.1,170.0,0.505,0.355,0.547,-2.97,-2.97
EVT_01410,24.17623,82.66288,4,MINING_COAL_SEAM_FIRE,Singrauli Coalfield (MP),HELD_OUT_TEST,NCL Open-cast Thermal Survey,0.98,21.71,341.54,320.48,847.9,139.31,21.06,6.78,2.0,0.0,2.75,0.01,0.865,0.028,0.107,0.86,0.774,0.0,22.0,5.0,-0.06,93.0,0.478,0.392,0.548,-2.97,-2.97
EVT_01411,24.17113,82.62797,4,MINING_COAL_SEAM_FIRE,Singrauli Coalfield (MP),HELD_OUT_TEST,NCL Open-cast Thermal Survey,0.98,23.68,339.37,305.79,847.5,127.6,33.58,6.01,2.0,0.0,5.66,0.01,0.915,0.021,0.064,0.773,0.695,1.0,22.0,5.0,0.34,124.0,0.507,0.413,0.547,-2.97,-2.97
EVT_01412,24.18958,82.70403,4,MINING_COAL_SEAM_FIRE,Singrauli Coalfield (MP),HELD_OUT_TEST,NCL Open-cast Thermal Survey,0.98,32.93,340.0,315.68,847.7,131.08,24.32,8.72,2.0,0.0,3.95,0.01,0.869,0.026,0.105,0.924,0.832,1.0,22.0,5.0,2.19,138.0,0.481,0.349,0.548,-2.97,-2.97
EVT_01413,24.21826,82.64846,4,MINING_COAL_SEAM_FIRE,Singrauli Coalfield (MP),HELD_OUT_TEST,NCL Open-cast Thermal Survey,0.98,29.51,331.55,316.03,845.4,92.2,15.52,11.12,2.0,0.0,3.13,0.01,0.912,0.011,0.077,0.748,0.673,0.0,22.0,5.0,1.5,182.0,0.508,0.39,0.545,-2.97,-2.97
EVT_01414,24.2099,82.62143,4,MINING_COAL_SEAM_FIRE,Singrauli Coalfield (MP),HELD_OUT_TEST,NCL Open-cast Thermal Survey,0.98,32.41,337.84,313.88,847.2,120.16,23.96,10.36,2.0,0.0,5.5,0.01,0.86,0.026,0.113,0.912,0.821,0.0,22.0,5.0,2.08,124.0,0.476,0.346,0.547,-2.97,-2.97
EVT_01415,24.21248,82.74829,4,MINING_COAL_SEAM_FIRE,Singrauli Coalfield (MP),HELD_OUT_TEST,NCL Open-cast Thermal Survey,0.98,24.69,326.35,314.86,842.9,72.74,11.49,4.33,2.0,0.0,8.8,0.01,0.858,0.026,0.116,0.74,0.666,0.0,22.0,5.0,0.54,164.0,0.475,0.376,0.543,-2.97,-2.97
EVT_01416,24.22347,82.65708,4,MINING_COAL_SEAM_FIRE,Singrauli Coalfield (MP),HELD_OUT_TEST,NCL Open-cast Thermal Survey,0.98,17.44,337.37,313.52,847.1,117.9,23.85,11.78,2.0,0.0,2.97,0.01,0.881,0.036,0.083,0.702,0.632,1.0,22.0,5.0,-0.91,89.0,0.486,0.416,0.547,-2.97,-2.97
EVT_01417,24.23603,82.65349,4,MINING_COAL_SEAM_FIRE,Singrauli Coalfield (MP),HELD_OUT_TEST,NCL Open-cast Thermal Survey,0.98,24.06,336.61,316.83,846.9,114.32,19.78,13.13,2.0,0.0,4.4,0.01,0.938,0.034,0.028,0.636,0.573,0.0,22.0,5.0,0.41,121.0,0.517,0.421,0.547,-2.97,-2.97
EVT_01418,24.24846,82.65569,4,MINING_COAL_SEAM_FIRE,Singrauli Coalfield (MP),HELD_OUT_TEST,NCL Open-cast Thermal Survey,0.98,22.99,334.26,317.95,846.3,103.64,16.31,14.52,2.0,0.0,5.61,0.01,0.92,0.018,0.062,0.623,0.561,0.0,22.0,5.0,0.2,191.0,0.511,0.419,0.546,-2.97,-2.97
EVT_01419,24.20066,82.65176,4,MINING_COAL_SEAM_FIRE,Singrauli Coalfield (MP),HELD_OUT_TEST,NCL Open-cast Thermal Survey,0.98,28.67,336.09,313.09,500.0,2686.51,23.0,9.2,2.0,0.0,2.03,0.01,0.934,0.027,0.039,0.923,0.831,0.0,22.0,5.0,1.33,138.0,0.517,0.402,0.2,-2.97,-2.97
EVT_01420,24.1999,82.63187,4,MINING_COAL_SEAM_FIRE,Singrauli Coalfield (MP),HELD_OUT_TEST,NCL Open-cast Thermal Survey,0.98,36.35,337.96,317.8,847.2,120.82,20.16,9.1,2.0,0.0,4.23,0.01,0.902,0.017,0.081,0.711,0.64,1.0,22.0,5.0,2.87,93.0,0.501,0.356,0.547,-2.97,-2.97
EVT_01421,18.46365,75.89428,5,OTHER_THERMAL_ANOMALY,Deccan Bare Plateau,HELD_OUT_TEST,General Anomaly Audit,0.98,5.37,312.31,314.08,825.5,33.97,-1.76,37.83,2.0,0.0,868.0,0.01,0.845,0.021,0.134,0.02,0.018,1.0,4.0,2.0,0.69,2.0,0.469,0.447,0.525,-2.97,-2.97
EVT_01422,18.57877,75.76796,5,OTHER_THERMAL_ANOMALY,Deccan Bare Plateau,HELD_OUT_TEST,General Anomaly Audit,0.98,9.02,318.46,313.21,835.9,48.76,5.26,28.22,2.0,0.0,874.0,0.01,0.88,0.02,0.1,0.036,0.032,1.0,4.0,2.0,2.51,2.0,0.488,0.452,0.536,-2.97,-2.97
EVT_01423,18.53806,75.88043,5,OTHER_THERMAL_ANOMALY,Deccan Bare Plateau,HELD_OUT_TEST,General Anomaly Audit,0.98,8.07,310.63,313.6,546.8,325.92,-2.97,38.44,2.0,0.0,865.27,0.01,0.802,0.029,0.169,0.045,0.041,1.0,4.0,2.0,2.04,2.0,0.444,0.411,0.247,-2.97,-2.97
EVT_01424,18.46563,75.84576,5,OTHER_THERMAL_ANOMALY,Deccan Bare Plateau,HELD_OUT_TEST,General Anomaly Audit,0.98,1.68,321.17,306.44,838.9,56.26,14.73,41.27,2.0,0.0,872.57,0.01,0.873,0.036,0.091,0.03,0.027,1.0,4.0,2.0,-1.16,2.0,0.481,0.474,0.539,-2.97,-2.97
EVT_01425,18.49022,75.86753,5,OTHER_THERMAL_ANOMALY,Deccan Bare Plateau,HELD_OUT_TEST,General Anomaly Audit,0.98,6.27,318.04,307.64,835.4,47.61,10.4,40.12,2.0,0.0,869.12,0.01,0.855,0.012,0.134,0.039,0.035,1.0,4.0,2.0,1.14,2.0,0.476,0.451,0.535,-2.97,-2.97
EVT_01426,18.51154,75.86216,5,OTHER_THERMAL_ANOMALY,Deccan Bare Plateau,HELD_OUT_TEST,General Anomaly Audit,0.98,2.52,323.15,312.26,840.6,62.23,10.88,40.29,2.0,0.0,868.48,0.01,0.829,0.012,0.159,0.049,0.044,1.0,4.0,2.0,-0.74,2.0,0.462,0.452,0.541,-2.97,-2.97
EVT_01427,18.52459,75.87329,5,OTHER_THERMAL_ANOMALY,Deccan Bare Plateau,HELD_OUT_TEST,General Anomaly Audit,0.98,8.51,315.96,315.69,832.4,42.38,0.27,39.21,2.0,0.0,866.69,0.01,0.807,0.024,0.169,0.002,0.001,1.0,4.0,2.0,2.26,2.0,0.447,0.413,0.532,-2.97,-2.97
EVT_01428,18.52751,75.83456,5,OTHER_THERMAL_ANOMALY,Deccan Bare Plateau,HELD_OUT_TEST,General Anomaly Audit,0.98,1.03,308.98,307.89,816.7,27.09,1.09,36.9,2.0,0.0,870.28,0.01,0.863,0.022,0.115,0.036,0.032,1.0,4.0,2.0,-1.48,2.0,0.478,0.474,0.517,-2.97,-2.97
EVT_01429,18.46809,75.86224,5,OTHER_THERMAL_ANOMALY,Deccan Bare Plateau,HELD_OUT_TEST,General Anomaly Audit,0.98,9.26,323.88,309.48,841.2,64.52,14.41,41.05,2.0,0.0,870.84,0.01,0.857,0.028,0.116,0.019,0.017,1.0,4.0,2.0,2.63,2.0,0.474,0.437,0.541,-2.97,-2.97
EVT_01430,18.51415,75.87458,5,OTHER_THERMAL_ANOMALY,Deccan Bare Plateau,HELD_OUT_TEST,General Anomaly Audit,0.98,1.44,317.87,308.99,835.1,47.19,8.88,39.13,2.0,0.0,867.13,0.01,0.788,0.035,0.176,0.007,0.006,1.0,4.0,2.0,-1.28,2.0,0.435,0.429,0.535,-2.97,-2.97
EVT_01431,18.51601,75.84961,5,OTHER_THERMAL_ANOMALY,Deccan Bare Plateau,HELD_OUT_TEST,General Anomaly Audit,0.98,6.62,310.05,308.83,500.0,601.9,1.22,38.88,2.0,0.0,869.45,0.01,0.829,0.011,0.16,0.034,0.031,1.0,4.0,2.0,1.31,2.0,0.462,0.435,0.2,-2.97,-2.97
EVT_01432,18.554,75.86552,5,OTHER_THERMAL_ANOMALY,Deccan Bare Plateau,HELD_OUT_TEST,General Anomaly Audit,0.98,2.8,318.2,311.6,507.0,973.91,6.6,38.84,2.0,0.0,865.85,0.01,0.812,0.01,0.177,0.044,0.04,1.0,4.0,2.0,-0.6,2.0,0.453,0.442,0.207,-2.97,-2.97
EVT_01433,18.47817,75.87423,5,OTHER_THERMAL_ANOMALY,Deccan Bare Plateau,HELD_OUT_TEST,General Anomaly Audit,0.98,9.08,314.11,305.06,829.2,37.95,9.06,39.61,2.0,0.0,869.13,0.01,0.863,0.019,0.119,0.007,0.007,1.0,4.0,2.0,2.54,2.0,0.479,0.443,0.529,-2.97,-2.97
EVT_01434,18.45293,75.81397,5,OTHER_THERMAL_ANOMALY,Deccan Bare Plateau,HELD_OUT_TEST,General Anomaly Audit,0.98,7.16,315.55,314.22,831.7,41.38,1.33,39.33,2.0,0.0,876.33,0.01,0.795,0.035,0.169,0.031,0.028,1.0,4.0,2.0,1.58,2.0,0.438,0.41,0.532,-2.97,-2.97
EVT_01435,18.54952,75.81852,5,OTHER_THERMAL_ANOMALY,Deccan Bare Plateau,HELD_OUT_TEST,General Anomaly Audit,0.98,3.79,311.09,306.53,500.0,655.03,4.56,34.37,2.0,0.0,870.65,0.01,0.836,0.036,0.128,0.037,0.034,1.0,4.0,2.0,-0.1,2.0,0.461,0.446,0.2,-2.97,-2.97
EVT_01436,18.55856,75.81131,5,OTHER_THERMAL_ANOMALY,Deccan Bare Plateau,HELD_OUT_TEST,General Anomaly Audit,0.98,4.61,312.5,311.36,826.0,34.36,1.14,33.29,2.0,0.0,870.86,0.01,0.816,0.02,0.165,0.024,0.022,1.0,4.0,2.0,0.3,2.0,0.453,0.435,0.526,-2.97,-2.97
EVT_01437,18.48363,75.87386,5,OTHER_THERMAL_ANOMALY,Deccan Bare Plateau,HELD_OUT_TEST,General Anomaly Audit,0.98,6.09,316.35,310.49,833.0,43.32,5.86,39.55,2.0,0.0,868.87,0.01,0.787,0.036,0.177,0.031,0.028,1.0,4.0,2.0,1.04,2.0,0.434,0.41,0.533,-2.97,-2.97
EVT_01438,18.54806,75.79767,5,OTHER_THERMAL_ANOMALY,Deccan Bare Plateau,HELD_OUT_TEST,General Anomaly Audit,0.98,7.52,315.24,310.9,611.7,216.77,4.34,32.41,2.0,0.0,872.75,0.01,0.786,0.034,0.18,0.022,0.02,1.0,4.0,2.0,1.76,2.0,0.434,0.404,0.312,-2.97,-2.97
EVT_01439,18.52179,75.80701,5,OTHER_THERMAL_ANOMALY,Deccan Bare Plateau,HELD_OUT_TEST,General Anomaly Audit,0.98,4.07,311.01,316.85,822.4,31.21,-5.84,34.58,2.0,0.0,873.26,0.01,0.811,0.023,0.166,0.023,0.021,1.0,4.0,2.0,0.03,2.0,0.45,0.433,0.522,-2.97,-2.97
EVT_01440,18.55211,75.78158,5,OTHER_THERMAL_ANOMALY,Deccan Bare Plateau,HELD_OUT_TEST,General Anomaly Audit,0.98,5.29,309.39,310.01,817.9,27.91,-0.62,30.68,2.0,0.0,874.1,0.01,0.782,0.03,0.187,0.043,0.039,1.0,4.0,2.0,0.65,2.0,0.432,0.411,0.518,-2.97,-2.97
EVT_01441,18.47598,75.85639,5,OTHER_THERMAL_ANOMALY,Deccan Bare Plateau,HELD_OUT_TEST,General Anomaly Audit,0.98,3.64,313.13,313.4,515.0,614.34,-0.27,41.51,2.0,0.0,870.98,0.01,0.844,0.037,0.119,0.041,0.037,1.0,4.0,2.0,-0.18,2.0,0.465,0.45,0.215,-2.97,-2.97
EVT_01442,18.56784,75.8758,5,OTHER_THERMAL_ANOMALY,Deccan Bare Plateau,HELD_OUT_TEST,General Anomaly Audit,0.98,1.63,317.19,313.98,834.2,45.45,3.2,39.09,2.0,0.0,864.1,0.01,0.788,0.032,0.18,0.025,0.023,1.0,4.0,2.0,-1.19,2.0,0.435,0.429,0.534,-2.97,-2.97
EVT_01443,18.54115,75.85217,5,OTHER_THERMAL_ANOMALY,Deccan Bare Plateau,HELD_OUT_TEST,General Anomaly Audit,0.98,2.9,316.61,306.39,500.0,975.75,10.22,38.01,2.0,0.0,867.84,0.01,0.852,0.032,0.116,0.031,0.028,1.0,4.0,2.0,-0.55,2.0,0.47,0.459,0.2,-2.97,-2.97
EVT_01444,18.53218,75.86085,5,OTHER_THERMAL_ANOMALY,Deccan Bare Plateau,HELD_OUT_TEST,General Anomaly Audit,0.98,7.18,314.11,308.19,829.2,37.95,5.92,39.23,2.0,0.0,867.48,0.01,0.799,0.027,0.174,0.025,0.022,1.0,4.0,2.0,1.59,2.0,0.442,0.414,0.529,-2.97,-2.97
EVT_01445,18.46021,75.79967,5,OTHER_THERMAL_ANOMALY,Deccan Bare Plateau,HELD_OUT_TEST,General Anomaly Audit,0.98,1.24,313.49,313.8,828.0,36.58,-0.31,37.64,2.0,0.0,877.32,0.01,0.866,0.039,0.096,0.003,0.003,1.0,4.0,2.0,-1.38,2.0,0.477,0.472,0.528,-2.97,-2.97
EVT_01446,18.48418,75.89976,5,OTHER_THERMAL_ANOMALY,Deccan Bare Plateau,HELD_OUT_TEST,General Anomaly Audit,0.98,8.6,315.72,311.45,500.0,923.4,4.27,36.85,2.0,0.0,866.34,0.01,0.818,0.024,0.158,0.038,0.034,1.0,4.0,2.0,2.3,2.0,0.453,0.419,0.2,-2.97,-2.97
EVT_01447,18.49941,75.81892,5,OTHER_THERMAL_ANOMALY,Deccan Bare Plateau,HELD_OUT_TEST,General Anomaly Audit,0.98,7.52,316.24,310.66,531.8,600.48,5.58,36.89,2.0,0.0,873.32,0.01,0.789,0.012,0.2,0.023,0.021,1.0,4.0,2.0,1.76,2.0,0.44,0.41,0.232,-2.97,-2.97
EVT_01448,18.49757,75.7721,5,OTHER_THERMAL_ANOMALY,Deccan Bare Plateau,HELD_OUT_TEST,General Anomaly Audit,0.98,2.17,315.48,313.57,544.8,480.76,1.91,32.84,2.0,0.0,877.96,0.01,0.851,0.026,0.123,0.04,0.036,1.0,4.0,2.0,-0.91,2.0,0.471,0.462,0.245,-2.97,-2.97
EVT_01449,18.48937,75.85108,5,OTHER_THERMAL_ANOMALY,Deccan Bare Plateau,HELD_OUT_TEST,General Anomaly Audit,0.98,1.84,317.68,310.76,563.6,437.28,6.92,40.38,2.0,0.0,870.76,0.01,0.87,0.019,0.111,0.013,0.012,1.0,4.0,2.0,-1.08,2.0,0.483,0.476,0.264,-2.97,-2.97
EVT_01450,18.53658,75.92332,5,OTHER_THERMAL_ANOMALY,Deccan Bare Plateau,HELD_OUT_TEST,General Anomaly Audit,0.98,3.7,308.85,315.27,500.0,544.01,-6.42,33.91,2.0,0.0,861.2,0.01,0.854,0.032,0.113,0.002,0.002,1.0,4.0,2.0,-0.15,2.0,0.471,0.457,0.2,-2.97,-2.97
EVT_01451,18.56048,75.89812,5,OTHER_THERMAL_ANOMALY,Deccan Bare Plateau,HELD_OUT_TEST,General Anomaly Audit,0.98,3.76,314.84,314.16,523.4,615.44,0.68,36.67,2.0,0.0,862.34,0.01,0.786,0.02,0.193,0.005,0.005,1.0,4.0,2.0,-0.12,2.0,0.437,0.421,0.223,-2.97,-2.97
EVT_01452,18.52209,75.88137,5,OTHER_THERMAL_ANOMALY,Deccan Bare Plateau,HELD_OUT_TEST,General Anomaly Audit,0.98,2.92,317.61,308.16,834.8,46.49,9.44,38.37,2.0,0.0,866.04,0.01,0.803,0.025,0.171,0.013,0.012,1.0,4.0,2.0,-0.54,2.0,0.445,0.433,0.535,-2.97,-2.97
EVT_01453,18.48883,75.83394,5,OTHER_THERMAL_ANOMALY,Deccan Bare Plateau,HELD_OUT_TEST,General Anomaly Audit,0.98,6.13,319.22,309.6,568.4,453.43,9.62,38.85,2.0,0.0,872.44,0.01,0.8,0.015,0.185,0.044,0.04,1.0,4.0,2.0,1.07,2.0,0.445,0.421,0.268,-2.97,-2.97
EVT_01454,18.47919,75.93411,5,OTHER_THERMAL_ANOMALY,Deccan Bare Plateau,HELD_OUT_TEST,General Anomaly Audit,0.98,7.76,319.44,311.81,837.1,51.4,7.63,33.37,2.0,0.0,863.31,0.01,0.82,0.016,0.164,0.047,0.042,1.0,4.0,2.0,1.88,2.0,0.456,0.425,0.537,-2.97,-2.97
EVT_01455,18.48586,75.85446,5,OTHER_THERMAL_ANOMALY,Deccan Bare Plateau,HELD_OUT_TEST,General Anomaly Audit,0.98,4.57,311.29,307.99,554.3,311.91,3.3,40.89,2.0,0.0,870.62,0.01,0.783,0.03,0.187,0.006,0.005,1.0,4.0,2.0,0.28,2.0,0.433,0.415,0.254,-2.97,-2.97
EVT_01456,18.57365,75.87839,5,OTHER_THERMAL_ANOMALY,Deccan Bare Plateau,HELD_OUT_TEST,General Anomaly Audit,0.98,3.62,311.87,310.98,500.0,699.06,0.89,38.88,2.0,0.0,863.54,0.01,0.864,0.032,0.103,0.006,0.006,1.0,4.0,2.0,-0.19,2.0,0.477,0.463,0.2,-2.97,-2.97
EVT_01457,18.49944,75.81133,5,OTHER_THERMAL_ANOMALY,Deccan Bare Plateau,HELD_OUT_TEST,General Anomaly Audit,0.98,8.21,315.35,311.3,831.4,40.89,4.05,36.2,2.0,0.0,874.05,0.01,0.801,0.034,0.165,0.013,0.012,1.0,4.0,2.0,2.11,2.0,0.442,0.409,0.531,-2.97,-2.97
EVT_01458,18.55956,75.89063,5,OTHER_THERMAL_ANOMALY,Deccan Bare Plateau,HELD_OUT_TEST,General Anomaly Audit,0.98,7.62,323.27,315.14,840.7,62.64,8.14,37.45,2.0,0.0,863.11,0.01,0.815,0.036,0.149,0.014,0.012,1.0,4.0,2.0,1.81,2.0,0.449,0.419,0.541,-2.97,-2.97
EVT_01459,18.53592,75.78428,5,OTHER_THERMAL_ANOMALY,Deccan Bare Plateau,HELD_OUT_TEST,General Anomaly Audit,0.98,8.58,307.38,304.86,811.2,24.02,2.52,31.73,2.0,0.0,874.71,0.01,0.853,0.024,0.123,0.04,0.036,1.0,4.0,2.0,2.29,2.0,0.473,0.438,0.511,-2.97,-2.97
EVT_01460,18.55455,75.79406,5,OTHER_THERMAL_ANOMALY,Deccan Bare Plateau,HELD_OUT_TEST,General Anomaly Audit,0.98,5.18,314.31,307.18,829.6,38.43,7.13,31.78,2.0,0.0,872.76,0.01,0.848,0.022,0.13,0.049,0.044,1.0,4.0,2.0,0.59,2.0,0.47,0.449,0.53,-2.97,-2.97
